occurrenceID,identifier,dc:type,comments,dcterms:rights,CreateDate,captureDevice,resourceCreationTechnique,accessURI,dc:format,serviceExpectation
re_l_he_1_2023-08-13_0001_1,re_l_he_1_2023-08-13_0001.JPG,StillImage,,CC-BY4.0,2023-08-12T23:00:00Z,,time lapse,national_monitoring/images_renamed/borgefjell/re_l_he_1/2024/re_l_he_1_2023-08-13_0001.JPG,image/jpeg,authenticate
re_l_he_1_2023-08-28_0002_1,re_l_he_1_2023-08-28_0002.JPG,StillImage,,CC-BY4.0,2023-08-27T22:22:47Z,,activity detection,national_monitoring/images_renamed/borgefjell/re_l_he_1/2024/re_l_he_1_2023-08-28_0002.JPG,image/jpeg,authenticate
re_l_he_1_2023-09-02_0003_1,re_l_he_1_2023-09-02_0003.JPG,StillImage,,CC-BY4.0,2023-09-02T01:17:02Z,,activity detection,national_monitoring/images_renamed/borgefjell/re_l_he_1/2024/re_l_he_1_2023-09-02_0003.JPG,image/jpeg,authenticate
re_l_he_1_2023-09-02_0020_1,re_l_he_1_2023-09-02_0020.JPG,StillImage,,CC-BY4.0,2023-09-02T19:32:55Z,,activity detection,national_monitoring/images_renamed/borgefjell/re_l_he_1/2024/re_l_he_1_2023-09-02_0020.JPG,image/jpeg,authenticate
re_l_he_1_2023-09-15_0004_1,re_l_he_1_2023-09-15_0004.JPG,StillImage,,CC-BY4.0,2023-09-15T18:36:49Z,,activity detection,national_monitoring/images_renamed/borgefjell/re_l_he_1/2024/re_l_he_1_2023-09-15_0004.JPG,image/jpeg,authenticate
re_l_he_1_2023-09-27_0002_1,re_l_he_1_2023-09-27_0002.JPG,StillImage,,CC-BY4.0,2023-09-27T10:10:05Z,,activity detection,national_monitoring/images_renamed/borgefjell/re_l_he_1/2024/re_l_he_1_2023-09-27_0002.JPG,image/jpeg,authenticate
re_l_he_1_2023-09-28_0016_1,re_l_he_1_2023-09-28_0016.JPG,StillImage,,CC-BY4.0,2023-09-28T19:07:32Z,,activity detection,national_monitoring/images_renamed/borgefjell/re_l_he_1/2024/re_l_he_1_2023-09-28_0016.JPG,image/jpeg,authenticate
re_l_he_1_2023-09-29_0009_1,re_l_he_1_2023-09-29_0009.JPG,StillImage,,CC-BY4.0,2023-09-29T09:43:40Z,,activity detection,national_monitoring/images_renamed/borgefjell/re_l_he_1/2024/re_l_he_1_2023-09-29_0009.JPG,image/jpeg,authenticate
re_l_he_1_2023-10-03_0004_1,re_l_he_1_2023-10-03_0004.JPG,StillImage,,CC-BY4.0,2023-10-03T11:00:00Z,,time lapse,national_monitoring/images_renamed/borgefjell/re_l_he_1/2024/re_l_he_1_2023-10-03_0004.JPG,image/jpeg,authenticate
re_l_he_1_2023-10-18_0050_1,re_l_he_1_2023-10-18_0050.JPG,StillImage,,CC-BY4.0,2023-10-18T04:22:07Z,,activity detection,national_monitoring/images_renamed/borgefjell/re_l_he_1/2024/re_l_he_1_2023-10-18_0050.JPG,image/jpeg,authenticate
re_l_he_1_2023-10-18_0107_1,re_l_he_1_2023-10-18_0107.JPG,StillImage,,CC-BY4.0,2023-10-18T09:41:33Z,,activity detection,national_monitoring/images_renamed/borgefjell/re_l_he_1/2024/re_l_he_1_2023-10-18_0107.JPG,image/jpeg,authenticate
re_l_he_1_2023-10-18_0139_1,re_l_he_1_2023-10-18_0139.JPG,StillImage,,CC-BY4.0,2023-10-18T15:17:00Z,,activity detection,national_monitoring/images_renamed/borgefjell/re_l_he_1/2024/re_l_he_1_2023-10-18_0139.JPG,image/jpeg,authenticate
re_l_he_1_2023-11-16_0002_1,re_l_he_1_2023-11-16_0002.JPG,StillImage,,CC-BY4.0,2023-11-16T05:54:55Z,,activity detection,national_monitoring/images_renamed/borgefjell/re_l_he_1/2024/re_l_he_1_2023-11-16_0002.JPG,image/jpeg,authenticate
re_l_he_1_2023-12-27_0001_1,re_l_he_1_2023-12-27_0001.JPG,StillImage,,CC-BY4.0,2023-12-26T23:00:00Z,,time lapse,national_monitoring/images_renamed/borgefjell/re_l_he_1/2024/re_l_he_1_2023-12-27_0001.JPG,image/jpeg,authenticate
re_l_he_1_2024-01-01_0006_1,re_l_he_1_2024-01-01_0006.JPG,StillImage,,CC-BY4.0,2024-01-01T14:20:42Z,,activity detection,national_monitoring/images_renamed/borgefjell/re_l_he_1/2024/re_l_he_1_2024-01-01_0006.JPG,image/jpeg,authenticate
re_l_he_1_2024-01-12_0007_1,re_l_he_1_2024-01-12_0007.JPG,StillImage,,CC-BY4.0,2024-01-12T08:50:50Z,,activity detection,national_monitoring/images_renamed/borgefjell/re_l_he_1/2024/re_l_he_1_2024-01-12_0007.JPG,image/jpeg,authenticate
re_l_he_1_2024-01-20_0010_1,re_l_he_1_2024-01-20_0010.JPG,StillImage,,CC-BY4.0,2024-01-20T11:00:00Z,,time lapse,national_monitoring/images_renamed/borgefjell/re_l_he_1/2024/re_l_he_1_2024-01-20_0010.JPG,image/jpeg,authenticate
re_l_he_1_2024-01-22_0004_1,re_l_he_1_2024-01-22_0004.JPG,StillImage,,CC-BY4.0,2024-01-22T11:00:00Z,,time lapse,national_monitoring/images_renamed/borgefjell/re_l_he_1/2024/re_l_he_1_2024-01-22_0004.JPG,image/jpeg,authenticate
re_l_he_1_2024-02-07_0001_1,re_l_he_1_2024-02-07_0001.JPG,StillImage,,CC-BY4.0,2024-02-06T23:00:00Z,,time lapse,national_monitoring/images_renamed/borgefjell/re_l_he_1/2024/re_l_he_1_2024-02-07_0001.JPG,image/jpeg,authenticate
re_l_he_1_2024-02-12_0010_1,re_l_he_1_2024-02-12_0010.JPG,StillImage,,CC-BY4.0,2024-02-12T15:48:46Z,,activity detection,national_monitoring/images_renamed/borgefjell/re_l_he_1/2024/re_l_he_1_2024-02-12_0010.JPG,image/jpeg,authenticate
re_l_he_1_2024-03-25_0013_1,re_l_he_1_2024-03-25_0013.JPG,StillImage,,CC-BY4.0,2024-03-25T16:02:01Z,,activity detection,national_monitoring/images_renamed/borgefjell/re_l_he_1/2024/re_l_he_1_2024-03-25_0013.JPG,image/jpeg,authenticate
re_l_he_1_2024-04-03_0002_1,re_l_he_1_2024-04-03_0002.JPG,StillImage,,CC-BY4.0,2024-04-02T23:20:52Z,,activity detection,national_monitoring/images_renamed/borgefjell/re_l_he_1/2024/re_l_he_1_2024-04-03_0002.JPG,image/jpeg,authenticate
re_l_he_1_2024-04-09_0035_1,re_l_he_1_2024-04-09_0035.JPG,StillImage,,CC-BY4.0,2024-04-09T15:57:45Z,,activity detection,national_monitoring/images_renamed/borgefjell/re_l_he_1/2024/re_l_he_1_2024-04-09_0035.JPG,image/jpeg,authenticate
re_l_he_1_2024-04-12_0028_1,re_l_he_1_2024-04-12_0028.JPG,StillImage,,CC-BY4.0,2024-04-12T16:27:18Z,,activity detection,national_monitoring/images_renamed/borgefjell/re_l_he_1/2024/re_l_he_1_2024-04-12_0028.JPG,image/jpeg,authenticate
re_l_he_1_2024-04-16_0002_1,re_l_he_1_2024-04-16_0002.JPG,StillImage,,CC-BY4.0,2024-04-16T00:13:04Z,,activity detection,national_monitoring/images_renamed/borgefjell/re_l_he_1/2024/re_l_he_1_2024-04-16_0002.JPG,image/jpeg,authenticate
re_l_he_1_2024-04-22_0003_1,re_l_he_1_2024-04-22_0003.JPG,StillImage,,CC-BY4.0,2024-04-22T10:12:07Z,,activity detection,national_monitoring/images_renamed/borgefjell/re_l_he_1/2024/re_l_he_1_2024-04-22_0003.JPG,image/jpeg,authenticate
re_l_he_1_2024-05-29_0001_1,re_l_he_1_2024-05-29_0001.JPG,StillImage,,CC-BY4.0,2024-05-28T23:00:00Z,,time lapse,national_monitoring/images_renamed/borgefjell/re_l_he_1/2024/re_l_he_1_2024-05-29_0001.JPG,image/jpeg,authenticate
re_l_he_1_2024-05-31_0004_1,re_l_he_1_2024-05-31_0004.JPG,StillImage,,CC-BY4.0,2024-05-31T08:10:46Z,,activity detection,national_monitoring/images_renamed/borgefjell/re_l_he_1/2024/re_l_he_1_2024-05-31_0004.JPG,image/jpeg,authenticate
re_l_he_1_2024-06-07_0001_1,re_l_he_1_2024-06-07_0001.JPG,StillImage,,CC-BY4.0,2024-06-06T23:00:00Z,,time lapse,national_monitoring/images_renamed/borgefjell/re_l_he_1/2024/re_l_he_1_2024-06-07_0001.JPG,image/jpeg,authenticate
re_l_he_1_2024-06-12_0004_1,re_l_he_1_2024-06-12_0004.JPG,StillImage,,CC-BY4.0,2024-06-12T02:22:32Z,,activity detection,national_monitoring/images_renamed/borgefjell/re_l_he_1/2024/re_l_he_1_2024-06-12_0004.JPG,image/jpeg,authenticate
re_l_he_1_2024-06-16_0004_1,re_l_he_1_2024-06-16_0004.JPG,StillImage,,CC-BY4.0,2024-06-16T04:28:19Z,,activity detection,national_monitoring/images_renamed/borgefjell/re_l_he_1/2024/re_l_he_1_2024-06-16_0004.JPG,image/jpeg,authenticate
re_l_he_1_2024-06-23_0003_1,re_l_he_1_2024-06-23_0003.JPG,StillImage,,CC-BY4.0,2024-06-22T23:22:12Z,,activity detection,national_monitoring/images_renamed/borgefjell/re_l_he_1/2024/re_l_he_1_2024-06-23_0003.JPG,image/jpeg,authenticate
re_l_he_1_2024-06-25_0005_1,re_l_he_1_2024-06-25_0005.JPG,StillImage,,CC-BY4.0,2024-06-25T07:31:56Z,,activity detection,national_monitoring/images_renamed/borgefjell/re_l_he_1/2024/re_l_he_1_2024-06-25_0005.JPG,image/jpeg,authenticate
re_l_he_1_2024-07-14_0009_1,re_l_he_1_2024-07-14_0009.JPG,StillImage,,CC-BY4.0,2024-07-14T09:46:56Z,,activity detection,national_monitoring/images_renamed/borgefjell/re_l_he_1/2024/re_l_he_1_2024-07-14_0009.JPG,image/jpeg,authenticate
re_l_he_1_2024-07-19_0005_1,re_l_he_1_2024-07-19_0005.JPG,StillImage,,CC-BY4.0,2024-07-19T00:18:33Z,,activity detection,national_monitoring/images_renamed/borgefjell/re_l_he_1/2024/re_l_he_1_2024-07-19_0005.JPG,image/jpeg,authenticate
re_l_he_1_2024-07-22_0011_1,re_l_he_1_2024-07-22_0011.JPG,StillImage,,CC-BY4.0,2024-07-22T15:34:19Z,,activity detection,national_monitoring/images_renamed/borgefjell/re_l_he_1/2024/re_l_he_1_2024-07-22_0011.JPG,image/jpeg,authenticate
re_l_he_2_2023-08-12_0002_1,re_l_he_2_2023-08-12_0002.JPG,StillImage,,CC-BY4.0,2023-08-12T11:00:00Z,,time lapse,national_monitoring/images_renamed/borgefjell/re_l_he_2/2024/re_l_he_2_2023-08-12_0002.JPG,image/jpeg,authenticate
re_l_he_2_2023-08-15_0005_1,re_l_he_2_2023-08-15_0005.JPG,StillImage,,CC-BY4.0,2023-08-15T16:52:21Z,,activity detection,national_monitoring/images_renamed/borgefjell/re_l_he_2/2024/re_l_he_2_2023-08-15_0005.JPG,image/jpeg,authenticate
re_l_he_2_2023-11-22_0004_1,re_l_he_2_2023-11-22_0004.JPG,StillImage,,CC-BY4.0,2023-11-22T09:37:24Z,,activity detection,national_monitoring/images_renamed/borgefjell/re_l_he_2/2024/re_l_he_2_2023-11-22_0004.JPG,image/jpeg,authenticate
re_l_he_2_2023-11-25_0004_1,re_l_he_2_2023-11-25_0004.JPG,StillImage,,CC-BY4.0,2023-11-25T11:00:00Z,,time lapse,national_monitoring/images_renamed/borgefjell/re_l_he_2/2024/re_l_he_2_2023-11-25_0004.JPG,image/jpeg,authenticate
re_l_he_2_2023-12-04_0002_1,re_l_he_2_2023-12-04_0002.JPG,StillImage,,CC-BY4.0,2023-12-04T08:05:10Z,,activity detection,national_monitoring/images_renamed/borgefjell/re_l_he_2/2024/re_l_he_2_2023-12-04_0002.JPG,image/jpeg,authenticate
re_l_he_2_2023-12-30_0003_1,re_l_he_2_2023-12-30_0003.JPG,StillImage,,CC-BY4.0,2023-12-30T09:12:17Z,,activity detection,national_monitoring/images_renamed/borgefjell/re_l_he_2/2024/re_l_he_2_2023-12-30_0003.JPG,image/jpeg,authenticate
re_l_he_2_2024-02-16_0002_1,re_l_he_2_2024-02-16_0002.JPG,StillImage,,CC-BY4.0,2024-02-15T22:51:28Z,,activity detection,national_monitoring/images_renamed/borgefjell/re_l_he_2/2024/re_l_he_2_2024-02-16_0002.JPG,image/jpeg,authenticate
re_l_he_2_2024-02-18_0001_1,re_l_he_2_2024-02-18_0001.JPG,StillImage,,CC-BY4.0,2024-02-17T23:00:00Z,,time lapse,national_monitoring/images_renamed/borgefjell/re_l_he_2/2024/re_l_he_2_2024-02-18_0001.JPG,image/jpeg,authenticate
re_l_he_2_2024-02-24_0003_1,re_l_he_2_2024-02-24_0003.JPG,StillImage,,CC-BY4.0,2024-02-24T01:16:26Z,,activity detection,national_monitoring/images_renamed/borgefjell/re_l_he_2/2024/re_l_he_2_2024-02-24_0003.JPG,image/jpeg,authenticate
re_l_he_2_2024-05-07_0001_1,re_l_he_2_2024-05-07_0001.JPG,StillImage,,CC-BY4.0,2024-05-06T23:00:00Z,,time lapse,national_monitoring/images_renamed/borgefjell/re_l_he_2/2024/re_l_he_2_2024-05-07_0001.JPG,image/jpeg,authenticate
re_l_he_2_2024-05-16_0012_1,re_l_he_2_2024-05-16_0012.JPG,StillImage,,CC-BY4.0,2024-05-16T01:56:57Z,,activity detection,national_monitoring/images_renamed/borgefjell/re_l_he_2/2024/re_l_he_2_2024-05-16_0012.JPG,image/jpeg,authenticate
re_l_he_2_2024-05-16_0022_1,re_l_he_2_2024-05-16_0022.JPG,StillImage,,CC-BY4.0,2024-05-16T06:16:27Z,,activity detection,national_monitoring/images_renamed/borgefjell/re_l_he_2/2024/re_l_he_2_2024-05-16_0022.JPG,image/jpeg,authenticate
re_l_he_2_2024-05-23_0012_1,re_l_he_2_2024-05-23_0012.JPG,StillImage,,CC-BY4.0,2024-05-23T03:47:13Z,,activity detection,national_monitoring/images_renamed/borgefjell/re_l_he_2/2024/re_l_he_2_2024-05-23_0012.JPG,image/jpeg,authenticate
re_l_he_2_2024-05-24_0001_1,re_l_he_2_2024-05-24_0001.JPG,StillImage,,CC-BY4.0,2024-05-23T23:00:00Z,,time lapse,national_monitoring/images_renamed/borgefjell/re_l_he_2/2024/re_l_he_2_2024-05-24_0001.JPG,image/jpeg,authenticate
re_l_he_2_2024-05-27_0008_1,re_l_he_2_2024-05-27_0008.JPG,StillImage,,CC-BY4.0,2024-05-27T08:26:54Z,,activity detection,national_monitoring/images_renamed/borgefjell/re_l_he_2/2024/re_l_he_2_2024-05-27_0008.JPG,image/jpeg,authenticate
re_l_he_2_2024-06-16_0007_1,re_l_he_2_2024-06-16_0007.JPG,StillImage,,CC-BY4.0,2024-06-16T14:11:54Z,,activity detection,national_monitoring/images_renamed/borgefjell/re_l_he_2/2024/re_l_he_2_2024-06-16_0007.JPG,image/jpeg,authenticate
re_l_he_2_2024-06-19_0003_1,re_l_he_2_2024-06-19_0003.JPG,StillImage,,CC-BY4.0,2024-06-18T23:38:03Z,,activity detection,national_monitoring/images_renamed/borgefjell/re_l_he_2/2024/re_l_he_2_2024-06-19_0003.JPG,image/jpeg,authenticate
re_l_he_2_2024-06-19_0009_1,re_l_he_2_2024-06-19_0009.JPG,StillImage,,CC-BY4.0,2024-06-18T23:54:09Z,,activity detection,national_monitoring/images_renamed/borgefjell/re_l_he_2/2024/re_l_he_2_2024-06-19_0009.JPG,image/jpeg,authenticate
re_l_he_2_2024-06-25_0014_1,re_l_he_2_2024-06-25_0014.JPG,StillImage,,CC-BY4.0,2024-06-25T21:23:41Z,,activity detection,national_monitoring/images_renamed/borgefjell/re_l_he_2/2024/re_l_he_2_2024-06-25_0014.JPG,image/jpeg,authenticate
re_l_he_2_2024-06-26_0017_1,re_l_he_2_2024-06-26_0017.JPG,StillImage,,CC-BY4.0,2024-06-26T18:32:52Z,,activity detection,national_monitoring/images_renamed/borgefjell/re_l_he_2/2024/re_l_he_2_2024-06-26_0017.JPG,image/jpeg,authenticate
re_l_he_2_2024-06-28_0008_1,re_l_he_2_2024-06-28_0008.JPG,StillImage,,CC-BY4.0,2024-06-28T04:08:57Z,,activity detection,national_monitoring/images_renamed/borgefjell/re_l_he_2/2024/re_l_he_2_2024-06-28_0008.JPG,image/jpeg,authenticate
re_l_he_2_2024-06-29_0018_1,re_l_he_2_2024-06-29_0018.JPG,StillImage,,CC-BY4.0,2024-06-29T19:45:11Z,,activity detection,national_monitoring/images_renamed/borgefjell/re_l_he_2/2024/re_l_he_2_2024-06-29_0018.JPG,image/jpeg,authenticate
re_l_he_2_2024-07-03_0015_1,re_l_he_2_2024-07-03_0015.JPG,StillImage,,CC-BY4.0,2024-07-03T13:20:00Z,,activity detection,national_monitoring/images_renamed/borgefjell/re_l_he_2/2024/re_l_he_2_2024-07-03_0015.JPG,image/jpeg,authenticate
re_l_he_2_2024-07-08_0006_1,re_l_he_2_2024-07-08_0006.JPG,StillImage,,CC-BY4.0,2024-07-08T11:38:08Z,,activity detection,national_monitoring/images_renamed/borgefjell/re_l_he_2/2024/re_l_he_2_2024-07-08_0006.JPG,image/jpeg,authenticate
re_l_he_2_2024-07-09_0019_1,re_l_he_2_2024-07-09_0019.JPG,StillImage,,CC-BY4.0,2024-07-09T15:51:32Z,,activity detection,national_monitoring/images_renamed/borgefjell/re_l_he_2/2024/re_l_he_2_2024-07-09_0019.JPG,image/jpeg,authenticate
re_l_he_2_2024-07-14_0024_1,re_l_he_2_2024-07-14_0024.JPG,StillImage,,CC-BY4.0,2024-07-14T17:22:43Z,,activity detection,national_monitoring/images_renamed/borgefjell/re_l_he_2/2024/re_l_he_2_2024-07-14_0024.JPG,image/jpeg,authenticate
re_l_he_2_2024-07-25_0011_1,re_l_he_2_2024-07-25_0011.JPG,StillImage,,CC-BY4.0,2024-07-25T08:55:20Z,,activity detection,national_monitoring/images_renamed/borgefjell/re_l_he_2/2024/re_l_he_2_2024-07-25_0011.JPG,image/jpeg,authenticate
re_l_he_2_2024-08-11_0001_1,re_l_he_2_2024-08-11_0001.JPG,StillImage,,CC-BY4.0,2024-08-10T23:00:00Z,,time lapse,national_monitoring/images_renamed/borgefjell/re_l_he_2/2024/re_l_he_2_2024-08-11_0001.JPG,image/jpeg,authenticate
re_l_he_2_2024-08-14_0001_1,re_l_he_2_2024-08-14_0001.JPG,StillImage,,CC-BY4.0,2024-08-13T23:00:00Z,,time lapse,national_monitoring/images_renamed/borgefjell/re_l_he_2/2024/re_l_he_2_2024-08-14_0001.JPG,image/jpeg,authenticate
re_l_he_3_2023-08-12_0026_1,re_l_he_3_2023-08-12_0026.JPG,StillImage,,CC-BY4.0,2023-08-12T08:47:38Z,,activity detection,national_monitoring/images_renamed/borgefjell/re_l_he_3/2024/re_l_he_3_2023-08-12_0026.JPG,image/jpeg,authenticate
re_l_he_3_2023-08-12_0103_1,re_l_he_3_2023-08-12_0103.JPG,StillImage,,CC-BY4.0,2023-08-12T20:12:20Z,,activity detection,national_monitoring/images_renamed/borgefjell/re_l_he_3/2024/re_l_he_3_2023-08-12_0103.JPG,image/jpeg,authenticate
re_l_he_3_2023-08-13_0020_1,re_l_he_3_2023-08-13_0020.JPG,StillImage,,CC-BY4.0,2023-08-13T01:51:39Z,,activity detection,national_monitoring/images_renamed/borgefjell/re_l_he_3/2024/re_l_he_3_2023-08-13_0020.JPG,image/jpeg,authenticate
re_l_he_3_2023-08-24_0003_1,re_l_he_3_2023-08-24_0003.JPG,StillImage,,CC-BY4.0,2023-08-24T05:02:48Z,,activity detection,national_monitoring/images_renamed/borgefjell/re_l_he_3/2024/re_l_he_3_2023-08-24_0003.JPG,image/jpeg,authenticate
re_l_he_3_2023-08-24_0017_1,re_l_he_3_2023-08-24_0017.JPG,StillImage,,CC-BY4.0,2023-08-24T17:20:40Z,,activity detection,national_monitoring/images_renamed/borgefjell/re_l_he_3/2024/re_l_he_3_2023-08-24_0017.JPG,image/jpeg,authenticate
re_l_he_3_2023-08-25_0016_1,re_l_he_3_2023-08-25_0016.JPG,StillImage,,CC-BY4.0,2023-08-25T12:25:01Z,,activity detection,national_monitoring/images_renamed/borgefjell/re_l_he_3/2024/re_l_he_3_2023-08-25_0016.JPG,image/jpeg,authenticate
re_l_he_3_2023-08-26_0010_1,re_l_he_3_2023-08-26_0010.JPG,StillImage,,CC-BY4.0,2023-08-26T11:14:52Z,,activity detection,national_monitoring/images_renamed/borgefjell/re_l_he_3/2024/re_l_he_3_2023-08-26_0010.JPG,image/jpeg,authenticate
re_l_he_3_2023-08-26_0015_1,re_l_he_3_2023-08-26_0015.JPG,StillImage,,CC-BY4.0,2023-08-26T14:45:01Z,,activity detection,national_monitoring/images_renamed/borgefjell/re_l_he_3/2024/re_l_he_3_2023-08-26_0015.JPG,image/jpeg,authenticate
re_l_he_3_2023-08-27_0001_1,re_l_he_3_2023-08-27_0001.JPG,StillImage,,CC-BY4.0,2023-08-26T23:00:00Z,,time lapse,national_monitoring/images_renamed/borgefjell/re_l_he_3/2024/re_l_he_3_2023-08-27_0001.JPG,image/jpeg,authenticate
re_l_he_3_2023-08-31_0017_1,re_l_he_3_2023-08-31_0017.JPG,StillImage,,CC-BY4.0,2023-08-31T09:08:47Z,,activity detection,national_monitoring/images_renamed/borgefjell/re_l_he_3/2024/re_l_he_3_2023-08-31_0017.JPG,image/jpeg,authenticate
re_l_he_3_2023-09-01_0010_1,re_l_he_3_2023-09-01_0010.JPG,StillImage,,CC-BY4.0,2023-09-01T07:05:24Z,,activity detection,national_monitoring/images_renamed/borgefjell/re_l_he_3/2024/re_l_he_3_2023-09-01_0010.JPG,image/jpeg,authenticate
re_l_he_3_2023-09-04_0039_1,re_l_he_3_2023-09-04_0039.JPG,StillImage,,CC-BY4.0,2023-09-04T07:57:02Z,,activity detection,national_monitoring/images_renamed/borgefjell/re_l_he_3/2024/re_l_he_3_2023-09-04_0039.JPG,image/jpeg,authenticate
re_l_he_3_2023-09-20_0003_1,re_l_he_3_2023-09-20_0003.JPG,StillImage,,CC-BY4.0,2023-09-20T06:32:42Z,,activity detection,national_monitoring/images_renamed/borgefjell/re_l_he_3/2024/re_l_he_3_2023-09-20_0003.JPG,image/jpeg,authenticate
re_l_he_3_2023-09-22_0024_1,re_l_he_3_2023-09-22_0024.JPG,StillImage,,CC-BY4.0,2023-09-22T15:29:37Z,,activity detection,national_monitoring/images_renamed/borgefjell/re_l_he_3/2024/re_l_he_3_2023-09-22_0024.JPG,image/jpeg,authenticate
re_l_he_3_2023-10-08_0009_1,re_l_he_3_2023-10-08_0009.JPG,StillImage,,CC-BY4.0,2023-10-08T09:09:48Z,,activity detection,national_monitoring/images_renamed/borgefjell/re_l_he_3/2024/re_l_he_3_2023-10-08_0009.JPG,image/jpeg,authenticate
re_l_he_3_2023-10-09_0009_1,re_l_he_3_2023-10-09_0009.JPG,StillImage,,CC-BY4.0,2023-10-09T00:01:08Z,,activity detection,national_monitoring/images_renamed/borgefjell/re_l_he_3/2024/re_l_he_3_2023-10-09_0009.JPG,image/jpeg,authenticate
re_l_he_3_2023-10-10_0006_1,re_l_he_3_2023-10-10_0006.JPG,StillImage,,CC-BY4.0,2023-10-10T00:44:40Z,,activity detection,national_monitoring/images_renamed/borgefjell/re_l_he_3/2024/re_l_he_3_2023-10-10_0006.JPG,image/jpeg,authenticate
re_l_he_3_2023-10-12_0019_1,re_l_he_3_2023-10-12_0019.JPG,StillImage,,CC-BY4.0,2023-10-12T15:12:59Z,,activity detection,national_monitoring/images_renamed/borgefjell/re_l_he_3/2024/re_l_he_3_2023-10-12_0019.JPG,image/jpeg,authenticate
re_l_he_3_2023-10-13_0012_1,re_l_he_3_2023-10-13_0012.JPG,StillImage,,CC-BY4.0,2023-10-13T09:02:50Z,,activity detection,national_monitoring/images_renamed/borgefjell/re_l_he_3/2024/re_l_he_3_2023-10-13_0012.JPG,image/jpeg,authenticate
re_l_he_3_2023-10-26_0004_1,re_l_he_3_2023-10-26_0004.JPG,StillImage,,CC-BY4.0,2023-10-26T07:30:00Z,,activity detection,national_monitoring/images_renamed/borgefjell/re_l_he_3/2024/re_l_he_3_2023-10-26_0004.JPG,image/jpeg,authenticate
re_l_he_3_2023-10-26_0012_1,re_l_he_3_2023-10-26_0012.JPG,StillImage,,CC-BY4.0,2023-10-26T13:24:00Z,,activity detection,national_monitoring/images_renamed/borgefjell/re_l_he_3/2024/re_l_he_3_2023-10-26_0012.JPG,image/jpeg,authenticate
re_l_he_3_2023-10-26_0014_1,re_l_he_3_2023-10-26_0014.JPG,StillImage,,CC-BY4.0,2023-10-26T18:50:51Z,,activity detection,national_monitoring/images_renamed/borgefjell/re_l_he_3/2024/re_l_he_3_2023-10-26_0014.JPG,image/jpeg,authenticate
re_l_he_3_2023-11-05_0006_1,re_l_he_3_2023-11-05_0006.JPG,StillImage,,CC-BY4.0,2023-11-05T11:00:00Z,,time lapse,national_monitoring/images_renamed/borgefjell/re_l_he_3/2024/re_l_he_3_2023-11-05_0006.JPG,image/jpeg,authenticate
re_l_he_3_2023-11-06_0011_1,re_l_he_3_2023-11-06_0011.JPG,StillImage,,CC-BY4.0,2023-11-06T06:54:21Z,,activity detection,national_monitoring/images_renamed/borgefjell/re_l_he_3/2024/re_l_he_3_2023-11-06_0011.JPG,image/jpeg,authenticate
re_l_he_3_2023-12-10_0004_1,re_l_he_3_2023-12-10_0004.JPG,StillImage,,CC-BY4.0,2023-12-10T11:00:00Z,,time lapse,national_monitoring/images_renamed/borgefjell/re_l_he_3/2024/re_l_he_3_2023-12-10_0004.JPG,image/jpeg,authenticate
re_l_he_3_2023-12-18_0016_1,re_l_he_3_2023-12-18_0016.JPG,StillImage,,CC-BY4.0,2023-12-18T11:00:00Z,,time lapse,national_monitoring/images_renamed/borgefjell/re_l_he_3/2024/re_l_he_3_2023-12-18_0016.JPG,image/jpeg,authenticate
re_l_he_3_2023-12-20_0011_1,re_l_he_3_2023-12-20_0011.JPG,StillImage,,CC-BY4.0,2023-12-20T05:47:54Z,,activity detection,national_monitoring/images_renamed/borgefjell/re_l_he_3/2024/re_l_he_3_2023-12-20_0011.JPG,image/jpeg,authenticate
re_l_he_3_2024-01-01_0002_1,re_l_he_3_2024-01-01_0002.JPG,StillImage,,CC-BY4.0,2024-01-01T06:27:57Z,,activity detection,national_monitoring/images_renamed/borgefjell/re_l_he_3/2024/re_l_he_3_2024-01-01_0002.JPG,image/jpeg,authenticate
re_l_he_3_2024-01-03_0007_1,re_l_he_3_2024-01-03_0007.JPG,StillImage,,CC-BY4.0,2024-01-03T04:13:49Z,,activity detection,national_monitoring/images_renamed/borgefjell/re_l_he_3/2024/re_l_he_3_2024-01-03_0007.JPG,image/jpeg,authenticate
re_l_he_3_2024-01-13_0008_1,re_l_he_3_2024-01-13_0008.JPG,StillImage,,CC-BY4.0,2024-01-13T07:47:15Z,,activity detection,national_monitoring/images_renamed/borgefjell/re_l_he_3/2024/re_l_he_3_2024-01-13_0008.JPG,image/jpeg,authenticate
re_l_he_3_2024-01-14_0008_1,re_l_he_3_2024-01-14_0008.JPG,StillImage,,CC-BY4.0,2024-01-14T13:56:43Z,,activity detection,national_monitoring/images_renamed/borgefjell/re_l_he_3/2024/re_l_he_3_2024-01-14_0008.JPG,image/jpeg,authenticate
re_l_he_3_2024-01-17_0006_1,re_l_he_3_2024-01-17_0006.JPG,StillImage,,CC-BY4.0,2024-01-17T09:00:31Z,,activity detection,national_monitoring/images_renamed/borgefjell/re_l_he_3/2024/re_l_he_3_2024-01-17_0006.JPG,image/jpeg,authenticate
re_l_he_3_2024-01-27_0005_1,re_l_he_3_2024-01-27_0005.JPG,StillImage,,CC-BY4.0,2024-01-27T15:49:01Z,,activity detection,national_monitoring/images_renamed/borgefjell/re_l_he_3/2024/re_l_he_3_2024-01-27_0005.JPG,image/jpeg,authenticate
re_l_he_3_2024-01-28_0010_1,re_l_he_3_2024-01-28_0010.JPG,StillImage,,CC-BY4.0,2024-01-28T15:48:39Z,,activity detection,national_monitoring/images_renamed/borgefjell/re_l_he_3/2024/re_l_he_3_2024-01-28_0010.JPG,image/jpeg,authenticate
re_l_he_3_2024-02-09_0008_1,re_l_he_3_2024-02-09_0008.JPG,StillImage,,CC-BY4.0,2024-02-09T11:00:00Z,,time lapse,national_monitoring/images_renamed/borgefjell/re_l_he_3/2024/re_l_he_3_2024-02-09_0008.JPG,image/jpeg,authenticate
re_l_he_3_2024-02-17_0010_1,re_l_he_3_2024-02-17_0010.JPG,StillImage,,CC-BY4.0,2024-02-17T07:07:06Z,,activity detection,national_monitoring/images_renamed/borgefjell/re_l_he_3/2024/re_l_he_3_2024-02-17_0010.JPG,image/jpeg,authenticate
re_l_he_3_2024-02-17_0011_1,re_l_he_3_2024-02-17_0011.JPG,StillImage,,CC-BY4.0,2024-02-17T07:07:06Z,,activity detection,national_monitoring/images_renamed/borgefjell/re_l_he_3/2024/re_l_he_3_2024-02-17_0011.JPG,image/jpeg,authenticate
re_l_he_3_2024-02-26_0001_1,re_l_he_3_2024-02-26_0001.JPG,StillImage,,CC-BY4.0,2024-02-25T23:00:00Z,,time lapse,national_monitoring/images_renamed/borgefjell/re_l_he_3/2024/re_l_he_3_2024-02-26_0001.JPG,image/jpeg,authenticate
re_l_he_3_2024-03-09_0001_1,re_l_he_3_2024-03-09_0001.JPG,StillImage,,CC-BY4.0,2024-03-08T23:00:00Z,,time lapse,national_monitoring/images_renamed/borgefjell/re_l_he_3/2024/re_l_he_3_2024-03-09_0001.JPG,image/jpeg,authenticate
re_l_he_3_2024-03-13_0001_1,re_l_he_3_2024-03-13_0001.JPG,StillImage,,CC-BY4.0,2024-03-12T23:00:00Z,,time lapse,national_monitoring/images_renamed/borgefjell/re_l_he_3/2024/re_l_he_3_2024-03-13_0001.JPG,image/jpeg,authenticate
re_l_he_3_2024-03-15_0001_1,re_l_he_3_2024-03-15_0001.JPG,StillImage,,CC-BY4.0,2024-03-14T23:00:00Z,,time lapse,national_monitoring/images_renamed/borgefjell/re_l_he_3/2024/re_l_he_3_2024-03-15_0001.JPG,image/jpeg,authenticate
re_l_he_3_2024-03-18_0004_1,re_l_he_3_2024-03-18_0004.JPG,StillImage,,CC-BY4.0,2024-03-18T11:00:00Z,,time lapse,national_monitoring/images_renamed/borgefjell/re_l_he_3/2024/re_l_he_3_2024-03-18_0004.JPG,image/jpeg,authenticate
re_l_he_3_2024-03-28_0008_1,re_l_he_3_2024-03-28_0008.JPG,StillImage,,CC-BY4.0,2024-03-28T14:52:09Z,,activity detection,national_monitoring/images_renamed/borgefjell/re_l_he_3/2024/re_l_he_3_2024-03-28_0008.JPG,image/jpeg,authenticate
re_l_he_3_2024-03-30_0004_1,re_l_he_3_2024-03-30_0004.JPG,StillImage,,CC-BY4.0,2024-03-30T07:47:45Z,,activity detection,national_monitoring/images_renamed/borgefjell/re_l_he_3/2024/re_l_he_3_2024-03-30_0004.JPG,image/jpeg,authenticate
re_l_he_3_2024-04-01_0004_1,re_l_he_3_2024-04-01_0004.JPG,StillImage,,CC-BY4.0,2024-04-01T06:39:52Z,,activity detection,national_monitoring/images_renamed/borgefjell/re_l_he_3/2024/re_l_he_3_2024-04-01_0004.JPG,image/jpeg,authenticate
re_l_he_3_2024-04-04_0007_1,re_l_he_3_2024-04-04_0007.JPG,StillImage,,CC-BY4.0,2024-04-04T17:34:29Z,,activity detection,national_monitoring/images_renamed/borgefjell/re_l_he_3/2024/re_l_he_3_2024-04-04_0007.JPG,image/jpeg,authenticate
re_l_he_3_2024-04-14_0002_1,re_l_he_3_2024-04-14_0002.JPG,StillImage,,CC-BY4.0,2024-04-14T02:22:49Z,,activity detection,national_monitoring/images_renamed/borgefjell/re_l_he_3/2024/re_l_he_3_2024-04-14_0002.JPG,image/jpeg,authenticate
re_l_he_3_2024-04-17_0009_1,re_l_he_3_2024-04-17_0009.JPG,StillImage,,CC-BY4.0,2024-04-17T13:07:47Z,,activity detection,national_monitoring/images_renamed/borgefjell/re_l_he_3/2024/re_l_he_3_2024-04-17_0009.JPG,image/jpeg,authenticate
re_l_he_3_2024-05-03_0007_1,re_l_he_3_2024-05-03_0007.JPG,StillImage,,CC-BY4.0,2024-05-03T05:10:48Z,,activity detection,national_monitoring/images_renamed/borgefjell/re_l_he_3/2024/re_l_he_3_2024-05-03_0007.JPG,image/jpeg,authenticate
re_l_he_3_2024-05-13_0006_1,re_l_he_3_2024-05-13_0006.JPG,StillImage,,CC-BY4.0,2024-05-13T02:12:30Z,,activity detection,national_monitoring/images_renamed/borgefjell/re_l_he_3/2024/re_l_he_3_2024-05-13_0006.JPG,image/jpeg,authenticate
re_l_he_3_2024-05-14_0010_1,re_l_he_3_2024-05-14_0010.JPG,StillImage,,CC-BY4.0,2024-05-14T09:50:10Z,,activity detection,national_monitoring/images_renamed/borgefjell/re_l_he_3/2024/re_l_he_3_2024-05-14_0010.JPG,image/jpeg,authenticate
re_l_he_3_2024-05-18_0031_1,re_l_he_3_2024-05-18_0031.JPG,StillImage,,CC-BY4.0,2024-05-18T07:21:30Z,,activity detection,national_monitoring/images_renamed/borgefjell/re_l_he_3/2024/re_l_he_3_2024-05-18_0031.JPG,image/jpeg,authenticate
re_l_he_3_2024-05-18_0037_1,re_l_he_3_2024-05-18_0037.JPG,StillImage,,CC-BY4.0,2024-05-18T14:34:28Z,,activity detection,national_monitoring/images_renamed/borgefjell/re_l_he_3/2024/re_l_he_3_2024-05-18_0037.JPG,image/jpeg,authenticate
re_l_he_3_2024-05-25_0001_1,re_l_he_3_2024-05-25_0001.JPG,StillImage,,CC-BY4.0,2024-05-24T23:00:00Z,,time lapse,national_monitoring/images_renamed/borgefjell/re_l_he_3/2024/re_l_he_3_2024-05-25_0001.JPG,image/jpeg,authenticate
re_l_he_3_2024-06-11_0016_1,re_l_he_3_2024-06-11_0016.JPG,StillImage,,CC-BY4.0,2024-06-11T18:41:44Z,,activity detection,national_monitoring/images_renamed/borgefjell/re_l_he_3/2024/re_l_he_3_2024-06-11_0016.JPG,image/jpeg,authenticate
re_l_he_3_2024-06-12_0010_1,re_l_he_3_2024-06-12_0010.JPG,StillImage,,CC-BY4.0,2024-06-12T10:56:01Z,,activity detection,national_monitoring/images_renamed/borgefjell/re_l_he_3/2024/re_l_he_3_2024-06-12_0010.JPG,image/jpeg,authenticate
re_l_he_3_2024-06-15_0028_1,re_l_he_3_2024-06-15_0028.JPG,StillImage,,CC-BY4.0,2024-06-15T15:59:00Z,,activity detection,national_monitoring/images_renamed/borgefjell/re_l_he_3/2024/re_l_he_3_2024-06-15_0028.JPG,image/jpeg,authenticate
re_l_he_3_2024-06-18_0008_1,re_l_he_3_2024-06-18_0008.JPG,StillImage,,CC-BY4.0,2024-06-18T08:39:12Z,,activity detection,national_monitoring/images_renamed/borgefjell/re_l_he_3/2024/re_l_he_3_2024-06-18_0008.JPG,image/jpeg,authenticate
re_l_he_3_2024-06-25_0001_1,re_l_he_3_2024-06-25_0001.JPG,StillImage,,CC-BY4.0,2024-06-24T23:00:00Z,,time lapse,national_monitoring/images_renamed/borgefjell/re_l_he_3/2024/re_l_he_3_2024-06-25_0001.JPG,image/jpeg,authenticate
re_l_he_3_2024-06-27_0008_1,re_l_he_3_2024-06-27_0008.JPG,StillImage,,CC-BY4.0,2024-06-27T13:38:52Z,,activity detection,national_monitoring/images_renamed/borgefjell/re_l_he_3/2024/re_l_he_3_2024-06-27_0008.JPG,image/jpeg,authenticate
re_l_he_3_2024-06-28_0055_1,re_l_he_3_2024-06-28_0055.JPG,StillImage,,CC-BY4.0,2024-06-28T19:37:49Z,,activity detection,national_monitoring/images_renamed/borgefjell/re_l_he_3/2024/re_l_he_3_2024-06-28_0055.JPG,image/jpeg,authenticate
re_l_he_3_2024-07-01_0010_1,re_l_he_3_2024-07-01_0010.JPG,StillImage,,CC-BY4.0,2024-07-01T07:34:19Z,,activity detection,national_monitoring/images_renamed/borgefjell/re_l_he_3/2024/re_l_he_3_2024-07-01_0010.JPG,image/jpeg,authenticate
re_l_he_3_2024-07-02_0006_1,re_l_he_3_2024-07-02_0006.JPG,StillImage,,CC-BY4.0,2024-07-02T06:38:27Z,,activity detection,national_monitoring/images_renamed/borgefjell/re_l_he_3/2024/re_l_he_3_2024-07-02_0006.JPG,image/jpeg,authenticate
re_l_he_3_2024-07-28_0031_1,re_l_he_3_2024-07-28_0031.JPG,StillImage,,CC-BY4.0,2024-07-28T17:16:50Z,,activity detection,national_monitoring/images_renamed/borgefjell/re_l_he_3/2024/re_l_he_3_2024-07-28_0031.JPG,image/jpeg,authenticate
re_l_he_4_2023-08-17_0007_1,re_l_he_4_2023-08-17_0007.JPG,StillImage,,CC-BY4.0,2023-08-16T23:00:00Z,,time lapse,national_monitoring/images_renamed/borgefjell/re_l_he_4/2024/re_l_he_4_2023-08-17_0007.JPG,image/jpeg,authenticate
re_l_he_4_2023-08-22_0002_1,re_l_he_4_2023-08-22_0002.JPG,StillImage,,CC-BY4.0,2023-08-22T09:30:00Z,,activity detection,national_monitoring/images_renamed/borgefjell/re_l_he_4/2024/re_l_he_4_2023-08-22_0002.JPG,image/jpeg,authenticate
re_l_he_4_2023-09-04_0001_1,re_l_he_4_2023-09-04_0001.JPG,StillImage,,CC-BY4.0,2023-09-03T23:00:00Z,,time lapse,national_monitoring/images_renamed/borgefjell/re_l_he_4/2024/re_l_he_4_2023-09-04_0001.JPG,image/jpeg,authenticate
re_l_he_4_2023-09-08_0018_1,re_l_he_4_2023-09-08_0018.JPG,StillImage,,CC-BY4.0,2023-09-08T16:19:28Z,,activity detection,national_monitoring/images_renamed/borgefjell/re_l_he_4/2024/re_l_he_4_2023-09-08_0018.JPG,image/jpeg,authenticate
re_l_he_4_2023-09-10_0005_1,re_l_he_4_2023-09-10_0005.JPG,StillImage,,CC-BY4.0,2023-09-10T14:31:37Z,,activity detection,national_monitoring/images_renamed/borgefjell/re_l_he_4/2024/re_l_he_4_2023-09-10_0005.JPG,image/jpeg,authenticate
re_l_he_4_2023-09-12_0003_1,re_l_he_4_2023-09-12_0003.JPG,StillImage,,CC-BY4.0,2023-09-12T01:26:09Z,,activity detection,national_monitoring/images_renamed/borgefjell/re_l_he_4/2024/re_l_he_4_2023-09-12_0003.JPG,image/jpeg,authenticate
re_l_he_4_2023-09-17_0007_1,re_l_he_4_2023-09-17_0007.JPG,StillImage,,CC-BY4.0,2023-09-17T12:39:50Z,,activity detection,national_monitoring/images_renamed/borgefjell/re_l_he_4/2024/re_l_he_4_2023-09-17_0007.JPG,image/jpeg,authenticate
re_l_he_4_2023-10-21_0016_1,re_l_he_4_2023-10-21_0016.JPG,StillImage,,CC-BY4.0,2023-10-21T12:54:14Z,,activity detection,national_monitoring/images_renamed/borgefjell/re_l_he_4/2024/re_l_he_4_2023-10-21_0016.JPG,image/jpeg,authenticate
re_l_he_4_2023-10-23_0010_1,re_l_he_4_2023-10-23_0010.JPG,StillImage,,CC-BY4.0,2023-10-23T05:46:10Z,,activity detection,national_monitoring/images_renamed/borgefjell/re_l_he_4/2024/re_l_he_4_2023-10-23_0010.JPG,image/jpeg,authenticate
re_l_he_4_2023-10-23_0012_1,re_l_he_4_2023-10-23_0012.JPG,StillImage,,CC-BY4.0,2023-10-23T05:50:12Z,,activity detection,national_monitoring/images_renamed/borgefjell/re_l_he_4/2024/re_l_he_4_2023-10-23_0012.JPG,image/jpeg,authenticate
re_l_he_4_2023-10-27_0007_1,re_l_he_4_2023-10-27_0007.JPG,StillImage,,CC-BY4.0,2023-10-27T11:45:39Z,,activity detection,national_monitoring/images_renamed/borgefjell/re_l_he_4/2024/re_l_he_4_2023-10-27_0007.JPG,image/jpeg,authenticate
re_l_he_4_2023-10-28_0027_1,re_l_he_4_2023-10-28_0027.JPG,StillImage,,CC-BY4.0,2023-10-28T21:48:56Z,,activity detection,national_monitoring/images_renamed/borgefjell/re_l_he_4/2024/re_l_he_4_2023-10-28_0027.JPG,image/jpeg,authenticate
re_l_he_4_2023-11-07_0013_1,re_l_he_4_2023-11-07_0013.JPG,StillImage,,CC-BY4.0,2023-11-06T23:54:59Z,,activity detection,national_monitoring/images_renamed/borgefjell/re_l_he_4/2024/re_l_he_4_2023-11-07_0013.JPG,image/jpeg,authenticate
re_l_he_4_2023-11-10_0005_1,re_l_he_4_2023-11-10_0005.JPG,StillImage,,CC-BY4.0,2023-11-10T09:57:41Z,,activity detection,national_monitoring/images_renamed/borgefjell/re_l_he_4/2024/re_l_he_4_2023-11-10_0005.JPG,image/jpeg,authenticate
re_l_he_4_2023-11-16_0002_1,re_l_he_4_2023-11-16_0002.JPG,StillImage,,CC-BY4.0,2023-11-16T00:30:35Z,,activity detection,national_monitoring/images_renamed/borgefjell/re_l_he_4/2024/re_l_he_4_2023-11-16_0002.JPG,image/jpeg,authenticate
re_l_he_4_2023-11-18_0012_1,re_l_he_4_2023-11-18_0012.JPG,StillImage,,CC-BY4.0,2023-11-18T14:56:13Z,,activity detection,national_monitoring/images_renamed/borgefjell/re_l_he_4/2024/re_l_he_4_2023-11-18_0012.JPG,image/jpeg,authenticate
re_l_he_4_2023-11-19_0014_1,re_l_he_4_2023-11-19_0014.JPG,StillImage,,CC-BY4.0,2023-11-19T15:43:09Z,,activity detection,national_monitoring/images_renamed/borgefjell/re_l_he_4/2024/re_l_he_4_2023-11-19_0014.JPG,image/jpeg,authenticate
re_l_he_4_2023-11-26_0004_1,re_l_he_4_2023-11-26_0004.JPG,StillImage,,CC-BY4.0,2023-11-26T00:23:58Z,,activity detection,national_monitoring/images_renamed/borgefjell/re_l_he_4/2024/re_l_he_4_2023-11-26_0004.JPG,image/jpeg,authenticate
re_l_he_4_2023-11-26_0013_1,re_l_he_4_2023-11-26_0013.JPG,StillImage,,CC-BY4.0,2023-11-26T08:14:35Z,,activity detection,national_monitoring/images_renamed/borgefjell/re_l_he_4/2024/re_l_he_4_2023-11-26_0013.JPG,image/jpeg,authenticate
re_l_he_4_2023-11-29_0007_1,re_l_he_4_2023-11-29_0007.JPG,StillImage,,CC-BY4.0,2023-11-29T10:12:55Z,,activity detection,national_monitoring/images_renamed/borgefjell/re_l_he_4/2024/re_l_he_4_2023-11-29_0007.JPG,image/jpeg,authenticate
re_l_he_4_2023-12-01_0010_1,re_l_he_4_2023-12-01_0010.JPG,StillImage,,CC-BY4.0,2023-12-01T11:00:00Z,,time lapse,national_monitoring/images_renamed/borgefjell/re_l_he_4/2024/re_l_he_4_2023-12-01_0010.JPG,image/jpeg,authenticate
re_l_he_4_2023-12-04_0009_1,re_l_he_4_2023-12-04_0009.JPG,StillImage,,CC-BY4.0,2023-12-04T11:11:19Z,,activity detection,national_monitoring/images_renamed/borgefjell/re_l_he_4/2024/re_l_he_4_2023-12-04_0009.JPG,image/jpeg,authenticate
re_l_he_4_2023-12-05_0005_1,re_l_he_4_2023-12-05_0005.JPG,StillImage,,CC-BY4.0,2023-12-05T08:01:42Z,,activity detection,national_monitoring/images_renamed/borgefjell/re_l_he_4/2024/re_l_he_4_2023-12-05_0005.JPG,image/jpeg,authenticate
re_l_he_4_2023-12-19_0006_1,re_l_he_4_2023-12-19_0006.JPG,StillImage,,CC-BY4.0,2023-12-19T11:00:00Z,,time lapse,national_monitoring/images_renamed/borgefjell/re_l_he_4/2024/re_l_he_4_2023-12-19_0006.JPG,image/jpeg,authenticate
re_l_he_4_2024-01-02_0004_1,re_l_he_4_2024-01-02_0004.JPG,StillImage,,CC-BY4.0,2024-01-02T11:00:00Z,,time lapse,national_monitoring/images_renamed/borgefjell/re_l_he_4/2024/re_l_he_4_2024-01-02_0004.JPG,image/jpeg,authenticate
re_l_he_4_2024-01-05_0007_1,re_l_he_4_2024-01-05_0007.JPG,StillImage,,CC-BY4.0,2024-01-05T01:59:08Z,,activity detection,national_monitoring/images_renamed/borgefjell/re_l_he_4/2024/re_l_he_4_2024-01-05_0007.JPG,image/jpeg,authenticate
re_l_he_4_2024-01-18_0009_1,re_l_he_4_2024-01-18_0009.JPG,StillImage,,CC-BY4.0,2024-01-18T19:03:24Z,,activity detection,national_monitoring/images_renamed/borgefjell/re_l_he_4/2024/re_l_he_4_2024-01-18_0009.JPG,image/jpeg,authenticate
re_l_he_4_2024-01-24_0003_1,re_l_he_4_2024-01-24_0003.JPG,StillImage,,CC-BY4.0,2024-01-24T14:17:04Z,,activity detection,national_monitoring/images_renamed/borgefjell/re_l_he_4/2024/re_l_he_4_2024-01-24_0003.JPG,image/jpeg,authenticate
re_l_he_4_2024-02-02_0008_1,re_l_he_4_2024-02-02_0008.JPG,StillImage,,CC-BY4.0,2024-02-02T10:01:37Z,,activity detection,national_monitoring/images_renamed/borgefjell/re_l_he_4/2024/re_l_he_4_2024-02-02_0008.JPG,image/jpeg,authenticate
re_l_he_4_2024-02-09_0007_1,re_l_he_4_2024-02-09_0007.JPG,StillImage,,CC-BY4.0,2024-02-09T11:50:44Z,,activity detection,national_monitoring/images_renamed/borgefjell/re_l_he_4/2024/re_l_he_4_2024-02-09_0007.JPG,image/jpeg,authenticate
re_l_he_4_2024-02-10_0007_1,re_l_he_4_2024-02-10_0007.JPG,StillImage,,CC-BY4.0,2024-02-10T02:57:07Z,,activity detection,national_monitoring/images_renamed/borgefjell/re_l_he_4/2024/re_l_he_4_2024-02-10_0007.JPG,image/jpeg,authenticate
re_l_he_4_2024-02-28_0002_1,re_l_he_4_2024-02-28_0002.JPG,StillImage,,CC-BY4.0,2024-02-28T05:33:47Z,,activity detection,national_monitoring/images_renamed/borgefjell/re_l_he_4/2024/re_l_he_4_2024-02-28_0002.JPG,image/jpeg,authenticate
re_l_he_4_2024-03-22_0002_1,re_l_he_4_2024-03-22_0002.JPG,StillImage,,CC-BY4.0,2024-03-22T11:00:00Z,,time lapse,national_monitoring/images_renamed/borgefjell/re_l_he_4/2024/re_l_he_4_2024-03-22_0002.JPG,image/jpeg,authenticate
re_l_he_4_2024-04-11_0001_1,re_l_he_4_2024-04-11_0001.JPG,StillImage,,CC-BY4.0,2024-04-10T22:13:16Z,,activity detection,national_monitoring/images_renamed/borgefjell/re_l_he_4/2024/re_l_he_4_2024-04-11_0001.JPG,image/jpeg,authenticate
re_l_he_4_2024-04-11_0004_1,re_l_he_4_2024-04-11_0004.JPG,StillImage,,CC-BY4.0,2024-04-10T22:14:25Z,,activity detection,national_monitoring/images_renamed/borgefjell/re_l_he_4/2024/re_l_he_4_2024-04-11_0004.JPG,image/jpeg,authenticate
re_l_he_4_2024-04-12_0012_1,re_l_he_4_2024-04-12_0012.JPG,StillImage,,CC-BY4.0,2024-04-12T04:07:50Z,,activity detection,national_monitoring/images_renamed/borgefjell/re_l_he_4/2024/re_l_he_4_2024-04-12_0012.JPG,image/jpeg,authenticate
re_l_he_4_2024-04-12_0021_1,re_l_he_4_2024-04-12_0021.JPG,StillImage,,CC-BY4.0,2024-04-12T14:39:48Z,,activity detection,national_monitoring/images_renamed/borgefjell/re_l_he_4/2024/re_l_he_4_2024-04-12_0021.JPG,image/jpeg,authenticate
re_l_he_4_2024-04-18_0004_1,re_l_he_4_2024-04-18_0004.JPG,StillImage,,CC-BY4.0,2024-04-18T08:23:21Z,,activity detection,national_monitoring/images_renamed/borgefjell/re_l_he_4/2024/re_l_he_4_2024-04-18_0004.JPG,image/jpeg,authenticate
re_l_he_4_2024-04-29_0005_1,re_l_he_4_2024-04-29_0005.JPG,StillImage,,CC-BY4.0,2024-04-29T00:48:33Z,,activity detection,national_monitoring/images_renamed/borgefjell/re_l_he_4/2024/re_l_he_4_2024-04-29_0005.JPG,image/jpeg,authenticate
re_l_he_4_2024-05-04_0005_1,re_l_he_4_2024-05-04_0005.JPG,StillImage,,CC-BY4.0,2024-05-04T09:10:41Z,,activity detection,national_monitoring/images_renamed/borgefjell/re_l_he_4/2024/re_l_he_4_2024-05-04_0005.JPG,image/jpeg,authenticate
re_l_he_4_2024-05-18_0006_1,re_l_he_4_2024-05-18_0006.JPG,StillImage,,CC-BY4.0,2024-05-18T16:29:30Z,,activity detection,national_monitoring/images_renamed/borgefjell/re_l_he_4/2024/re_l_he_4_2024-05-18_0006.JPG,image/jpeg,authenticate
re_l_he_4_2024-06-02_0004_1,re_l_he_4_2024-06-02_0004.JPG,StillImage,,CC-BY4.0,2024-06-02T17:21:36Z,,activity detection,national_monitoring/images_renamed/borgefjell/re_l_he_4/2024/re_l_he_4_2024-06-02_0004.JPG,image/jpeg,authenticate
re_l_he_4_2024-06-16_0007_1,re_l_he_4_2024-06-16_0007.JPG,StillImage,,CC-BY4.0,2024-06-16T06:05:42Z,,activity detection,national_monitoring/images_renamed/borgefjell/re_l_he_4/2024/re_l_he_4_2024-06-16_0007.JPG,image/jpeg,authenticate
re_l_he_4_2024-06-17_0009_1,re_l_he_4_2024-06-17_0009.JPG,StillImage,,CC-BY4.0,2024-06-17T10:11:15Z,,activity detection,national_monitoring/images_renamed/borgefjell/re_l_he_4/2024/re_l_he_4_2024-06-17_0009.JPG,image/jpeg,authenticate
re_l_he_4_2024-06-18_0014_1,re_l_he_4_2024-06-18_0014.JPG,StillImage,,CC-BY4.0,2024-06-18T12:40:09Z,,activity detection,national_monitoring/images_renamed/borgefjell/re_l_he_4/2024/re_l_he_4_2024-06-18_0014.JPG,image/jpeg,authenticate
re_l_he_4_2024-06-19_0012_1,re_l_he_4_2024-06-19_0012.JPG,StillImage,,CC-BY4.0,2024-06-19T10:38:18Z,,activity detection,national_monitoring/images_renamed/borgefjell/re_l_he_4/2024/re_l_he_4_2024-06-19_0012.JPG,image/jpeg,authenticate
re_l_he_4_2024-06-20_0006_1,re_l_he_4_2024-06-20_0006.JPG,StillImage,,CC-BY4.0,2024-06-20T00:40:29Z,,activity detection,national_monitoring/images_renamed/borgefjell/re_l_he_4/2024/re_l_he_4_2024-06-20_0006.JPG,image/jpeg,authenticate
re_l_he_4_2024-06-20_0008_1,re_l_he_4_2024-06-20_0008.JPG,StillImage,,CC-BY4.0,2024-06-20T10:01:30Z,,activity detection,national_monitoring/images_renamed/borgefjell/re_l_he_4/2024/re_l_he_4_2024-06-20_0008.JPG,image/jpeg,authenticate
re_l_he_4_2024-06-21_0033_1,re_l_he_4_2024-06-21_0033.JPG,StillImage,,CC-BY4.0,2024-06-21T16:17:17Z,,activity detection,national_monitoring/images_renamed/borgefjell/re_l_he_4/2024/re_l_he_4_2024-06-21_0033.JPG,image/jpeg,authenticate
re_l_he_4_2024-06-21_0042_1,re_l_he_4_2024-06-21_0042.JPG,StillImage,,CC-BY4.0,2024-06-21T21:05:03Z,,activity detection,national_monitoring/images_renamed/borgefjell/re_l_he_4/2024/re_l_he_4_2024-06-21_0042.JPG,image/jpeg,authenticate
re_l_he_4_2024-07-03_0006_1,re_l_he_4_2024-07-03_0006.JPG,StillImage,,CC-BY4.0,2024-07-03T19:59:40Z,,activity detection,national_monitoring/images_renamed/borgefjell/re_l_he_4/2024/re_l_he_4_2024-07-03_0006.JPG,image/jpeg,authenticate
re_l_he_4_2024-07-18_0005_1,re_l_he_4_2024-07-18_0005.JPG,StillImage,,CC-BY4.0,2024-07-17T23:52:30Z,,activity detection,national_monitoring/images_renamed/borgefjell/re_l_he_4/2024/re_l_he_4_2024-07-18_0005.JPG,image/jpeg,authenticate
re_l_he_4_2024-07-31_0013_1,re_l_he_4_2024-07-31_0013.JPG,StillImage,,CC-BY4.0,2024-07-31T12:07:00Z,,activity detection,national_monitoring/images_renamed/borgefjell/re_l_he_4/2024/re_l_he_4_2024-07-31_0013.JPG,image/jpeg,authenticate
re_l_he_4_2024-08-05_0014_1,re_l_he_4_2024-08-05_0014.JPG,StillImage,,CC-BY4.0,2024-08-05T16:15:51Z,,activity detection,national_monitoring/images_renamed/borgefjell/re_l_he_4/2024/re_l_he_4_2024-08-05_0014.JPG,image/jpeg,authenticate
re_l_he_4_2024-08-06_0014_1,re_l_he_4_2024-08-06_0014.JPG,StillImage,,CC-BY4.0,2024-08-06T04:11:58Z,,activity detection,national_monitoring/images_renamed/borgefjell/re_l_he_4/2024/re_l_he_4_2024-08-06_0014.JPG,image/jpeg,authenticate
re_l_he_4_2024-08-08_0009_1,re_l_he_4_2024-08-08_0009.JPG,StillImage,,CC-BY4.0,2024-08-08T21:05:28Z,,activity detection,national_monitoring/images_renamed/borgefjell/re_l_he_4/2024/re_l_he_4_2024-08-08_0009.JPG,image/jpeg,authenticate
re_l_he_4_2024-08-09_0002_1,re_l_he_4_2024-08-09_0002.JPG,StillImage,,CC-BY4.0,2024-08-09T01:18:53Z,,activity detection,national_monitoring/images_renamed/borgefjell/re_l_he_4/2024/re_l_he_4_2024-08-09_0002.JPG,image/jpeg,authenticate
re_l_he_4_2024-08-09_0005_1,re_l_he_4_2024-08-09_0005.JPG,StillImage,,CC-BY4.0,2024-08-09T04:54:00Z,,activity detection,national_monitoring/images_renamed/borgefjell/re_l_he_4/2024/re_l_he_4_2024-08-09_0005.JPG,image/jpeg,authenticate
re_l_he_4_2024-08-10_0004_1,re_l_he_4_2024-08-10_0004.JPG,StillImage,,CC-BY4.0,2024-08-10T02:19:08Z,,activity detection,national_monitoring/images_renamed/borgefjell/re_l_he_4/2024/re_l_he_4_2024-08-10_0004.JPG,image/jpeg,authenticate
re_l_he_5_2023-08-13_0002_1,re_l_he_5_2023-08-13_0002.JPG,StillImage,,CC-BY4.0,2023-08-13T11:00:00Z,,time lapse,national_monitoring/images_renamed/borgefjell/re_l_he_5/2024/re_l_he_5_2023-08-13_0002.JPG,image/jpeg,authenticate
re_l_he_5_2023-08-27_0002_1,re_l_he_5_2023-08-27_0002.JPG,StillImage,,CC-BY4.0,2023-08-26T23:20:34Z,,activity detection,national_monitoring/images_renamed/borgefjell/re_l_he_5/2024/re_l_he_5_2023-08-27_0002.JPG,image/jpeg,authenticate
re_l_he_5_2023-09-20_0004_1,re_l_he_5_2023-09-20_0004.JPG,StillImage,,CC-BY4.0,2023-09-20T08:20:36Z,,activity detection,national_monitoring/images_renamed/borgefjell/re_l_he_5/2024/re_l_he_5_2023-09-20_0004.JPG,image/jpeg,authenticate
re_l_he_5_2023-10-12_0002_1,re_l_he_5_2023-10-12_0002.JPG,StillImage,,CC-BY4.0,2023-10-12T11:00:00Z,,time lapse,national_monitoring/images_renamed/borgefjell/re_l_he_5/2024/re_l_he_5_2023-10-12_0002.JPG,image/jpeg,authenticate
re_l_he_5_2023-10-17_0003_1,re_l_he_5_2023-10-17_0003.JPG,StillImage,,CC-BY4.0,2023-10-17T01:55:48Z,,activity detection,national_monitoring/images_renamed/borgefjell/re_l_he_5/2024/re_l_he_5_2023-10-17_0003.JPG,image/jpeg,authenticate
re_l_he_5_2023-10-18_0003_1,re_l_he_5_2023-10-18_0003.JPG,StillImage,,CC-BY4.0,2023-10-18T02:22:06Z,,activity detection,national_monitoring/images_renamed/borgefjell/re_l_he_5/2024/re_l_he_5_2023-10-18_0003.JPG,image/jpeg,authenticate
re_l_he_5_2023-10-20_0006_1,re_l_he_5_2023-10-20_0006.JPG,StillImage,,CC-BY4.0,2023-10-20T07:35:21Z,,activity detection,national_monitoring/images_renamed/borgefjell/re_l_he_5/2024/re_l_he_5_2023-10-20_0006.JPG,image/jpeg,authenticate
re_l_he_5_2023-11-27_0004_1,re_l_he_5_2023-11-27_0004.JPG,StillImage,,CC-BY4.0,2023-11-27T11:00:00Z,,time lapse,national_monitoring/images_renamed/borgefjell/re_l_he_5/2024/re_l_he_5_2023-11-27_0004.JPG,image/jpeg,authenticate
re_l_he_5_2023-12-01_0001_1,re_l_he_5_2023-12-01_0001.JPG,StillImage,,CC-BY4.0,2023-11-30T23:00:00Z,,time lapse,national_monitoring/images_renamed/borgefjell/re_l_he_5/2024/re_l_he_5_2023-12-01_0001.JPG,image/jpeg,authenticate
re_l_he_5_2024-02-28_0003_1,re_l_he_5_2024-02-28_0003.JPG,StillImage,,CC-BY4.0,2024-02-28T14:08:22Z,,activity detection,national_monitoring/images_renamed/borgefjell/re_l_he_5/2024/re_l_he_5_2024-02-28_0003.JPG,image/jpeg,authenticate
re_l_he_5_2024-03-10_0002_1,re_l_he_5_2024-03-10_0002.JPG,StillImage,,CC-BY4.0,2024-03-09T22:02:01Z,,activity detection,national_monitoring/images_renamed/borgefjell/re_l_he_5/2024/re_l_he_5_2024-03-10_0002.JPG,image/jpeg,authenticate
re_l_he_5_2024-03-16_0002_1,re_l_he_5_2024-03-16_0002.JPG,StillImage,,CC-BY4.0,2024-03-16T11:00:00Z,,time lapse,national_monitoring/images_renamed/borgefjell/re_l_he_5/2024/re_l_he_5_2024-03-16_0002.JPG,image/jpeg,authenticate
re_l_he_5_2024-03-19_0001_1,re_l_he_5_2024-03-19_0001.JPG,StillImage,,CC-BY4.0,2024-03-18T23:00:00Z,,time lapse,national_monitoring/images_renamed/borgefjell/re_l_he_5/2024/re_l_he_5_2024-03-19_0001.JPG,image/jpeg,authenticate
re_l_he_5_2024-03-25_0001_1,re_l_he_5_2024-03-25_0001.JPG,StillImage,,CC-BY4.0,2024-03-24T23:00:00Z,,time lapse,national_monitoring/images_renamed/borgefjell/re_l_he_5/2024/re_l_he_5_2024-03-25_0001.JPG,image/jpeg,authenticate
re_l_he_5_2024-04-20_0001_1,re_l_he_5_2024-04-20_0001.JPG,StillImage,,CC-BY4.0,2024-04-19T23:00:00Z,,time lapse,national_monitoring/images_renamed/borgefjell/re_l_he_5/2024/re_l_he_5_2024-04-20_0001.JPG,image/jpeg,authenticate
re_l_he_5_2024-06-07_0002_1,re_l_he_5_2024-06-07_0002.JPG,StillImage,,CC-BY4.0,2024-06-07T11:00:00Z,,time lapse,national_monitoring/images_renamed/borgefjell/re_l_he_5/2024/re_l_he_5_2024-06-07_0002.JPG,image/jpeg,authenticate
re_l_he_5_2024-06-13_0002_1,re_l_he_5_2024-06-13_0002.JPG,StillImage,,CC-BY4.0,2024-06-13T11:00:00Z,,time lapse,national_monitoring/images_renamed/borgefjell/re_l_he_5/2024/re_l_he_5_2024-06-13_0002.JPG,image/jpeg,authenticate
re_l_he_5_2024-06-23_0002_1,re_l_he_5_2024-06-23_0002.JPG,StillImage,,CC-BY4.0,2024-06-23T11:00:00Z,,time lapse,national_monitoring/images_renamed/borgefjell/re_l_he_5/2024/re_l_he_5_2024-06-23_0002.JPG,image/jpeg,authenticate
re_l_he_5_2024-07-07_0006_1,re_l_he_5_2024-07-07_0006.JPG,StillImage,,CC-BY4.0,2024-07-07T13:11:52Z,,activity detection,national_monitoring/images_renamed/borgefjell/re_l_he_5/2024/re_l_he_5_2024-07-07_0006.JPG,image/jpeg,authenticate
re_l_he_5_2024-08-06_0001_1,re_l_he_5_2024-08-06_0001.JPG,StillImage,,CC-BY4.0,2024-08-05T23:00:00Z,,time lapse,national_monitoring/images_renamed/borgefjell/re_l_he_5/2024/re_l_he_5_2024-08-06_0001.JPG,image/jpeg,authenticate
re_l_he_5_2024-08-06_0004_1,re_l_he_5_2024-08-06_0004.JPG,StillImage,,CC-BY4.0,2024-08-06T09:24:24Z,,activity detection,national_monitoring/images_renamed/borgefjell/re_l_he_5/2024/re_l_he_5_2024-08-06_0004.JPG,image/jpeg,authenticate
re_l_he_5_2024-08-12_0003_1,re_l_he_5_2024-08-12_0003.JPG,StillImage,,CC-BY4.0,2024-08-12T15:44:34Z,,activity detection,national_monitoring/images_renamed/borgefjell/re_l_he_5/2024/re_l_he_5_2024-08-12_0003.JPG,image/jpeg,authenticate
re_l_he_6_2023-08-14_0002_1,re_l_he_6_2023-08-14_0002.JPG,StillImage,,CC-BY4.0,2023-08-14T02:19:25Z,,activity detection,national_monitoring/images_renamed/borgefjell/re_l_he_6/2024/re_l_he_6_2023-08-14_0002.JPG,image/jpeg,authenticate
re_l_he_6_2023-08-14_0010_1,re_l_he_6_2023-08-14_0010.JPG,StillImage,,CC-BY4.0,2023-08-14T06:26:21Z,,activity detection,national_monitoring/images_renamed/borgefjell/re_l_he_6/2024/re_l_he_6_2023-08-14_0010.JPG,image/jpeg,authenticate
re_l_he_6_2023-08-14_0017_1,re_l_he_6_2023-08-14_0017.JPG,StillImage,,CC-BY4.0,2023-08-14T07:25:01Z,,activity detection,national_monitoring/images_renamed/borgefjell/re_l_he_6/2024/re_l_he_6_2023-08-14_0017.JPG,image/jpeg,authenticate
re_l_he_6_2023-08-21_0037_1,re_l_he_6_2023-08-21_0037.JPG,StillImage,,CC-BY4.0,2023-08-21T12:48:02Z,,activity detection,national_monitoring/images_renamed/borgefjell/re_l_he_6/2024/re_l_he_6_2023-08-21_0037.JPG,image/jpeg,authenticate
re_l_he_6_2023-08-22_0020_1,re_l_he_6_2023-08-22_0020.JPG,StillImage,,CC-BY4.0,2023-08-22T08:47:41Z,,activity detection,national_monitoring/images_renamed/borgefjell/re_l_he_6/2024/re_l_he_6_2023-08-22_0020.JPG,image/jpeg,authenticate
re_l_he_6_2023-08-22_0032_1,re_l_he_6_2023-08-22_0032.JPG,StillImage,,CC-BY4.0,2023-08-22T11:44:00Z,,activity detection,national_monitoring/images_renamed/borgefjell/re_l_he_6/2024/re_l_he_6_2023-08-22_0032.JPG,image/jpeg,authenticate
re_l_he_6_2023-08-26_0024_1,re_l_he_6_2023-08-26_0024.JPG,StillImage,,CC-BY4.0,2023-08-26T08:45:59Z,,activity detection,national_monitoring/images_renamed/borgefjell/re_l_he_6/2024/re_l_he_6_2023-08-26_0024.JPG,image/jpeg,authenticate
re_l_he_6_2023-08-27_0014_1,re_l_he_6_2023-08-27_0014.JPG,StillImage,,CC-BY4.0,2023-08-27T15:03:39Z,,activity detection,national_monitoring/images_renamed/borgefjell/re_l_he_6/2024/re_l_he_6_2023-08-27_0014.JPG,image/jpeg,authenticate
re_l_he_6_2023-09-02_0009_1,re_l_he_6_2023-09-02_0009.JPG,StillImage,,CC-BY4.0,2023-09-02T10:42:22Z,,activity detection,national_monitoring/images_renamed/borgefjell/re_l_he_6/2024/re_l_he_6_2023-09-02_0009.JPG,image/jpeg,authenticate
re_l_he_6_2023-09-03_0014_1,re_l_he_6_2023-09-03_0014.JPG,StillImage,,CC-BY4.0,2023-09-03T18:45:23Z,,activity detection,national_monitoring/images_renamed/borgefjell/re_l_he_6/2024/re_l_he_6_2023-09-03_0014.JPG,image/jpeg,authenticate
re_l_he_6_2023-09-07_0003_1,re_l_he_6_2023-09-07_0003.JPG,StillImage,,CC-BY4.0,2023-09-07T06:12:48Z,,activity detection,national_monitoring/images_renamed/borgefjell/re_l_he_6/2024/re_l_he_6_2023-09-07_0003.JPG,image/jpeg,authenticate
re_l_he_6_2023-09-08_0004_1,re_l_he_6_2023-09-08_0004.JPG,StillImage,,CC-BY4.0,2023-09-08T08:01:11Z,,activity detection,national_monitoring/images_renamed/borgefjell/re_l_he_6/2024/re_l_he_6_2023-09-08_0004.JPG,image/jpeg,authenticate
re_l_he_6_2023-09-13_0022_1,re_l_he_6_2023-09-13_0022.JPG,StillImage,,CC-BY4.0,2023-09-13T08:06:47Z,,activity detection,national_monitoring/images_renamed/borgefjell/re_l_he_6/2024/re_l_he_6_2023-09-13_0022.JPG,image/jpeg,authenticate
re_l_he_6_2023-09-15_0006_1,re_l_he_6_2023-09-15_0006.JPG,StillImage,,CC-BY4.0,2023-09-14T22:45:09Z,,activity detection,national_monitoring/images_renamed/borgefjell/re_l_he_6/2024/re_l_he_6_2023-09-15_0006.JPG,image/jpeg,authenticate
re_l_he_6_2023-09-19_0019_1,re_l_he_6_2023-09-19_0019.JPG,StillImage,,CC-BY4.0,2023-09-19T11:48:55Z,,activity detection,national_monitoring/images_renamed/borgefjell/re_l_he_6/2024/re_l_he_6_2023-09-19_0019.JPG,image/jpeg,authenticate
re_l_he_6_2023-09-22_0002_1,re_l_he_6_2023-09-22_0002.JPG,StillImage,,CC-BY4.0,2023-09-21T22:01:26Z,,activity detection,national_monitoring/images_renamed/borgefjell/re_l_he_6/2024/re_l_he_6_2023-09-22_0002.JPG,image/jpeg,authenticate
re_l_he_6_2023-09-23_0022_1,re_l_he_6_2023-09-23_0022.JPG,StillImage,,CC-BY4.0,2023-09-23T02:57:55Z,,activity detection,national_monitoring/images_renamed/borgefjell/re_l_he_6/2024/re_l_he_6_2023-09-23_0022.JPG,image/jpeg,authenticate
re_l_he_6_2023-09-27_0007_1,re_l_he_6_2023-09-27_0007.JPG,StillImage,,CC-BY4.0,2023-09-27T10:22:35Z,,activity detection,national_monitoring/images_renamed/borgefjell/re_l_he_6/2024/re_l_he_6_2023-09-27_0007.JPG,image/jpeg,authenticate
re_l_he_6_2023-10-11_0010_1,re_l_he_6_2023-10-11_0010.JPG,StillImage,,CC-BY4.0,2023-10-11T14:22:45Z,,activity detection,national_monitoring/images_renamed/borgefjell/re_l_he_6/2024/re_l_he_6_2023-10-11_0010.JPG,image/jpeg,authenticate
re_l_he_6_2023-10-14_0005_1,re_l_he_6_2023-10-14_0005.JPG,StillImage,,CC-BY4.0,2023-10-14T09:42:27Z,,activity detection,national_monitoring/images_renamed/borgefjell/re_l_he_6/2024/re_l_he_6_2023-10-14_0005.JPG,image/jpeg,authenticate
re_l_he_6_2023-10-20_0001_1,re_l_he_6_2023-10-20_0001.JPG,StillImage,,CC-BY4.0,2023-10-19T23:00:00Z,,time lapse,national_monitoring/images_renamed/borgefjell/re_l_he_6/2024/re_l_he_6_2023-10-20_0001.JPG,image/jpeg,authenticate
re_l_he_6_2023-10-24_0025_1,re_l_he_6_2023-10-24_0025.JPG,StillImage,,CC-BY4.0,2023-10-24T14:54:20Z,,activity detection,national_monitoring/images_renamed/borgefjell/re_l_he_6/2024/re_l_he_6_2023-10-24_0025.JPG,image/jpeg,authenticate
re_l_he_6_2023-10-25_0018_1,re_l_he_6_2023-10-25_0018.JPG,StillImage,,CC-BY4.0,2023-10-25T08:19:22Z,,activity detection,national_monitoring/images_renamed/borgefjell/re_l_he_6/2024/re_l_he_6_2023-10-25_0018.JPG,image/jpeg,authenticate
re_l_he_6_2024-03-07_0002_1,re_l_he_6_2024-03-07_0002.JPG,StillImage,,CC-BY4.0,2024-03-07T11:00:00Z,,time lapse,national_monitoring/images_renamed/borgefjell/re_l_he_6/2024/re_l_he_6_2024-03-07_0002.JPG,image/jpeg,authenticate
re_l_he_6_2024-03-28_0002_1,re_l_he_6_2024-03-28_0002.JPG,StillImage,,CC-BY4.0,2024-03-28T11:00:00Z,,time lapse,national_monitoring/images_renamed/borgefjell/re_l_he_6/2024/re_l_he_6_2024-03-28_0002.JPG,image/jpeg,authenticate
re_l_he_6_2024-05-30_0008_1,re_l_he_6_2024-05-30_0008.JPG,StillImage,,CC-BY4.0,2024-05-30T11:00:00Z,,time lapse,national_monitoring/images_renamed/borgefjell/re_l_he_6/2024/re_l_he_6_2024-05-30_0008.JPG,image/jpeg,authenticate
re_l_he_6_2024-06-04_0004_1,re_l_he_6_2024-06-04_0004.JPG,StillImage,,CC-BY4.0,2024-06-04T04:29:32Z,,activity detection,national_monitoring/images_renamed/borgefjell/re_l_he_6/2024/re_l_he_6_2024-06-04_0004.JPG,image/jpeg,authenticate
re_l_he_6_2024-06-04_0014_1,re_l_he_6_2024-06-04_0014.JPG,StillImage,,CC-BY4.0,2024-06-04T07:59:57Z,,activity detection,national_monitoring/images_renamed/borgefjell/re_l_he_6/2024/re_l_he_6_2024-06-04_0014.JPG,image/jpeg,authenticate
re_l_he_6_2024-06-15_0012_1,re_l_he_6_2024-06-15_0012.JPG,StillImage,,CC-BY4.0,2024-06-15T12:13:53Z,,activity detection,national_monitoring/images_renamed/borgefjell/re_l_he_6/2024/re_l_he_6_2024-06-15_0012.JPG,image/jpeg,authenticate
re_l_he_6_2024-06-29_0018_1,re_l_he_6_2024-06-29_0018.JPG,StillImage,,CC-BY4.0,2024-06-29T11:06:32Z,,activity detection,national_monitoring/images_renamed/borgefjell/re_l_he_6/2024/re_l_he_6_2024-06-29_0018.JPG,image/jpeg,authenticate
re_l_he_6_2024-07-03_0003_1,re_l_he_6_2024-07-03_0003.JPG,StillImage,,CC-BY4.0,2024-07-02T22:02:28Z,,activity detection,national_monitoring/images_renamed/borgefjell/re_l_he_6/2024/re_l_he_6_2024-07-03_0003.JPG,image/jpeg,authenticate
re_l_he_6_2024-07-04_0013_1,re_l_he_6_2024-07-04_0013.JPG,StillImage,,CC-BY4.0,2024-07-04T03:26:38Z,,activity detection,national_monitoring/images_renamed/borgefjell/re_l_he_6/2024/re_l_he_6_2024-07-04_0013.JPG,image/jpeg,authenticate
re_l_he_6_2024-07-06_0018_1,re_l_he_6_2024-07-06_0018.JPG,StillImage,,CC-BY4.0,2024-07-06T07:30:07Z,,activity detection,national_monitoring/images_renamed/borgefjell/re_l_he_6/2024/re_l_he_6_2024-07-06_0018.JPG,image/jpeg,authenticate
re_l_he_6_2024-07-06_0030_1,re_l_he_6_2024-07-06_0030.JPG,StillImage,,CC-BY4.0,2024-07-06T12:36:45Z,,activity detection,national_monitoring/images_renamed/borgefjell/re_l_he_6/2024/re_l_he_6_2024-07-06_0030.JPG,image/jpeg,authenticate
re_l_he_6_2024-07-06_0037_1,re_l_he_6_2024-07-06_0037.JPG,StillImage,,CC-BY4.0,2024-07-06T17:24:13Z,,activity detection,national_monitoring/images_renamed/borgefjell/re_l_he_6/2024/re_l_he_6_2024-07-06_0037.JPG,image/jpeg,authenticate
re_l_he_6_2024-07-12_0001_1,re_l_he_6_2024-07-12_0001.JPG,StillImage,,CC-BY4.0,2024-07-11T23:00:00Z,,time lapse,national_monitoring/images_renamed/borgefjell/re_l_he_6/2024/re_l_he_6_2024-07-12_0001.JPG,image/jpeg,authenticate
re_l_he_6_2024-07-20_0015_1,re_l_he_6_2024-07-20_0015.JPG,StillImage,,CC-BY4.0,2024-07-20T10:08:56Z,,activity detection,national_monitoring/images_renamed/borgefjell/re_l_he_6/2024/re_l_he_6_2024-07-20_0015.JPG,image/jpeg,authenticate
re_l_he_6_2024-07-24_0016_1,re_l_he_6_2024-07-24_0016.JPG,StillImage,,CC-BY4.0,2024-07-24T18:24:22Z,,activity detection,national_monitoring/images_renamed/borgefjell/re_l_he_6/2024/re_l_he_6_2024-07-24_0016.JPG,image/jpeg,authenticate
re_l_he_6_2024-07-26_0003_1,re_l_he_6_2024-07-26_0003.JPG,StillImage,,CC-BY4.0,2024-07-26T05:45:52Z,,activity detection,national_monitoring/images_renamed/borgefjell/re_l_he_6/2024/re_l_he_6_2024-07-26_0003.JPG,image/jpeg,authenticate
re_l_he_6_2024-08-10_0001_1,re_l_he_6_2024-08-10_0001.JPG,StillImage,,CC-BY4.0,2024-08-09T23:00:00Z,,time lapse,national_monitoring/images_renamed/borgefjell/re_l_he_6/2024/re_l_he_6_2024-08-10_0001.JPG,image/jpeg,authenticate
re_l_he_6_2024-08-10_0007_1,re_l_he_6_2024-08-10_0007.JPG,StillImage,,CC-BY4.0,2024-08-10T18:05:12Z,,activity detection,national_monitoring/images_renamed/borgefjell/re_l_he_6/2024/re_l_he_6_2024-08-10_0007.JPG,image/jpeg,authenticate
re_l_he_6_2024-08-14_0001_1,re_l_he_6_2024-08-14_0001.JPG,StillImage,,CC-BY4.0,2024-08-13T22:25:13Z,,activity detection,national_monitoring/images_renamed/borgefjell/re_l_he_6/2024/re_l_he_6_2024-08-14_0001.JPG,image/jpeg,authenticate
re_l_he_6_2024-08-14_0010_1,re_l_he_6_2024-08-14_0010.JPG,StillImage,,CC-BY4.0,2024-08-14T06:03:51Z,,activity detection,national_monitoring/images_renamed/borgefjell/re_l_he_6/2024/re_l_he_6_2024-08-14_0010.JPG,image/jpeg,authenticate
re_l_hu_1_2023-09-13_0002_1,re_l_hu_1_2023-09-13_0002.JPG,StillImage,,CC-BY4.0,2023-09-13T11:00:00Z,,time lapse,national_monitoring/images_renamed/borgefjell/re_l_hu_1/2024/re_l_hu_1_2023-09-13_0002.JPG,image/jpeg,authenticate
re_l_hu_1_2023-10-09_0001_1,re_l_hu_1_2023-10-09_0001.JPG,StillImage,,CC-BY4.0,2023-10-08T23:00:00Z,,time lapse,national_monitoring/images_renamed/borgefjell/re_l_hu_1/2024/re_l_hu_1_2023-10-09_0001.JPG,image/jpeg,authenticate
re_l_hu_1_2023-10-10_0002_1,re_l_hu_1_2023-10-10_0002.JPG,StillImage,,CC-BY4.0,2023-10-10T11:00:00Z,,time lapse,national_monitoring/images_renamed/borgefjell/re_l_hu_1/2024/re_l_hu_1_2023-10-10_0002.JPG,image/jpeg,authenticate
re_l_hu_1_2023-10-15_0002_1,re_l_hu_1_2023-10-15_0002.JPG,StillImage,,CC-BY4.0,2023-10-15T08:08:34Z,,activity detection,national_monitoring/images_renamed/borgefjell/re_l_hu_1/2024/re_l_hu_1_2023-10-15_0002.JPG,image/jpeg,authenticate
re_l_hu_1_2023-10-22_0008_1,re_l_hu_1_2023-10-22_0008.JPG,StillImage,,CC-BY4.0,2023-10-22T21:25:17Z,,activity detection,national_monitoring/images_renamed/borgefjell/re_l_hu_1/2024/re_l_hu_1_2023-10-22_0008.JPG,image/jpeg,authenticate
re_l_hu_1_2023-11-23_0002_1,re_l_hu_1_2023-11-23_0002.JPG,StillImage,,CC-BY4.0,2023-11-23T11:00:00Z,,time lapse,national_monitoring/images_renamed/borgefjell/re_l_hu_1/2024/re_l_hu_1_2023-11-23_0002.JPG,image/jpeg,authenticate
re_l_hu_1_2023-12-12_0002_1,re_l_hu_1_2023-12-12_0002.JPG,StillImage,,CC-BY4.0,2023-12-12T11:00:00Z,,time lapse,national_monitoring/images_renamed/borgefjell/re_l_hu_1/2024/re_l_hu_1_2023-12-12_0002.JPG,image/jpeg,authenticate
re_l_hu_1_2023-12-18_0002_1,re_l_hu_1_2023-12-18_0002.JPG,StillImage,,CC-BY4.0,2023-12-18T11:00:00Z,,time lapse,national_monitoring/images_renamed/borgefjell/re_l_hu_1/2024/re_l_hu_1_2023-12-18_0002.JPG,image/jpeg,authenticate
re_l_hu_1_2024-01-18_0002_1,re_l_hu_1_2024-01-18_0002.JPG,StillImage,,CC-BY4.0,2024-01-18T11:00:00Z,,time lapse,national_monitoring/images_renamed/borgefjell/re_l_hu_1/2024/re_l_hu_1_2024-01-18_0002.JPG,image/jpeg,authenticate
re_l_hu_1_2024-02-02_0002_1,re_l_hu_1_2024-02-02_0002.JPG,StillImage,,CC-BY4.0,2024-02-02T11:00:00Z,,time lapse,national_monitoring/images_renamed/borgefjell/re_l_hu_1/2024/re_l_hu_1_2024-02-02_0002.JPG,image/jpeg,authenticate
re_l_hu_1_2024-02-11_0043_1,re_l_hu_1_2024-02-11_0043.JPG,StillImage,,CC-BY4.0,2024-02-11T15:54:27Z,,activity detection,national_monitoring/images_renamed/borgefjell/re_l_hu_1/2024/re_l_hu_1_2024-02-11_0043.JPG,image/jpeg,authenticate
re_l_hu_1_2024-02-12_0008_1,re_l_hu_1_2024-02-12_0008.JPG,StillImage,,CC-BY4.0,2024-02-12T09:52:43Z,,activity detection,national_monitoring/images_renamed/borgefjell/re_l_hu_1/2024/re_l_hu_1_2024-02-12_0008.JPG,image/jpeg,authenticate
re_l_hu_1_2024-02-16_0003_1,re_l_hu_1_2024-02-16_0003.JPG,StillImage,,CC-BY4.0,2024-02-16T18:24:31Z,,activity detection,national_monitoring/images_renamed/borgefjell/re_l_hu_1/2024/re_l_hu_1_2024-02-16_0003.JPG,image/jpeg,authenticate
re_l_hu_1_2024-03-02_0005_1,re_l_hu_1_2024-03-02_0005.JPG,StillImage,,CC-BY4.0,2024-03-02T12:31:57Z,,activity detection,national_monitoring/images_renamed/borgefjell/re_l_hu_1/2024/re_l_hu_1_2024-03-02_0005.JPG,image/jpeg,authenticate
re_l_hu_1_2024-05-05_0006_1,re_l_hu_1_2024-05-05_0006.JPG,StillImage,,CC-BY4.0,2024-05-05T10:07:03Z,,activity detection,national_monitoring/images_renamed/borgefjell/re_l_hu_1/2024/re_l_hu_1_2024-05-05_0006.JPG,image/jpeg,authenticate
re_l_hu_1_2024-05-14_0002_1,re_l_hu_1_2024-05-14_0002.JPG,StillImage,,CC-BY4.0,2024-05-14T04:12:19Z,,activity detection,national_monitoring/images_renamed/borgefjell/re_l_hu_1/2024/re_l_hu_1_2024-05-14_0002.JPG,image/jpeg,authenticate
re_l_hu_1_2024-05-16_0004_1,re_l_hu_1_2024-05-16_0004.JPG,StillImage,,CC-BY4.0,2024-05-16T04:47:20Z,,activity detection,national_monitoring/images_renamed/borgefjell/re_l_hu_1/2024/re_l_hu_1_2024-05-16_0004.JPG,image/jpeg,authenticate
re_l_hu_1_2024-05-28_0002_1,re_l_hu_1_2024-05-28_0002.JPG,StillImage,,CC-BY4.0,2024-05-27T22:59:00Z,,activity detection,national_monitoring/images_renamed/borgefjell/re_l_hu_1/2024/re_l_hu_1_2024-05-28_0002.JPG,image/jpeg,authenticate
re_l_hu_1_2024-05-28_0005_1,re_l_hu_1_2024-05-28_0005.JPG,StillImage,,CC-BY4.0,2024-05-27T23:06:53Z,,activity detection,national_monitoring/images_renamed/borgefjell/re_l_hu_1/2024/re_l_hu_1_2024-05-28_0005.JPG,image/jpeg,authenticate
re_l_hu_1_2024-06-07_0008_1,re_l_hu_1_2024-06-07_0008.JPG,StillImage,,CC-BY4.0,2024-06-07T03:06:35Z,,activity detection,national_monitoring/images_renamed/borgefjell/re_l_hu_1/2024/re_l_hu_1_2024-06-07_0008.JPG,image/jpeg,authenticate
re_l_hu_1_2024-06-13_0004_1,re_l_hu_1_2024-06-13_0004.JPG,StillImage,,CC-BY4.0,2024-06-13T01:08:50Z,,activity detection,national_monitoring/images_renamed/borgefjell/re_l_hu_1/2024/re_l_hu_1_2024-06-13_0004.JPG,image/jpeg,authenticate
re_l_hu_1_2024-06-14_0001_1,re_l_hu_1_2024-06-14_0001.JPG,StillImage,,CC-BY4.0,2024-06-13T23:00:00Z,,time lapse,national_monitoring/images_renamed/borgefjell/re_l_hu_1/2024/re_l_hu_1_2024-06-14_0001.JPG,image/jpeg,authenticate
re_l_hu_1_2024-06-25_0001_1,re_l_hu_1_2024-06-25_0001.JPG,StillImage,,CC-BY4.0,2024-06-24T23:00:00Z,,time lapse,national_monitoring/images_renamed/borgefjell/re_l_hu_1/2024/re_l_hu_1_2024-06-25_0001.JPG,image/jpeg,authenticate
re_l_hu_1_2024-07-08_0005_1,re_l_hu_1_2024-07-08_0005.JPG,StillImage,,CC-BY4.0,2024-07-08T07:07:05Z,,activity detection,national_monitoring/images_renamed/borgefjell/re_l_hu_1/2024/re_l_hu_1_2024-07-08_0005.JPG,image/jpeg,authenticate
re_l_hu_1_2024-07-17_0003_1,re_l_hu_1_2024-07-17_0003.JPG,StillImage,,CC-BY4.0,2024-07-17T02:16:59Z,,activity detection,national_monitoring/images_renamed/borgefjell/re_l_hu_1/2024/re_l_hu_1_2024-07-17_0003.JPG,image/jpeg,authenticate
re_l_hu_1_2024-07-29_0010_1,re_l_hu_1_2024-07-29_0010.JPG,StillImage,,CC-BY4.0,2024-07-29T00:22:54Z,,activity detection,national_monitoring/images_renamed/borgefjell/re_l_hu_1/2024/re_l_hu_1_2024-07-29_0010.JPG,image/jpeg,authenticate
re_l_hu_1_2024-07-29_0014_1,re_l_hu_1_2024-07-29_0014.JPG,StillImage,,CC-BY4.0,2024-07-29T01:12:11Z,,activity detection,national_monitoring/images_renamed/borgefjell/re_l_hu_1/2024/re_l_hu_1_2024-07-29_0014.JPG,image/jpeg,authenticate
re_l_hu_1_2024-08-07_0016_1,re_l_hu_1_2024-08-07_0016.JPG,StillImage,,CC-BY4.0,2024-08-07T19:20:41Z,,activity detection,national_monitoring/images_renamed/borgefjell/re_l_hu_1/2024/re_l_hu_1_2024-08-07_0016.JPG,image/jpeg,authenticate
re_l_hu_1_2024-08-10_0020_1,re_l_hu_1_2024-08-10_0020.JPG,StillImage,,CC-BY4.0,2024-08-10T20:25:21Z,,activity detection,national_monitoring/images_renamed/borgefjell/re_l_hu_1/2024/re_l_hu_1_2024-08-10_0020.JPG,image/jpeg,authenticate
re_l_hu_2_2023-09-25_0002_1,re_l_hu_2_2023-09-25_0002.JPG,StillImage,,CC-BY4.0,2023-09-25T11:00:00Z,,time lapse,national_monitoring/images_renamed/borgefjell/re_l_hu_2/2024/re_l_hu_2_2023-09-25_0002.JPG,image/jpeg,authenticate
re_l_hu_2_2023-10-20_0006_1,re_l_hu_2_2023-10-20_0006.JPG,StillImage,,CC-BY4.0,2023-10-20T11:00:00Z,,time lapse,national_monitoring/images_renamed/borgefjell/re_l_hu_2/2024/re_l_hu_2_2023-10-20_0006.JPG,image/jpeg,authenticate
re_l_hu_2_2023-11-22_0001_1,re_l_hu_2_2023-11-22_0001.JPG,StillImage,,CC-BY4.0,2023-11-21T23:00:00Z,,time lapse,national_monitoring/images_renamed/borgefjell/re_l_hu_2/2024/re_l_hu_2_2023-11-22_0001.JPG,image/jpeg,authenticate
re_l_hu_2_2024-03-22_0013_1,re_l_hu_2_2024-03-22_0013.JPG,StillImage,,CC-BY4.0,2024-03-22T21:46:03Z,,activity detection,national_monitoring/images_renamed/borgefjell/re_l_hu_2/2024/re_l_hu_2_2024-03-22_0013.JPG,image/jpeg,authenticate
re_l_hu_2_2024-03-23_0042_1,re_l_hu_2_2024-03-23_0042.JPG,StillImage,,CC-BY4.0,2024-03-23T09:45:59Z,,activity detection,national_monitoring/images_renamed/borgefjell/re_l_hu_2/2024/re_l_hu_2_2024-03-23_0042.JPG,image/jpeg,authenticate
re_l_hu_2_2024-03-23_0054_1,re_l_hu_2_2024-03-23_0054.JPG,StillImage,,CC-BY4.0,2024-03-23T11:00:00Z,,time lapse,national_monitoring/images_renamed/borgefjell/re_l_hu_2/2024/re_l_hu_2_2024-03-23_0054.JPG,image/jpeg,authenticate
re_l_hu_2_2024-03-24_0016_1,re_l_hu_2_2024-03-24_0016.JPG,StillImage,,CC-BY4.0,2024-03-24T15:33:15Z,,activity detection,national_monitoring/images_renamed/borgefjell/re_l_hu_2/2024/re_l_hu_2_2024-03-24_0016.JPG,image/jpeg,authenticate
re_l_hu_2_2024-03-28_0011_1,re_l_hu_2_2024-03-28_0011.JPG,StillImage,,CC-BY4.0,2024-03-28T07:50:58Z,,activity detection,national_monitoring/images_renamed/borgefjell/re_l_hu_2/2024/re_l_hu_2_2024-03-28_0011.JPG,image/jpeg,authenticate
re_l_hu_2_2024-04-01_0007_1,re_l_hu_2_2024-04-01_0007.JPG,StillImage,,CC-BY4.0,2024-04-01T06:43:40Z,,activity detection,national_monitoring/images_renamed/borgefjell/re_l_hu_2/2024/re_l_hu_2_2024-04-01_0007.JPG,image/jpeg,authenticate
re_l_hu_2_2024-04-01_0017_1,re_l_hu_2_2024-04-01_0017.JPG,StillImage,,CC-BY4.0,2024-04-01T14:04:57Z,,activity detection,national_monitoring/images_renamed/borgefjell/re_l_hu_2/2024/re_l_hu_2_2024-04-01_0017.JPG,image/jpeg,authenticate
re_l_hu_2_2024-04-03_0017_1,re_l_hu_2_2024-04-03_0017.JPG,StillImage,,CC-BY4.0,2024-04-03T17:40:59Z,,activity detection,national_monitoring/images_renamed/borgefjell/re_l_hu_2/2024/re_l_hu_2_2024-04-03_0017.JPG,image/jpeg,authenticate
re_l_hu_2_2024-04-06_0001_1,re_l_hu_2_2024-04-06_0001.JPG,StillImage,,CC-BY4.0,2024-04-05T23:00:00Z,,time lapse,national_monitoring/images_renamed/borgefjell/re_l_hu_2/2024/re_l_hu_2_2024-04-06_0001.JPG,image/jpeg,authenticate
re_l_hu_2_2024-04-23_0027_1,re_l_hu_2_2024-04-23_0027.JPG,StillImage,,CC-BY4.0,2024-04-23T15:23:12Z,,activity detection,national_monitoring/images_renamed/borgefjell/re_l_hu_2/2024/re_l_hu_2_2024-04-23_0027.JPG,image/jpeg,authenticate
re_l_hu_2_2024-05-14_0013_1,re_l_hu_2_2024-05-14_0013.JPG,StillImage,,CC-BY4.0,2024-05-14T20:44:21Z,,activity detection,national_monitoring/images_renamed/borgefjell/re_l_hu_2/2024/re_l_hu_2_2024-05-14_0013.JPG,image/jpeg,authenticate
re_l_hu_2_2024-05-15_0001_1,re_l_hu_2_2024-05-15_0001.JPG,StillImage,,CC-BY4.0,2024-05-14T22:01:05Z,,activity detection,national_monitoring/images_renamed/borgefjell/re_l_hu_2/2024/re_l_hu_2_2024-05-15_0001.JPG,image/jpeg,authenticate
re_l_hu_2_2024-05-15_0161_1,re_l_hu_2_2024-05-15_0161.JPG,StillImage,,CC-BY4.0,2024-05-15T01:46:56Z,,activity detection,national_monitoring/images_renamed/borgefjell/re_l_hu_2/2024/re_l_hu_2_2024-05-15_0161.JPG,image/jpeg,authenticate
re_l_hu_2_2024-05-15_0229_1,re_l_hu_2_2024-05-15_0229.JPG,StillImage,,CC-BY4.0,2024-05-15T03:49:30Z,,activity detection,national_monitoring/images_renamed/borgefjell/re_l_hu_2/2024/re_l_hu_2_2024-05-15_0229.JPG,image/jpeg,authenticate
re_l_hu_2_2024-05-15_0255_1,re_l_hu_2_2024-05-15_0255.JPG,StillImage,,CC-BY4.0,2024-05-15T04:49:14Z,,activity detection,national_monitoring/images_renamed/borgefjell/re_l_hu_2/2024/re_l_hu_2_2024-05-15_0255.JPG,image/jpeg,authenticate
re_l_hu_2_2024-05-15_0381_1,re_l_hu_2_2024-05-15_0381.JPG,StillImage,,CC-BY4.0,2024-05-15T20:47:34Z,,activity detection,national_monitoring/images_renamed/borgefjell/re_l_hu_2/2024/re_l_hu_2_2024-05-15_0381.JPG,image/jpeg,authenticate
re_l_hu_2_2024-05-16_0026_1,re_l_hu_2_2024-05-16_0026.JPG,StillImage,,CC-BY4.0,2024-05-15T22:52:05Z,,activity detection,national_monitoring/images_renamed/borgefjell/re_l_hu_2/2024/re_l_hu_2_2024-05-16_0026.JPG,image/jpeg,authenticate
re_l_hu_2_2024-05-16_0048_1,re_l_hu_2_2024-05-16_0048.JPG,StillImage,,CC-BY4.0,2024-05-15T23:09:18Z,,activity detection,national_monitoring/images_renamed/borgefjell/re_l_hu_2/2024/re_l_hu_2_2024-05-16_0048.JPG,image/jpeg,authenticate
re_l_hu_2_2024-05-16_0165_1,re_l_hu_2_2024-05-16_0165.JPG,StillImage,,CC-BY4.0,2024-05-16T05:31:32Z,,activity detection,national_monitoring/images_renamed/borgefjell/re_l_hu_2/2024/re_l_hu_2_2024-05-16_0165.JPG,image/jpeg,authenticate
re_l_hu_2_2024-05-16_0422_1,re_l_hu_2_2024-05-16_0422.JPG,StillImage,,CC-BY4.0,2024-05-16T21:06:52Z,,activity detection,national_monitoring/images_renamed/borgefjell/re_l_hu_2/2024/re_l_hu_2_2024-05-16_0422.JPG,image/jpeg,authenticate
re_l_hu_2_2024-05-17_0125_1,re_l_hu_2_2024-05-17_0125.JPG,StillImage,,CC-BY4.0,2024-05-17T02:50:06Z,,activity detection,national_monitoring/images_renamed/borgefjell/re_l_hu_2/2024/re_l_hu_2_2024-05-17_0125.JPG,image/jpeg,authenticate
re_l_hu_2_2024-05-17_0126_1,re_l_hu_2_2024-05-17_0126.JPG,StillImage,,CC-BY4.0,2024-05-17T02:56:24Z,,activity detection,national_monitoring/images_renamed/borgefjell/re_l_hu_2/2024/re_l_hu_2_2024-05-17_0126.JPG,image/jpeg,authenticate
re_l_hu_2_2024-05-17_0324_1,re_l_hu_2_2024-05-17_0324.JPG,StillImage,,CC-BY4.0,2024-05-17T21:40:08Z,,activity detection,national_monitoring/images_renamed/borgefjell/re_l_hu_2/2024/re_l_hu_2_2024-05-17_0324.JPG,image/jpeg,authenticate
re_l_hu_2_2024-05-18_0011_1,re_l_hu_2_2024-05-18_0011.JPG,StillImage,,CC-BY4.0,2024-05-17T22:06:29Z,,activity detection,national_monitoring/images_renamed/borgefjell/re_l_hu_2/2024/re_l_hu_2_2024-05-18_0011.JPG,image/jpeg,authenticate
re_l_hu_2_2024-07-06_0001_1,re_l_hu_2_2024-07-06_0001.JPG,StillImage,,CC-BY4.0,2024-07-05T23:00:00Z,,time lapse,national_monitoring/images_renamed/borgefjell/re_l_hu_2/2024/re_l_hu_2_2024-07-06_0001.JPG,image/jpeg,authenticate
re_l_hu_2_2024-07-30_0014_1,re_l_hu_2_2024-07-30_0014.JPG,StillImage,,CC-BY4.0,2024-07-30T10:48:18Z,,activity detection,national_monitoring/images_renamed/borgefjell/re_l_hu_2/2024/re_l_hu_2_2024-07-30_0014.JPG,image/jpeg,authenticate
re_l_hu_2_2024-08-01_0003_1,re_l_hu_2_2024-08-01_0003.JPG,StillImage,,CC-BY4.0,2024-08-01T01:03:40Z,,activity detection,national_monitoring/images_renamed/borgefjell/re_l_hu_2/2024/re_l_hu_2_2024-08-01_0003.JPG,image/jpeg,authenticate
re_l_hu_2_2024-08-08_0027_1,re_l_hu_2_2024-08-08_0027.JPG,StillImage,,CC-BY4.0,2024-08-08T16:10:11Z,,activity detection,national_monitoring/images_renamed/borgefjell/re_l_hu_2/2024/re_l_hu_2_2024-08-08_0027.JPG,image/jpeg,authenticate
re_l_hu_3_2023-08-30_0002_1,re_l_hu_3_2023-08-30_0002.JPG,StillImage,,CC-BY4.0,2023-08-30T11:00:00Z,,time lapse,national_monitoring/images_renamed/borgefjell/re_l_hu_3/2024/re_l_hu_3_2023-08-30_0002.JPG,image/jpeg,authenticate
re_l_hu_3_2023-10-08_0002_1,re_l_hu_3_2023-10-08_0002.JPG,StillImage,,CC-BY4.0,2023-10-08T11:00:00Z,,time lapse,national_monitoring/images_renamed/borgefjell/re_l_hu_3/2024/re_l_hu_3_2023-10-08_0002.JPG,image/jpeg,authenticate
re_l_hu_3_2023-10-16_0001_1,re_l_hu_3_2023-10-16_0001.JPG,StillImage,,CC-BY4.0,2023-10-15T23:00:00Z,,time lapse,national_monitoring/images_renamed/borgefjell/re_l_hu_3/2024/re_l_hu_3_2023-10-16_0001.JPG,image/jpeg,authenticate
re_l_hu_3_2023-11-10_0001_1,re_l_hu_3_2023-11-10_0001.JPG,StillImage,,CC-BY4.0,2023-11-09T23:00:00Z,,time lapse,national_monitoring/images_renamed/borgefjell/re_l_hu_3/2024/re_l_hu_3_2023-11-10_0001.JPG,image/jpeg,authenticate
re_l_hu_3_2023-12-10_0002_1,re_l_hu_3_2023-12-10_0002.JPG,StillImage,,CC-BY4.0,2023-12-10T11:00:00Z,,time lapse,national_monitoring/images_renamed/borgefjell/re_l_hu_3/2024/re_l_hu_3_2023-12-10_0002.JPG,image/jpeg,authenticate
re_l_hu_3_2023-12-16_0002_1,re_l_hu_3_2023-12-16_0002.JPG,StillImage,,CC-BY4.0,2023-12-16T11:00:00Z,,time lapse,national_monitoring/images_renamed/borgefjell/re_l_hu_3/2024/re_l_hu_3_2023-12-16_0002.JPG,image/jpeg,authenticate
re_l_hu_3_2024-01-01_0001_1,re_l_hu_3_2024-01-01_0001.JPG,StillImage,,CC-BY4.0,2023-12-31T23:00:00Z,,time lapse,national_monitoring/images_renamed/borgefjell/re_l_hu_3/2024/re_l_hu_3_2024-01-01_0001.JPG,image/jpeg,authenticate
re_l_hu_3_2024-02-08_0001_1,re_l_hu_3_2024-02-08_0001.JPG,StillImage,,CC-BY4.0,2024-02-07T23:00:00Z,,time lapse,national_monitoring/images_renamed/borgefjell/re_l_hu_3/2024/re_l_hu_3_2024-02-08_0001.JPG,image/jpeg,authenticate
re_l_hu_3_2024-02-17_0002_1,re_l_hu_3_2024-02-17_0002.JPG,StillImage,,CC-BY4.0,2024-02-17T11:00:00Z,,time lapse,national_monitoring/images_renamed/borgefjell/re_l_hu_3/2024/re_l_hu_3_2024-02-17_0002.JPG,image/jpeg,authenticate
re_l_hu_3_2024-02-25_0002_1,re_l_hu_3_2024-02-25_0002.JPG,StillImage,,CC-BY4.0,2024-02-25T11:00:00Z,,time lapse,national_monitoring/images_renamed/borgefjell/re_l_hu_3/2024/re_l_hu_3_2024-02-25_0002.JPG,image/jpeg,authenticate
re_l_hu_3_2024-03-03_0002_1,re_l_hu_3_2024-03-03_0002.JPG,StillImage,,CC-BY4.0,2024-03-03T11:00:00Z,,time lapse,national_monitoring/images_renamed/borgefjell/re_l_hu_3/2024/re_l_hu_3_2024-03-03_0002.JPG,image/jpeg,authenticate
re_l_hu_3_2024-03-20_0002_1,re_l_hu_3_2024-03-20_0002.JPG,StillImage,,CC-BY4.0,2024-03-20T11:00:00Z,,time lapse,national_monitoring/images_renamed/borgefjell/re_l_hu_3/2024/re_l_hu_3_2024-03-20_0002.JPG,image/jpeg,authenticate
re_l_hu_3_2024-05-03_0004_1,re_l_hu_3_2024-05-03_0004.JPG,StillImage,,CC-BY4.0,2024-05-03T04:22:25Z,,activity detection,national_monitoring/images_renamed/borgefjell/re_l_hu_3/2024/re_l_hu_3_2024-05-03_0004.JPG,image/jpeg,authenticate
re_l_hu_3_2024-05-13_0015_1,re_l_hu_3_2024-05-13_0015.JPG,StillImage,,CC-BY4.0,2024-05-13T02:39:51Z,,activity detection,national_monitoring/images_renamed/borgefjell/re_l_hu_3/2024/re_l_hu_3_2024-05-13_0015.JPG,image/jpeg,authenticate
re_l_hu_3_2024-05-19_0007_1,re_l_hu_3_2024-05-19_0007.JPG,StillImage,,CC-BY4.0,2024-05-19T04:11:48Z,,activity detection,national_monitoring/images_renamed/borgefjell/re_l_hu_3/2024/re_l_hu_3_2024-05-19_0007.JPG,image/jpeg,authenticate
re_l_hu_3_2024-05-26_0001_1,re_l_hu_3_2024-05-26_0001.JPG,StillImage,,CC-BY4.0,2024-05-25T23:00:00Z,,time lapse,national_monitoring/images_renamed/borgefjell/re_l_hu_3/2024/re_l_hu_3_2024-05-26_0001.JPG,image/jpeg,authenticate
re_l_hu_3_2024-05-29_0025_1,re_l_hu_3_2024-05-29_0025.JPG,StillImage,,CC-BY4.0,2024-05-29T12:41:43Z,,activity detection,national_monitoring/images_renamed/borgefjell/re_l_hu_3/2024/re_l_hu_3_2024-05-29_0025.JPG,image/jpeg,authenticate
re_l_hu_3_2024-05-29_0034_1,re_l_hu_3_2024-05-29_0034.JPG,StillImage,,CC-BY4.0,2024-05-29T15:42:48Z,,activity detection,national_monitoring/images_renamed/borgefjell/re_l_hu_3/2024/re_l_hu_3_2024-05-29_0034.JPG,image/jpeg,authenticate
re_l_hu_3_2024-05-31_0004_1,re_l_hu_3_2024-05-31_0004.JPG,StillImage,,CC-BY4.0,2024-05-31T11:00:00Z,,time lapse,national_monitoring/images_renamed/borgefjell/re_l_hu_3/2024/re_l_hu_3_2024-05-31_0004.JPG,image/jpeg,authenticate
re_l_hu_3_2024-06-02_0002_1,re_l_hu_3_2024-06-02_0002.JPG,StillImage,,CC-BY4.0,2024-06-02T11:00:00Z,,time lapse,national_monitoring/images_renamed/borgefjell/re_l_hu_3/2024/re_l_hu_3_2024-06-02_0002.JPG,image/jpeg,authenticate
re_l_hu_3_2024-07-08_0001_1,re_l_hu_3_2024-07-08_0001.JPG,StillImage,,CC-BY4.0,2024-07-07T23:00:00Z,,time lapse,national_monitoring/images_renamed/borgefjell/re_l_hu_3/2024/re_l_hu_3_2024-07-08_0001.JPG,image/jpeg,authenticate
re_l_hu_3_2024-07-20_0001_1,re_l_hu_3_2024-07-20_0001.JPG,StillImage,,CC-BY4.0,2024-07-19T23:00:00Z,,time lapse,national_monitoring/images_renamed/borgefjell/re_l_hu_3/2024/re_l_hu_3_2024-07-20_0001.JPG,image/jpeg,authenticate
re_l_hu_4_2023-08-21_0004_1,re_l_hu_4_2023-08-21_0004.JPG,StillImage,,CC-BY4.0,2023-08-21T01:49:28Z,,activity detection,national_monitoring/images_renamed/borgefjell/re_l_hu_4/2024/re_l_hu_4_2023-08-21_0004.JPG,image/jpeg,authenticate
re_l_hu_4_2023-08-22_0001_1,re_l_hu_4_2023-08-22_0001.JPG,StillImage,,CC-BY4.0,2023-08-21T23:00:00Z,,time lapse,national_monitoring/images_renamed/borgefjell/re_l_hu_4/2024/re_l_hu_4_2023-08-22_0001.JPG,image/jpeg,authenticate
re_l_hu_4_2023-08-23_0002_1,re_l_hu_4_2023-08-23_0002.JPG,StillImage,,CC-BY4.0,2023-08-23T11:00:00Z,,time lapse,national_monitoring/images_renamed/borgefjell/re_l_hu_4/2024/re_l_hu_4_2023-08-23_0002.JPG,image/jpeg,authenticate
re_l_hu_4_2023-08-26_0007_1,re_l_hu_4_2023-08-26_0007.JPG,StillImage,,CC-BY4.0,2023-08-26T01:00:18Z,,activity detection,national_monitoring/images_renamed/borgefjell/re_l_hu_4/2024/re_l_hu_4_2023-08-26_0007.JPG,image/jpeg,authenticate
re_l_hu_4_2023-08-26_0008_1,re_l_hu_4_2023-08-26_0008.JPG,StillImage,,CC-BY4.0,2023-08-26T11:00:00Z,,time lapse,national_monitoring/images_renamed/borgefjell/re_l_hu_4/2024/re_l_hu_4_2023-08-26_0008.JPG,image/jpeg,authenticate
re_l_hu_4_2023-08-30_0010_1,re_l_hu_4_2023-08-30_0010.JPG,StillImage,,CC-BY4.0,2023-08-30T20:23:23Z,,activity detection,national_monitoring/images_renamed/borgefjell/re_l_hu_4/2024/re_l_hu_4_2023-08-30_0010.JPG,image/jpeg,authenticate
re_l_hu_4_2023-09-19_0001_1,re_l_hu_4_2023-09-19_0001.JPG,StillImage,,CC-BY4.0,2023-09-18T23:00:00Z,,time lapse,national_monitoring/images_renamed/borgefjell/re_l_hu_4/2024/re_l_hu_4_2023-09-19_0001.JPG,image/jpeg,authenticate
re_l_hu_4_2023-09-21_0005_1,re_l_hu_4_2023-09-21_0005.JPG,StillImage,,CC-BY4.0,2023-09-21T05:08:07Z,,activity detection,national_monitoring/images_renamed/borgefjell/re_l_hu_4/2024/re_l_hu_4_2023-09-21_0005.JPG,image/jpeg,authenticate
re_l_hu_4_2023-09-27_0003_1,re_l_hu_4_2023-09-27_0003.JPG,StillImage,,CC-BY4.0,2023-09-27T03:08:58Z,,activity detection,national_monitoring/images_renamed/borgefjell/re_l_hu_4/2024/re_l_hu_4_2023-09-27_0003.JPG,image/jpeg,authenticate
re_l_hu_4_2023-11-10_0001_1,re_l_hu_4_2023-11-10_0001.JPG,StillImage,,CC-BY4.0,2023-11-09T23:00:00Z,,time lapse,national_monitoring/images_renamed/borgefjell/re_l_hu_4/2024/re_l_hu_4_2023-11-10_0001.JPG,image/jpeg,authenticate
re_l_hu_4_2023-11-29_0001_1,re_l_hu_4_2023-11-29_0001.JPG,StillImage,,CC-BY4.0,2023-11-28T23:00:00Z,,time lapse,national_monitoring/images_renamed/borgefjell/re_l_hu_4/2024/re_l_hu_4_2023-11-29_0001.JPG,image/jpeg,authenticate
re_l_hu_4_2023-12-01_0003_1,re_l_hu_4_2023-12-01_0003.JPG,StillImage,,CC-BY4.0,2023-12-01T09:05:55Z,,activity detection,national_monitoring/images_renamed/borgefjell/re_l_hu_4/2024/re_l_hu_4_2023-12-01_0003.JPG,image/jpeg,authenticate
re_l_hu_4_2024-03-24_0001_1,re_l_hu_4_2024-03-24_0001.JPG,StillImage,,CC-BY4.0,2024-03-23T23:00:00Z,,time lapse,national_monitoring/images_renamed/borgefjell/re_l_hu_4/2024/re_l_hu_4_2024-03-24_0001.JPG,image/jpeg,authenticate
re_l_hu_4_2024-03-28_0001_1,re_l_hu_4_2024-03-28_0001.JPG,StillImage,,CC-BY4.0,2024-03-27T23:00:00Z,,time lapse,national_monitoring/images_renamed/borgefjell/re_l_hu_4/2024/re_l_hu_4_2024-03-28_0001.JPG,image/jpeg,authenticate
re_l_hu_4_2024-04-10_0002_1,re_l_hu_4_2024-04-10_0002.JPG,StillImage,,CC-BY4.0,2024-04-10T11:00:00Z,,time lapse,national_monitoring/images_renamed/borgefjell/re_l_hu_4/2024/re_l_hu_4_2024-04-10_0002.JPG,image/jpeg,authenticate
re_l_hu_4_2024-05-30_0001_1,re_l_hu_4_2024-05-30_0001.JPG,StillImage,,CC-BY4.0,2024-05-29T23:00:00Z,,time lapse,national_monitoring/images_renamed/borgefjell/re_l_hu_4/2024/re_l_hu_4_2024-05-30_0001.JPG,image/jpeg,authenticate
re_l_hu_4_2024-06-06_0015_1,re_l_hu_4_2024-06-06_0015.JPG,StillImage,,CC-BY4.0,2024-06-06T04:04:57Z,,activity detection,national_monitoring/images_renamed/borgefjell/re_l_hu_4/2024/re_l_hu_4_2024-06-06_0015.JPG,image/jpeg,authenticate
re_l_hu_4_2024-06-07_0030_1,re_l_hu_4_2024-06-07_0030.JPG,StillImage,,CC-BY4.0,2024-06-07T16:48:05Z,,activity detection,national_monitoring/images_renamed/borgefjell/re_l_hu_4/2024/re_l_hu_4_2024-06-07_0030.JPG,image/jpeg,authenticate
re_l_hu_4_2024-06-12_0002_1,re_l_hu_4_2024-06-12_0002.JPG,StillImage,,CC-BY4.0,2024-06-12T01:18:13Z,,activity detection,national_monitoring/images_renamed/borgefjell/re_l_hu_4/2024/re_l_hu_4_2024-06-12_0002.JPG,image/jpeg,authenticate
re_l_hu_4_2024-06-12_0031_1,re_l_hu_4_2024-06-12_0031.JPG,StillImage,,CC-BY4.0,2024-06-12T16:58:13Z,,activity detection,national_monitoring/images_renamed/borgefjell/re_l_hu_4/2024/re_l_hu_4_2024-06-12_0031.JPG,image/jpeg,authenticate
re_l_hu_4_2024-06-13_0045_1,re_l_hu_4_2024-06-13_0045.JPG,StillImage,,CC-BY4.0,2024-06-13T18:35:09Z,,activity detection,national_monitoring/images_renamed/borgefjell/re_l_hu_4/2024/re_l_hu_4_2024-06-13_0045.JPG,image/jpeg,authenticate
re_l_hu_4_2024-06-28_0012_1,re_l_hu_4_2024-06-28_0012.JPG,StillImage,,CC-BY4.0,2024-06-28T11:00:00Z,,time lapse,national_monitoring/images_renamed/borgefjell/re_l_hu_4/2024/re_l_hu_4_2024-06-28_0012.JPG,image/jpeg,authenticate
re_l_hu_4_2024-07-05_0004_1,re_l_hu_4_2024-07-05_0004.JPG,StillImage,,CC-BY4.0,2024-07-05T11:00:00Z,,time lapse,national_monitoring/images_renamed/borgefjell/re_l_hu_4/2024/re_l_hu_4_2024-07-05_0004.JPG,image/jpeg,authenticate
re_l_hu_4_2024-07-07_0001_1,re_l_hu_4_2024-07-07_0001.JPG,StillImage,,CC-BY4.0,2024-07-06T23:00:00Z,,time lapse,national_monitoring/images_renamed/borgefjell/re_l_hu_4/2024/re_l_hu_4_2024-07-07_0001.JPG,image/jpeg,authenticate
re_l_hu_4_2024-07-11_0004_1,re_l_hu_4_2024-07-11_0004.JPG,StillImage,,CC-BY4.0,2024-07-11T11:00:00Z,,time lapse,national_monitoring/images_renamed/borgefjell/re_l_hu_4/2024/re_l_hu_4_2024-07-11_0004.JPG,image/jpeg,authenticate
re_l_hu_4_2024-07-30_0001_1,re_l_hu_4_2024-07-30_0001.JPG,StillImage,,CC-BY4.0,2024-07-29T23:00:00Z,,time lapse,national_monitoring/images_renamed/borgefjell/re_l_hu_4/2024/re_l_hu_4_2024-07-30_0001.JPG,image/jpeg,authenticate
re_l_hu_4_2024-08-04_0002_1,re_l_hu_4_2024-08-04_0002.JPG,StillImage,,CC-BY4.0,2024-08-03T22:24:21Z,,activity detection,national_monitoring/images_renamed/borgefjell/re_l_hu_4/2024/re_l_hu_4_2024-08-04_0002.JPG,image/jpeg,authenticate
re_l_hu_5_2023-08-15_0006_1,re_l_hu_5_2023-08-15_0006.JPG,StillImage,,CC-BY4.0,2023-08-15T15:26:14Z,,activity detection,national_monitoring/images_renamed/borgefjell/re_l_hu_5/2024/re_l_hu_5_2023-08-15_0006.JPG,image/jpeg,authenticate
re_l_hu_5_2023-08-20_0002_1,re_l_hu_5_2023-08-20_0002.JPG,StillImage,,CC-BY4.0,2023-08-20T11:00:00Z,,time lapse,national_monitoring/images_renamed/borgefjell/re_l_hu_5/2024/re_l_hu_5_2023-08-20_0002.JPG,image/jpeg,authenticate
re_l_hu_5_2023-08-31_0023_1,re_l_hu_5_2023-08-31_0023.JPG,StillImage,,CC-BY4.0,2023-08-31T16:55:21Z,,activity detection,national_monitoring/images_renamed/borgefjell/re_l_hu_5/2024/re_l_hu_5_2023-08-31_0023.JPG,image/jpeg,authenticate
re_l_hu_5_2023-09-23_0009_1,re_l_hu_5_2023-09-23_0009.JPG,StillImage,,CC-BY4.0,2023-09-23T18:20:13Z,,activity detection,national_monitoring/images_renamed/borgefjell/re_l_hu_5/2024/re_l_hu_5_2023-09-23_0009.JPG,image/jpeg,authenticate
re_l_hu_5_2023-10-01_0001_1,re_l_hu_5_2023-10-01_0001.JPG,StillImage,,CC-BY4.0,2023-09-30T23:00:00Z,,time lapse,national_monitoring/images_renamed/borgefjell/re_l_hu_5/2024/re_l_hu_5_2023-10-01_0001.JPG,image/jpeg,authenticate
re_l_hu_5_2023-10-01_0004_1,re_l_hu_5_2023-10-01_0004.JPG,StillImage,,CC-BY4.0,2023-10-01T01:00:55Z,,activity detection,national_monitoring/images_renamed/borgefjell/re_l_hu_5/2024/re_l_hu_5_2023-10-01_0004.JPG,image/jpeg,authenticate
re_l_hu_5_2023-10-05_0010_1,re_l_hu_5_2023-10-05_0010.JPG,StillImage,,CC-BY4.0,2023-10-05T19:16:28Z,,activity detection,national_monitoring/images_renamed/borgefjell/re_l_hu_5/2024/re_l_hu_5_2023-10-05_0010.JPG,image/jpeg,authenticate
re_l_hu_5_2023-10-06_0014_1,re_l_hu_5_2023-10-06_0014.JPG,StillImage,,CC-BY4.0,2023-10-06T15:52:18Z,,activity detection,national_monitoring/images_renamed/borgefjell/re_l_hu_5/2024/re_l_hu_5_2023-10-06_0014.JPG,image/jpeg,authenticate
re_l_hu_5_2023-10-09_0001_1,re_l_hu_5_2023-10-09_0001.JPG,StillImage,,CC-BY4.0,2023-10-08T23:00:00Z,,time lapse,national_monitoring/images_renamed/borgefjell/re_l_hu_5/2024/re_l_hu_5_2023-10-09_0001.JPG,image/jpeg,authenticate
re_l_hu_5_2023-10-15_0031_1,re_l_hu_5_2023-10-15_0031.JPG,StillImage,,CC-BY4.0,2023-10-15T21:12:32Z,,activity detection,national_monitoring/images_renamed/borgefjell/re_l_hu_5/2024/re_l_hu_5_2023-10-15_0031.JPG,image/jpeg,authenticate
re_l_hu_5_2023-10-25_0009_1,re_l_hu_5_2023-10-25_0009.JPG,StillImage,,CC-BY4.0,2023-10-25T08:24:16Z,,activity detection,national_monitoring/images_renamed/borgefjell/re_l_hu_5/2024/re_l_hu_5_2023-10-25_0009.JPG,image/jpeg,authenticate
re_l_hu_5_2023-11-06_0007_1,re_l_hu_5_2023-11-06_0007.JPG,StillImage,,CC-BY4.0,2023-11-06T13:09:47Z,,activity detection,national_monitoring/images_renamed/borgefjell/re_l_hu_5/2024/re_l_hu_5_2023-11-06_0007.JPG,image/jpeg,authenticate
re_l_hu_5_2023-11-09_0001_1,re_l_hu_5_2023-11-09_0001.JPG,StillImage,,CC-BY4.0,2023-11-08T23:00:00Z,,time lapse,national_monitoring/images_renamed/borgefjell/re_l_hu_5/2024/re_l_hu_5_2023-11-09_0001.JPG,image/jpeg,authenticate
re_l_hu_5_2023-12-19_0008_1,re_l_hu_5_2023-12-19_0008.JPG,StillImage,,CC-BY4.0,2023-12-19T11:59:34Z,,activity detection,national_monitoring/images_renamed/borgefjell/re_l_hu_5/2024/re_l_hu_5_2023-12-19_0008.JPG,image/jpeg,authenticate
re_l_hu_5_2023-12-27_0005_1,re_l_hu_5_2023-12-27_0005.JPG,StillImage,,CC-BY4.0,2023-12-27T19:49:31Z,,activity detection,national_monitoring/images_renamed/borgefjell/re_l_hu_5/2024/re_l_hu_5_2023-12-27_0005.JPG,image/jpeg,authenticate
re_l_hu_5_2024-01-18_0001_1,re_l_hu_5_2024-01-18_0001.JPG,StillImage,,CC-BY4.0,2024-01-17T23:00:00Z,,time lapse,national_monitoring/images_renamed/borgefjell/re_l_hu_5/2024/re_l_hu_5_2024-01-18_0001.JPG,image/jpeg,authenticate
re_l_hu_5_2024-04-06_0001_1,re_l_hu_5_2024-04-06_0001.JPG,StillImage,,CC-BY4.0,2024-04-05T23:00:00Z,,time lapse,national_monitoring/images_renamed/borgefjell/re_l_hu_5/2024/re_l_hu_5_2024-04-06_0001.JPG,image/jpeg,authenticate
re_l_hu_5_2024-04-14_0003_1,re_l_hu_5_2024-04-14_0003.JPG,StillImage,,CC-BY4.0,2024-04-14T05:11:19Z,,activity detection,national_monitoring/images_renamed/borgefjell/re_l_hu_5/2024/re_l_hu_5_2024-04-14_0003.JPG,image/jpeg,authenticate
re_l_hu_5_2024-04-15_0029_1,re_l_hu_5_2024-04-15_0029.JPG,StillImage,,CC-BY4.0,2024-04-15T16:41:42Z,,activity detection,national_monitoring/images_renamed/borgefjell/re_l_hu_5/2024/re_l_hu_5_2024-04-15_0029.JPG,image/jpeg,authenticate
re_l_hu_5_2024-04-17_0004_1,re_l_hu_5_2024-04-17_0004.JPG,StillImage,,CC-BY4.0,2024-04-17T07:05:12Z,,activity detection,national_monitoring/images_renamed/borgefjell/re_l_hu_5/2024/re_l_hu_5_2024-04-17_0004.JPG,image/jpeg,authenticate
re_l_hu_5_2024-04-23_0013_1,re_l_hu_5_2024-04-23_0013.JPG,StillImage,,CC-BY4.0,2024-04-23T14:40:36Z,,activity detection,national_monitoring/images_renamed/borgefjell/re_l_hu_5/2024/re_l_hu_5_2024-04-23_0013.JPG,image/jpeg,authenticate
re_l_hu_5_2024-04-23_0015_1,re_l_hu_5_2024-04-23_0015.JPG,StillImage,,CC-BY4.0,2024-04-23T15:47:17Z,,activity detection,national_monitoring/images_renamed/borgefjell/re_l_hu_5/2024/re_l_hu_5_2024-04-23_0015.JPG,image/jpeg,authenticate
re_l_hu_5_2024-05-14_0065_1,re_l_hu_5_2024-05-14_0065.JPG,StillImage,,CC-BY4.0,2024-05-14T17:56:10Z,,activity detection,national_monitoring/images_renamed/borgefjell/re_l_hu_5/2024/re_l_hu_5_2024-05-14_0065.JPG,image/jpeg,authenticate
re_l_hu_5_2024-05-15_0010_1,re_l_hu_5_2024-05-15_0010.JPG,StillImage,,CC-BY4.0,2024-05-15T10:31:42Z,,activity detection,national_monitoring/images_renamed/borgefjell/re_l_hu_5/2024/re_l_hu_5_2024-05-15_0010.JPG,image/jpeg,authenticate
re_l_hu_5_2024-05-15_0013_1,re_l_hu_5_2024-05-15_0013.JPG,StillImage,,CC-BY4.0,2024-05-15T10:38:32Z,,activity detection,national_monitoring/images_renamed/borgefjell/re_l_hu_5/2024/re_l_hu_5_2024-05-15_0013.JPG,image/jpeg,authenticate
re_l_hu_5_2024-05-19_0011_1,re_l_hu_5_2024-05-19_0011.JPG,StillImage,,CC-BY4.0,2024-05-19T05:00:18Z,,activity detection,national_monitoring/images_renamed/borgefjell/re_l_hu_5/2024/re_l_hu_5_2024-05-19_0011.JPG,image/jpeg,authenticate
re_l_hu_5_2024-05-28_0021_1,re_l_hu_5_2024-05-28_0021.JPG,StillImage,,CC-BY4.0,2024-05-28T07:14:36Z,,activity detection,national_monitoring/images_renamed/borgefjell/re_l_hu_5/2024/re_l_hu_5_2024-05-28_0021.JPG,image/jpeg,authenticate
re_l_hu_5_2024-05-29_0002_1,re_l_hu_5_2024-05-29_0002.JPG,StillImage,,CC-BY4.0,2024-05-28T22:52:20Z,,activity detection,national_monitoring/images_renamed/borgefjell/re_l_hu_5/2024/re_l_hu_5_2024-05-29_0002.JPG,image/jpeg,authenticate
re_l_hu_5_2024-05-29_0030_1,re_l_hu_5_2024-05-29_0030.JPG,StillImage,,CC-BY4.0,2024-05-29T16:02:15Z,,activity detection,national_monitoring/images_renamed/borgefjell/re_l_hu_5/2024/re_l_hu_5_2024-05-29_0030.JPG,image/jpeg,authenticate
re_l_hu_5_2024-05-31_0008_1,re_l_hu_5_2024-05-31_0008.JPG,StillImage,,CC-BY4.0,2024-05-31T00:50:35Z,,activity detection,national_monitoring/images_renamed/borgefjell/re_l_hu_5/2024/re_l_hu_5_2024-05-31_0008.JPG,image/jpeg,authenticate
re_l_hu_5_2024-06-17_0003_1,re_l_hu_5_2024-06-17_0003.JPG,StillImage,,CC-BY4.0,2024-06-17T14:44:22Z,,activity detection,national_monitoring/images_renamed/borgefjell/re_l_hu_5/2024/re_l_hu_5_2024-06-17_0003.JPG,image/jpeg,authenticate
re_l_hu_5_2024-06-24_0002_1,re_l_hu_5_2024-06-24_0002.JPG,StillImage,,CC-BY4.0,2024-06-24T11:00:00Z,,time lapse,national_monitoring/images_renamed/borgefjell/re_l_hu_5/2024/re_l_hu_5_2024-06-24_0002.JPG,image/jpeg,authenticate
re_l_hu_5_2024-06-30_0028_1,re_l_hu_5_2024-06-30_0028.JPG,StillImage,,CC-BY4.0,2024-06-30T14:58:23Z,,activity detection,national_monitoring/images_renamed/borgefjell/re_l_hu_5/2024/re_l_hu_5_2024-06-30_0028.JPG,image/jpeg,authenticate
re_l_hu_5_2024-07-06_0002_1,re_l_hu_5_2024-07-06_0002.JPG,StillImage,,CC-BY4.0,2024-07-06T08:37:23Z,,activity detection,national_monitoring/images_renamed/borgefjell/re_l_hu_5/2024/re_l_hu_5_2024-07-06_0002.JPG,image/jpeg,authenticate
re_l_hu_5_2024-07-20_0001_1,re_l_hu_5_2024-07-20_0001.JPG,StillImage,,CC-BY4.0,2024-07-19T23:00:00Z,,time lapse,national_monitoring/images_renamed/borgefjell/re_l_hu_5/2024/re_l_hu_5_2024-07-20_0001.JPG,image/jpeg,authenticate
re_l_hu_5_2024-08-02_0006_1,re_l_hu_5_2024-08-02_0006.JPG,StillImage,,CC-BY4.0,2024-08-02T08:00:25Z,,activity detection,national_monitoring/images_renamed/borgefjell/re_l_hu_5/2024/re_l_hu_5_2024-08-02_0006.JPG,image/jpeg,authenticate
re_l_hu_5_2024-08-04_0001_1,re_l_hu_5_2024-08-04_0001.JPG,StillImage,,CC-BY4.0,2024-08-03T23:00:00Z,,time lapse,national_monitoring/images_renamed/borgefjell/re_l_hu_5/2024/re_l_hu_5_2024-08-04_0001.JPG,image/jpeg,authenticate
re_l_hu_6_2023-09-05_0006_1,re_l_hu_6_2023-09-05_0006.JPG,StillImage,,CC-BY4.0,2023-09-05T11:00:00Z,,time lapse,national_monitoring/images_renamed/borgefjell/re_l_hu_6/2024/re_l_hu_6_2023-09-05_0006.JPG,image/jpeg,authenticate
re_l_hu_6_2023-09-08_0007_1,re_l_hu_6_2023-09-08_0007.JPG,StillImage,,CC-BY4.0,2023-09-08T10:26:27Z,,activity detection,national_monitoring/images_renamed/borgefjell/re_l_hu_6/2024/re_l_hu_6_2023-09-08_0007.JPG,image/jpeg,authenticate
re_l_hu_6_2023-09-19_0023_1,re_l_hu_6_2023-09-19_0023.JPG,StillImage,,CC-BY4.0,2023-09-19T10:54:24Z,,activity detection,national_monitoring/images_renamed/borgefjell/re_l_hu_6/2024/re_l_hu_6_2023-09-19_0023.JPG,image/jpeg,authenticate
re_l_hu_6_2023-09-26_0003_1,re_l_hu_6_2023-09-26_0003.JPG,StillImage,,CC-BY4.0,2023-09-26T18:52:07Z,,activity detection,national_monitoring/images_renamed/borgefjell/re_l_hu_6/2024/re_l_hu_6_2023-09-26_0003.JPG,image/jpeg,authenticate
re_l_hu_6_2023-10-04_0018_1,re_l_hu_6_2023-10-04_0018.JPG,StillImage,,CC-BY4.0,2023-10-04T13:04:45Z,,activity detection,national_monitoring/images_renamed/borgefjell/re_l_hu_6/2024/re_l_hu_6_2023-10-04_0018.JPG,image/jpeg,authenticate
re_l_hu_6_2023-10-10_0018_1,re_l_hu_6_2023-10-10_0018.JPG,StillImage,,CC-BY4.0,2023-10-10T08:35:17Z,,activity detection,national_monitoring/images_renamed/borgefjell/re_l_hu_6/2024/re_l_hu_6_2023-10-10_0018.JPG,image/jpeg,authenticate
re_l_hu_6_2023-10-10_0040_1,re_l_hu_6_2023-10-10_0040.JPG,StillImage,,CC-BY4.0,2023-10-10T12:19:47Z,,activity detection,national_monitoring/images_renamed/borgefjell/re_l_hu_6/2024/re_l_hu_6_2023-10-10_0040.JPG,image/jpeg,authenticate
re_l_hu_6_2023-10-10_0050_1,re_l_hu_6_2023-10-10_0050.JPG,StillImage,,CC-BY4.0,2023-10-10T17:23:40Z,,activity detection,national_monitoring/images_renamed/borgefjell/re_l_hu_6/2024/re_l_hu_6_2023-10-10_0050.JPG,image/jpeg,authenticate
re_l_hu_6_2023-10-22_0010_1,re_l_hu_6_2023-10-22_0010.JPG,StillImage,,CC-BY4.0,2023-10-22T07:19:53Z,,activity detection,national_monitoring/images_renamed/borgefjell/re_l_hu_6/2024/re_l_hu_6_2023-10-22_0010.JPG,image/jpeg,authenticate
re_l_hu_6_2023-10-22_0052_1,re_l_hu_6_2023-10-22_0052.JPG,StillImage,,CC-BY4.0,2023-10-22T15:48:57Z,,activity detection,national_monitoring/images_renamed/borgefjell/re_l_hu_6/2024/re_l_hu_6_2023-10-22_0052.JPG,image/jpeg,authenticate
re_l_hu_6_2023-10-23_0006_1,re_l_hu_6_2023-10-23_0006.JPG,StillImage,,CC-BY4.0,2023-10-23T09:31:52Z,,activity detection,national_monitoring/images_renamed/borgefjell/re_l_hu_6/2024/re_l_hu_6_2023-10-23_0006.JPG,image/jpeg,authenticate
re_l_hu_6_2023-10-28_0013_1,re_l_hu_6_2023-10-28_0013.JPG,StillImage,,CC-BY4.0,2023-10-28T13:56:19Z,,activity detection,national_monitoring/images_renamed/borgefjell/re_l_hu_6/2024/re_l_hu_6_2023-10-28_0013.JPG,image/jpeg,authenticate
re_l_hu_6_2023-10-28_0031_1,re_l_hu_6_2023-10-28_0031.JPG,StillImage,,CC-BY4.0,2023-10-28T20:27:05Z,,activity detection,national_monitoring/images_renamed/borgefjell/re_l_hu_6/2024/re_l_hu_6_2023-10-28_0031.JPG,image/jpeg,authenticate
re_l_hu_6_2023-10-30_0003_1,re_l_hu_6_2023-10-30_0003.JPG,StillImage,,CC-BY4.0,2023-10-30T00:44:42Z,,activity detection,national_monitoring/images_renamed/borgefjell/re_l_hu_6/2024/re_l_hu_6_2023-10-30_0003.JPG,image/jpeg,authenticate
re_l_hu_6_2023-10-30_0014_1,re_l_hu_6_2023-10-30_0014.JPG,StillImage,,CC-BY4.0,2023-10-30T12:47:07Z,,activity detection,national_monitoring/images_renamed/borgefjell/re_l_hu_6/2024/re_l_hu_6_2023-10-30_0014.JPG,image/jpeg,authenticate
re_l_hu_6_2023-11-03_0042_1,re_l_hu_6_2023-11-03_0042.JPG,StillImage,,CC-BY4.0,2023-11-03T11:40:14Z,,activity detection,national_monitoring/images_renamed/borgefjell/re_l_hu_6/2024/re_l_hu_6_2023-11-03_0042.JPG,image/jpeg,authenticate
re_l_hu_6_2023-11-07_0008_1,re_l_hu_6_2023-11-07_0008.JPG,StillImage,,CC-BY4.0,2023-11-07T04:53:48Z,,activity detection,national_monitoring/images_renamed/borgefjell/re_l_hu_6/2024/re_l_hu_6_2023-11-07_0008.JPG,image/jpeg,authenticate
re_l_hu_6_2023-11-07_0019_1,re_l_hu_6_2023-11-07_0019.JPG,StillImage,,CC-BY4.0,2023-11-07T21:46:12Z,,activity detection,national_monitoring/images_renamed/borgefjell/re_l_hu_6/2024/re_l_hu_6_2023-11-07_0019.JPG,image/jpeg,authenticate
re_l_hu_6_2023-11-27_0002_1,re_l_hu_6_2023-11-27_0002.JPG,StillImage,,CC-BY4.0,2023-11-27T11:00:00Z,,time lapse,national_monitoring/images_renamed/borgefjell/re_l_hu_6/2024/re_l_hu_6_2023-11-27_0002.JPG,image/jpeg,authenticate
re_l_hu_6_2024-01-12_0003_1,re_l_hu_6_2024-01-12_0003.JPG,StillImage,,CC-BY4.0,2024-01-12T04:37:03Z,,activity detection,national_monitoring/images_renamed/borgefjell/re_l_hu_6/2024/re_l_hu_6_2024-01-12_0003.JPG,image/jpeg,authenticate
re_l_hu_6_2024-01-13_0003_1,re_l_hu_6_2024-01-13_0003.JPG,StillImage,,CC-BY4.0,2024-01-13T10:18:10Z,,activity detection,national_monitoring/images_renamed/borgefjell/re_l_hu_6/2024/re_l_hu_6_2024-01-13_0003.JPG,image/jpeg,authenticate
re_l_hu_6_2024-02-22_0002_1,re_l_hu_6_2024-02-22_0002.JPG,StillImage,,CC-BY4.0,2024-02-22T11:00:00Z,,time lapse,national_monitoring/images_renamed/borgefjell/re_l_hu_6/2024/re_l_hu_6_2024-02-22_0002.JPG,image/jpeg,authenticate
re_l_hu_6_2024-03-03_0001_1,re_l_hu_6_2024-03-03_0001.JPG,StillImage,,CC-BY4.0,2024-03-02T23:00:00Z,,time lapse,national_monitoring/images_renamed/borgefjell/re_l_hu_6/2024/re_l_hu_6_2024-03-03_0001.JPG,image/jpeg,authenticate
re_l_hu_6_2024-03-27_0002_1,re_l_hu_6_2024-03-27_0002.JPG,StillImage,,CC-BY4.0,2024-03-27T11:00:00Z,,time lapse,national_monitoring/images_renamed/borgefjell/re_l_hu_6/2024/re_l_hu_6_2024-03-27_0002.JPG,image/jpeg,authenticate
re_l_hu_6_2024-04-03_0001_1,re_l_hu_6_2024-04-03_0001.JPG,StillImage,,CC-BY4.0,2024-04-02T23:00:00Z,,time lapse,national_monitoring/images_renamed/borgefjell/re_l_hu_6/2024/re_l_hu_6_2024-04-03_0001.JPG,image/jpeg,authenticate
re_l_hu_6_2024-04-12_0002_1,re_l_hu_6_2024-04-12_0002.JPG,StillImage,,CC-BY4.0,2024-04-12T11:00:00Z,,time lapse,national_monitoring/images_renamed/borgefjell/re_l_hu_6/2024/re_l_hu_6_2024-04-12_0002.JPG,image/jpeg,authenticate
re_l_hu_6_2024-04-15_0004_1,re_l_hu_6_2024-04-15_0004.JPG,StillImage,,CC-BY4.0,2024-04-15T12:03:23Z,,activity detection,national_monitoring/images_renamed/borgefjell/re_l_hu_6/2024/re_l_hu_6_2024-04-15_0004.JPG,image/jpeg,authenticate
re_l_hu_6_2024-05-25_0014_1,re_l_hu_6_2024-05-25_0014.JPG,StillImage,,CC-BY4.0,2024-05-25T07:50:12Z,,activity detection,national_monitoring/images_renamed/borgefjell/re_l_hu_6/2024/re_l_hu_6_2024-05-25_0014.JPG,image/jpeg,authenticate
re_l_hu_6_2024-05-27_0004_1,re_l_hu_6_2024-05-27_0004.JPG,StillImage,,CC-BY4.0,2024-05-27T11:00:00Z,,time lapse,national_monitoring/images_renamed/borgefjell/re_l_hu_6/2024/re_l_hu_6_2024-05-27_0004.JPG,image/jpeg,authenticate
re_l_hu_6_2024-05-28_0002_1,re_l_hu_6_2024-05-28_0002.JPG,StillImage,,CC-BY4.0,2024-05-28T00:15:52Z,,activity detection,national_monitoring/images_renamed/borgefjell/re_l_hu_6/2024/re_l_hu_6_2024-05-28_0002.JPG,image/jpeg,authenticate
re_l_hu_6_2024-07-26_0020_1,re_l_hu_6_2024-07-26_0020.JPG,StillImage,,CC-BY4.0,2024-07-26T11:09:37Z,,activity detection,national_monitoring/images_renamed/borgefjell/re_l_hu_6/2024/re_l_hu_6_2024-07-26_0020.JPG,image/jpeg,authenticate
re_l_hu_6_2024-08-15_0009_1,re_l_hu_6_2024-08-15_0009.JPG,StillImage,,CC-BY4.0,2024-08-15T01:40:25Z,,activity detection,national_monitoring/images_renamed/borgefjell/re_l_hu_6/2024/re_l_hu_6_2024-08-15_0009.JPG,image/jpeg,authenticate
re_l_sn_1_2023-09-22_0007_1,re_l_sn_1_2023-09-22_0007.JPG,StillImage,,CC-BY4.0,2023-09-22T14:32:14Z,,activity detection,national_monitoring/images_renamed/borgefjell/re_l_sn_1/2024/re_l_sn_1_2023-09-22_0007.JPG,image/jpeg,authenticate
re_l_sn_1_2023-09-24_0013_1,re_l_sn_1_2023-09-24_0013.JPG,StillImage,,CC-BY4.0,2023-09-24T18:13:11Z,,activity detection,national_monitoring/images_renamed/borgefjell/re_l_sn_1/2024/re_l_sn_1_2023-09-24_0013.JPG,image/jpeg,authenticate
re_l_sn_1_2023-10-25_0003_1,re_l_sn_1_2023-10-25_0003.JPG,StillImage,,CC-BY4.0,2023-10-25T15:09:48Z,,activity detection,national_monitoring/images_renamed/borgefjell/re_l_sn_1/2024/re_l_sn_1_2023-10-25_0003.JPG,image/jpeg,authenticate
re_l_sn_1_2023-10-27_0002_1,re_l_sn_1_2023-10-27_0002.JPG,StillImage,,CC-BY4.0,2023-10-27T11:00:00Z,,time lapse,national_monitoring/images_renamed/borgefjell/re_l_sn_1/2024/re_l_sn_1_2023-10-27_0002.JPG,image/jpeg,authenticate
re_l_sn_1_2023-11-05_0015_1,re_l_sn_1_2023-11-05_0015.JPG,StillImage,,CC-BY4.0,2023-11-05T11:44:06Z,,activity detection,national_monitoring/images_renamed/borgefjell/re_l_sn_1/2024/re_l_sn_1_2023-11-05_0015.JPG,image/jpeg,authenticate
re_l_sn_1_2023-11-10_0001_1,re_l_sn_1_2023-11-10_0001.JPG,StillImage,,CC-BY4.0,2023-11-09T23:00:00Z,,time lapse,national_monitoring/images_renamed/borgefjell/re_l_sn_1/2024/re_l_sn_1_2023-11-10_0001.JPG,image/jpeg,authenticate
re_l_sn_1_2023-11-10_0002_1,re_l_sn_1_2023-11-10_0002.JPG,StillImage,,CC-BY4.0,2023-11-10T10:22:08Z,,activity detection,national_monitoring/images_renamed/borgefjell/re_l_sn_1/2024/re_l_sn_1_2023-11-10_0002.JPG,image/jpeg,authenticate
re_l_sn_1_2023-11-21_0006_1,re_l_sn_1_2023-11-21_0006.JPG,StillImage,,CC-BY4.0,2023-11-21T21:04:05Z,,activity detection,national_monitoring/images_renamed/borgefjell/re_l_sn_1/2024/re_l_sn_1_2023-11-21_0006.JPG,image/jpeg,authenticate
re_l_sn_1_2023-11-29_0001_1,re_l_sn_1_2023-11-29_0001.JPG,StillImage,,CC-BY4.0,2023-11-28T23:00:00Z,,time lapse,national_monitoring/images_renamed/borgefjell/re_l_sn_1/2024/re_l_sn_1_2023-11-29_0001.JPG,image/jpeg,authenticate
re_l_sn_1_2023-12-11_0004_1,re_l_sn_1_2023-12-11_0004.JPG,StillImage,,CC-BY4.0,2023-12-11T11:16:32Z,,activity detection,national_monitoring/images_renamed/borgefjell/re_l_sn_1/2024/re_l_sn_1_2023-12-11_0004.JPG,image/jpeg,authenticate
re_l_sn_1_2024-01-15_0006_1,re_l_sn_1_2024-01-15_0006.JPG,StillImage,,CC-BY4.0,2024-01-15T11:00:00Z,,time lapse,national_monitoring/images_renamed/borgefjell/re_l_sn_1/2024/re_l_sn_1_2024-01-15_0006.JPG,image/jpeg,authenticate
re_l_sn_1_2024-01-20_0002_1,re_l_sn_1_2024-01-20_0002.JPG,StillImage,,CC-BY4.0,2024-01-20T11:00:00Z,,time lapse,national_monitoring/images_renamed/borgefjell/re_l_sn_1/2024/re_l_sn_1_2024-01-20_0002.JPG,image/jpeg,authenticate
re_l_sn_1_2024-01-26_0005_1,re_l_sn_1_2024-01-26_0005.JPG,StillImage,,CC-BY4.0,2024-01-26T16:16:18Z,,activity detection,national_monitoring/images_renamed/borgefjell/re_l_sn_1/2024/re_l_sn_1_2024-01-26_0005.JPG,image/jpeg,authenticate
re_l_sn_1_2024-04-13_0003_1,re_l_sn_1_2024-04-13_0003.JPG,StillImage,,CC-BY4.0,2024-04-13T07:05:34Z,,activity detection,national_monitoring/images_renamed/borgefjell/re_l_sn_1/2024/re_l_sn_1_2024-04-13_0003.JPG,image/jpeg,authenticate
re_l_sn_1_2024-05-06_0006_1,re_l_sn_1_2024-05-06_0006.JPG,StillImage,,CC-BY4.0,2024-05-06T21:55:36Z,,activity detection,national_monitoring/images_renamed/borgefjell/re_l_sn_1/2024/re_l_sn_1_2024-05-06_0006.JPG,image/jpeg,authenticate
re_l_sn_1_2024-06-22_0006_1,re_l_sn_1_2024-06-22_0006.JPG,StillImage,,CC-BY4.0,2024-06-22T11:00:00Z,,time lapse,national_monitoring/images_renamed/borgefjell/re_l_sn_1/2024/re_l_sn_1_2024-06-22_0006.JPG,image/jpeg,authenticate
re_l_sn_1_2024-06-23_0004_1,re_l_sn_1_2024-06-23_0004.JPG,StillImage,,CC-BY4.0,2024-06-23T00:30:12Z,,activity detection,national_monitoring/images_renamed/borgefjell/re_l_sn_1/2024/re_l_sn_1_2024-06-23_0004.JPG,image/jpeg,authenticate
re_l_sn_1_2024-06-26_0019_1,re_l_sn_1_2024-06-26_0019.JPG,StillImage,,CC-BY4.0,2024-06-26T01:41:08Z,,activity detection,national_monitoring/images_renamed/borgefjell/re_l_sn_1/2024/re_l_sn_1_2024-06-26_0019.JPG,image/jpeg,authenticate
re_l_sn_1_2024-06-28_0003_1,re_l_sn_1_2024-06-28_0003.JPG,StillImage,,CC-BY4.0,2024-06-27T22:12:47Z,,activity detection,national_monitoring/images_renamed/borgefjell/re_l_sn_1/2024/re_l_sn_1_2024-06-28_0003.JPG,image/jpeg,authenticate
re_l_sn_1_2024-06-29_0015_1,re_l_sn_1_2024-06-29_0015.JPG,StillImage,,CC-BY4.0,2024-06-29T11:45:24Z,,activity detection,national_monitoring/images_renamed/borgefjell/re_l_sn_1/2024/re_l_sn_1_2024-06-29_0015.JPG,image/jpeg,authenticate
re_l_sn_1_2024-07-04_0021_1,re_l_sn_1_2024-07-04_0021.JPG,StillImage,,CC-BY4.0,2024-07-04T04:51:45Z,,activity detection,national_monitoring/images_renamed/borgefjell/re_l_sn_1/2024/re_l_sn_1_2024-07-04_0021.JPG,image/jpeg,authenticate
re_l_sn_1_2024-07-04_0044_1,re_l_sn_1_2024-07-04_0044.JPG,StillImage,,CC-BY4.0,2024-07-04T14:49:43Z,,activity detection,national_monitoring/images_renamed/borgefjell/re_l_sn_1/2024/re_l_sn_1_2024-07-04_0044.JPG,image/jpeg,authenticate
re_l_sn_1_2024-07-05_0003_1,re_l_sn_1_2024-07-05_0003.JPG,StillImage,,CC-BY4.0,2024-07-05T01:05:55Z,,activity detection,national_monitoring/images_renamed/borgefjell/re_l_sn_1/2024/re_l_sn_1_2024-07-05_0003.JPG,image/jpeg,authenticate
re_l_sn_1_2024-07-05_0008_1,re_l_sn_1_2024-07-05_0008.JPG,StillImage,,CC-BY4.0,2024-07-05T03:08:43Z,,activity detection,national_monitoring/images_renamed/borgefjell/re_l_sn_1/2024/re_l_sn_1_2024-07-05_0008.JPG,image/jpeg,authenticate
re_l_sn_1_2024-07-05_0017_1,re_l_sn_1_2024-07-05_0017.JPG,StillImage,,CC-BY4.0,2024-07-05T04:31:23Z,,activity detection,national_monitoring/images_renamed/borgefjell/re_l_sn_1/2024/re_l_sn_1_2024-07-05_0017.JPG,image/jpeg,authenticate
re_l_sn_1_2024-07-05_0018_1,re_l_sn_1_2024-07-05_0018.JPG,StillImage,,CC-BY4.0,2024-07-05T11:00:00Z,,time lapse,national_monitoring/images_renamed/borgefjell/re_l_sn_1/2024/re_l_sn_1_2024-07-05_0018.JPG,image/jpeg,authenticate
re_l_sn_1_2024-07-11_0021_1,re_l_sn_1_2024-07-11_0021.JPG,StillImage,,CC-BY4.0,2024-07-11T16:05:10Z,,activity detection,national_monitoring/images_renamed/borgefjell/re_l_sn_1/2024/re_l_sn_1_2024-07-11_0021.JPG,image/jpeg,authenticate
re_l_sn_1_2024-07-12_0007_1,re_l_sn_1_2024-07-12_0007.JPG,StillImage,,CC-BY4.0,2024-07-12T02:41:52Z,,activity detection,national_monitoring/images_renamed/borgefjell/re_l_sn_1/2024/re_l_sn_1_2024-07-12_0007.JPG,image/jpeg,authenticate
re_l_sn_1_2024-07-14_0006_1,re_l_sn_1_2024-07-14_0006.JPG,StillImage,,CC-BY4.0,2024-07-14T00:25:03Z,,activity detection,national_monitoring/images_renamed/borgefjell/re_l_sn_1/2024/re_l_sn_1_2024-07-14_0006.JPG,image/jpeg,authenticate
re_l_sn_1_2024-07-16_0007_1,re_l_sn_1_2024-07-16_0007.JPG,StillImage,,CC-BY4.0,2024-07-16T02:59:37Z,,activity detection,national_monitoring/images_renamed/borgefjell/re_l_sn_1/2024/re_l_sn_1_2024-07-16_0007.JPG,image/jpeg,authenticate
re_l_sn_1_2024-07-17_0047_1,re_l_sn_1_2024-07-17_0047.JPG,StillImage,,CC-BY4.0,2024-07-17T14:53:40Z,,activity detection,national_monitoring/images_renamed/borgefjell/re_l_sn_1/2024/re_l_sn_1_2024-07-17_0047.JPG,image/jpeg,authenticate
re_l_sn_1_2024-07-26_0005_1,re_l_sn_1_2024-07-26_0005.JPG,StillImage,,CC-BY4.0,2024-07-26T12:36:07Z,,activity detection,national_monitoring/images_renamed/borgefjell/re_l_sn_1/2024/re_l_sn_1_2024-07-26_0005.JPG,image/jpeg,authenticate
re_l_sn_1_2024-07-31_0008_1,re_l_sn_1_2024-07-31_0008.JPG,StillImage,,CC-BY4.0,2024-07-31T06:32:17Z,,activity detection,national_monitoring/images_renamed/borgefjell/re_l_sn_1/2024/re_l_sn_1_2024-07-31_0008.JPG,image/jpeg,authenticate
re_l_sn_1_2024-08-01_0011_1,re_l_sn_1_2024-08-01_0011.JPG,StillImage,,CC-BY4.0,2024-08-01T21:35:52Z,,activity detection,national_monitoring/images_renamed/borgefjell/re_l_sn_1/2024/re_l_sn_1_2024-08-01_0011.JPG,image/jpeg,authenticate
re_l_sn_1_2024-08-07_0009_1,re_l_sn_1_2024-08-07_0009.JPG,StillImage,,CC-BY4.0,2024-08-07T20:14:03Z,,activity detection,national_monitoring/images_renamed/borgefjell/re_l_sn_1/2024/re_l_sn_1_2024-08-07_0009.JPG,image/jpeg,authenticate
re_l_sn_1_2024-08-08_0015_1,re_l_sn_1_2024-08-08_0015.JPG,StillImage,,CC-BY4.0,2024-08-08T20:10:08Z,,activity detection,national_monitoring/images_renamed/borgefjell/re_l_sn_1/2024/re_l_sn_1_2024-08-08_0015.JPG,image/jpeg,authenticate
re_l_sn_1_2024-08-10_0061_1,re_l_sn_1_2024-08-10_0061.JPG,StillImage,,CC-BY4.0,2024-08-10T21:10:18Z,,activity detection,national_monitoring/images_renamed/borgefjell/re_l_sn_1/2024/re_l_sn_1_2024-08-10_0061.JPG,image/jpeg,authenticate
re_l_sn_1_2024-08-10_0065_1,re_l_sn_1_2024-08-10_0065.JPG,StillImage,,CC-BY4.0,2024-08-10T21:22:37Z,,activity detection,national_monitoring/images_renamed/borgefjell/re_l_sn_1/2024/re_l_sn_1_2024-08-10_0065.JPG,image/jpeg,authenticate
re_l_sn_1_2024-08-12_0011_1,re_l_sn_1_2024-08-12_0011.JPG,StillImage,,CC-BY4.0,2024-08-12T14:52:11Z,,activity detection,national_monitoring/images_renamed/borgefjell/re_l_sn_1/2024/re_l_sn_1_2024-08-12_0011.JPG,image/jpeg,authenticate
re_l_sn_2_2023-08-11_0012_1,re_l_sn_2_2023-08-11_0012.JPG,StillImage,,CC-BY4.0,2023-08-11T07:04:10Z,,activity detection,national_monitoring/images_renamed/borgefjell/re_l_sn_2/2024/re_l_sn_2_2023-08-11_0012.JPG,image/jpeg,authenticate
re_l_sn_2_2023-11-27_0001_1,re_l_sn_2_2023-11-27_0001.JPG,StillImage,,CC-BY4.0,2023-11-26T23:00:00Z,,time lapse,national_monitoring/images_renamed/borgefjell/re_l_sn_2/2024/re_l_sn_2_2023-11-27_0001.JPG,image/jpeg,authenticate
re_l_sn_2_2023-12-24_0001_1,re_l_sn_2_2023-12-24_0001.JPG,StillImage,,CC-BY4.0,2023-12-23T23:00:00Z,,time lapse,national_monitoring/images_renamed/borgefjell/re_l_sn_2/2024/re_l_sn_2_2023-12-24_0001.JPG,image/jpeg,authenticate
re_l_sn_2_2024-04-08_0001_1,re_l_sn_2_2024-04-08_0001.JPG,StillImage,,CC-BY4.0,2024-04-07T23:00:00Z,,time lapse,national_monitoring/images_renamed/borgefjell/re_l_sn_2/2024/re_l_sn_2_2024-04-08_0001.JPG,image/jpeg,authenticate
re_l_sn_2_2024-06-10_0001_1,re_l_sn_2_2024-06-10_0001.JPG,StillImage,,CC-BY4.0,2024-06-09T23:00:00Z,,time lapse,national_monitoring/images_renamed/borgefjell/re_l_sn_2/2024/re_l_sn_2_2024-06-10_0001.JPG,image/jpeg,authenticate
re_l_sn_2_2024-07-19_0010_1,re_l_sn_2_2024-07-19_0010.JPG,StillImage,,CC-BY4.0,2024-07-19T11:00:00Z,,time lapse,national_monitoring/images_renamed/borgefjell/re_l_sn_2/2024/re_l_sn_2_2024-07-19_0010.JPG,image/jpeg,authenticate
re_l_sn_2_2024-07-23_0002_1,re_l_sn_2_2024-07-23_0002.JPG,StillImage,,CC-BY4.0,2024-07-23T11:00:00Z,,time lapse,national_monitoring/images_renamed/borgefjell/re_l_sn_2/2024/re_l_sn_2_2024-07-23_0002.JPG,image/jpeg,authenticate
re_l_sn_2_2024-07-25_0002_1,re_l_sn_2_2024-07-25_0002.JPG,StillImage,,CC-BY4.0,2024-07-25T11:00:00Z,,time lapse,national_monitoring/images_renamed/borgefjell/re_l_sn_2/2024/re_l_sn_2_2024-07-25_0002.JPG,image/jpeg,authenticate
re_l_sn_2_2024-07-27_0002_1,re_l_sn_2_2024-07-27_0002.JPG,StillImage,,CC-BY4.0,2024-07-27T11:00:00Z,,time lapse,national_monitoring/images_renamed/borgefjell/re_l_sn_2/2024/re_l_sn_2_2024-07-27_0002.JPG,image/jpeg,authenticate
re_l_sn_2_2024-08-04_0070_1,re_l_sn_2_2024-08-04_0070.JPG,StillImage,,CC-BY4.0,2024-08-04T21:59:23Z,,activity detection,national_monitoring/images_renamed/borgefjell/re_l_sn_2/2024/re_l_sn_2_2024-08-04_0070.JPG,image/jpeg,authenticate
re_l_sn_2_2024-08-05_0024_1,re_l_sn_2_2024-08-05_0024.JPG,StillImage,,CC-BY4.0,2024-08-05T08:44:58Z,,activity detection,national_monitoring/images_renamed/borgefjell/re_l_sn_2/2024/re_l_sn_2_2024-08-05_0024.JPG,image/jpeg,authenticate
re_l_sn_2_2024-08-10_0029_1,re_l_sn_2_2024-08-10_0029.JPG,StillImage,,CC-BY4.0,2024-08-09T23:42:21Z,,activity detection,national_monitoring/images_renamed/borgefjell/re_l_sn_2/2024/re_l_sn_2_2024-08-10_0029.JPG,image/jpeg,authenticate
re_l_sn_2_2024-08-10_0057_1,re_l_sn_2_2024-08-10_0057.JPG,StillImage,,CC-BY4.0,2024-08-10T01:51:34Z,,activity detection,national_monitoring/images_renamed/borgefjell/re_l_sn_2/2024/re_l_sn_2_2024-08-10_0057.JPG,image/jpeg,authenticate
re_l_sn_2_2024-08-12_0026_1,re_l_sn_2_2024-08-12_0026.JPG,StillImage,,CC-BY4.0,2024-08-12T03:53:46Z,,activity detection,national_monitoring/images_renamed/borgefjell/re_l_sn_2/2024/re_l_sn_2_2024-08-12_0026.JPG,image/jpeg,authenticate
re_l_sn_2_2024-08-13_0060_1,re_l_sn_2_2024-08-13_0060.JPG,StillImage,,CC-BY4.0,2024-08-13T21:16:18Z,,activity detection,national_monitoring/images_renamed/borgefjell/re_l_sn_2/2024/re_l_sn_2_2024-08-13_0060.JPG,image/jpeg,authenticate
re_l_sn_2_2024-08-14_0003_1,re_l_sn_2_2024-08-14_0003.JPG,StillImage,,CC-BY4.0,2024-08-13T22:08:43Z,,activity detection,national_monitoring/images_renamed/borgefjell/re_l_sn_2/2024/re_l_sn_2_2024-08-14_0003.JPG,image/jpeg,authenticate
re_l_sn_3_2023-10-10_0003_1,re_l_sn_3_2023-10-10_0003.JPG,StillImage,,CC-BY4.0,2023-10-10T12:58:03Z,,activity detection,national_monitoring/images_renamed/borgefjell/re_l_sn_3/2024/re_l_sn_3_2023-10-10_0003.JPG,image/jpeg,authenticate
re_l_sn_3_2023-12-04_0002_1,re_l_sn_3_2023-12-04_0002.JPG,StillImage,,CC-BY4.0,2023-12-04T11:00:00Z,,time lapse,national_monitoring/images_renamed/borgefjell/re_l_sn_3/2024/re_l_sn_3_2023-12-04_0002.JPG,image/jpeg,authenticate
re_l_sn_3_2024-01-10_0001_1,re_l_sn_3_2024-01-10_0001.JPG,StillImage,,CC-BY4.0,2024-01-09T23:00:00Z,,time lapse,national_monitoring/images_renamed/borgefjell/re_l_sn_3/2024/re_l_sn_3_2024-01-10_0001.JPG,image/jpeg,authenticate
re_l_sn_3_2024-02-04_0001_1,re_l_sn_3_2024-02-04_0001.JPG,StillImage,,CC-BY4.0,2024-02-03T23:00:00Z,,time lapse,national_monitoring/images_renamed/borgefjell/re_l_sn_3/2024/re_l_sn_3_2024-02-04_0001.JPG,image/jpeg,authenticate
re_l_sn_3_2024-03-03_0002_1,re_l_sn_3_2024-03-03_0002.JPG,StillImage,,CC-BY4.0,2024-03-03T11:00:00Z,,time lapse,national_monitoring/images_renamed/borgefjell/re_l_sn_3/2024/re_l_sn_3_2024-03-03_0002.JPG,image/jpeg,authenticate
re_l_sn_3_2024-03-09_0002_1,re_l_sn_3_2024-03-09_0002.JPG,StillImage,,CC-BY4.0,2024-03-09T11:00:00Z,,time lapse,national_monitoring/images_renamed/borgefjell/re_l_sn_3/2024/re_l_sn_3_2024-03-09_0002.JPG,image/jpeg,authenticate
re_l_sn_3_2024-03-22_0001_1,re_l_sn_3_2024-03-22_0001.JPG,StillImage,,CC-BY4.0,2024-03-21T23:00:00Z,,time lapse,national_monitoring/images_renamed/borgefjell/re_l_sn_3/2024/re_l_sn_3_2024-03-22_0001.JPG,image/jpeg,authenticate
re_l_sn_3_2024-06-16_0002_1,re_l_sn_3_2024-06-16_0002.JPG,StillImage,,CC-BY4.0,2024-06-16T11:00:00Z,,time lapse,national_monitoring/images_renamed/borgefjell/re_l_sn_3/2024/re_l_sn_3_2024-06-16_0002.JPG,image/jpeg,authenticate
re_l_sn_3_2024-06-20_0002_1,re_l_sn_3_2024-06-20_0002.JPG,StillImage,,CC-BY4.0,2024-06-20T11:00:00Z,,time lapse,national_monitoring/images_renamed/borgefjell/re_l_sn_3/2024/re_l_sn_3_2024-06-20_0002.JPG,image/jpeg,authenticate
re_l_sn_3_2024-07-09_0003_1,re_l_sn_3_2024-07-09_0003.JPG,StillImage,,CC-BY4.0,2024-07-08T23:03:40Z,,activity detection,national_monitoring/images_renamed/borgefjell/re_l_sn_3/2024/re_l_sn_3_2024-07-09_0003.JPG,image/jpeg,authenticate
re_l_sn_3_2024-07-23_0003_1,re_l_sn_3_2024-07-23_0003.JPG,StillImage,,CC-BY4.0,2024-07-23T13:53:39Z,,activity detection,national_monitoring/images_renamed/borgefjell/re_l_sn_3/2024/re_l_sn_3_2024-07-23_0003.JPG,image/jpeg,authenticate
re_l_sn_3_2024-08-04_0018_1,re_l_sn_3_2024-08-04_0018.JPG,StillImage,,CC-BY4.0,2024-08-04T08:26:11Z,,activity detection,national_monitoring/images_renamed/borgefjell/re_l_sn_3/2024/re_l_sn_3_2024-08-04_0018.JPG,image/jpeg,authenticate
re_l_sn_3_2024-08-04_0032_1,re_l_sn_3_2024-08-04_0032.JPG,StillImage,,CC-BY4.0,2024-08-04T17:37:42Z,,activity detection,national_monitoring/images_renamed/borgefjell/re_l_sn_3/2024/re_l_sn_3_2024-08-04_0032.JPG,image/jpeg,authenticate
re_l_sn_4_2023-09-04_0006_1,re_l_sn_4_2023-09-04_0006.JPG,StillImage,,CC-BY4.0,2023-09-04T04:28:09Z,,activity detection,national_monitoring/images_renamed/borgefjell/re_l_sn_4/2024/re_l_sn_4_2023-09-04_0006.JPG,image/jpeg,authenticate
re_l_sn_4_2023-09-04_0046_1,re_l_sn_4_2023-09-04_0046.JPG,StillImage,,CC-BY4.0,2023-09-04T08:57:13Z,,activity detection,national_monitoring/images_renamed/borgefjell/re_l_sn_4/2024/re_l_sn_4_2023-09-04_0046.JPG,image/jpeg,authenticate
re_l_sn_4_2023-10-15_0001_1,re_l_sn_4_2023-10-15_0001.JPG,StillImage,,CC-BY4.0,2023-10-14T23:00:00Z,,time lapse,national_monitoring/images_renamed/borgefjell/re_l_sn_4/2024/re_l_sn_4_2023-10-15_0001.JPG,image/jpeg,authenticate
re_l_sn_4_2023-12-24_0002_1,re_l_sn_4_2023-12-24_0002.JPG,StillImage,,CC-BY4.0,2023-12-24T11:00:00Z,,time lapse,national_monitoring/images_renamed/borgefjell/re_l_sn_4/2024/re_l_sn_4_2023-12-24_0002.JPG,image/jpeg,authenticate
re_l_sn_4_2024-01-31_0002_1,re_l_sn_4_2024-01-31_0002.JPG,StillImage,,CC-BY4.0,2024-01-31T11:00:00Z,,time lapse,national_monitoring/images_renamed/borgefjell/re_l_sn_4/2024/re_l_sn_4_2024-01-31_0002.JPG,image/jpeg,authenticate
re_l_sn_4_2024-04-01_0002_1,re_l_sn_4_2024-04-01_0002.JPG,StillImage,,CC-BY4.0,2024-04-01T11:00:00Z,,time lapse,national_monitoring/images_renamed/borgefjell/re_l_sn_4/2024/re_l_sn_4_2024-04-01_0002.JPG,image/jpeg,authenticate
re_l_sn_4_2024-05-18_0002_1,re_l_sn_4_2024-05-18_0002.JPG,StillImage,,CC-BY4.0,2024-05-18T11:00:00Z,,time lapse,national_monitoring/images_renamed/borgefjell/re_l_sn_4/2024/re_l_sn_4_2024-05-18_0002.JPG,image/jpeg,authenticate
re_l_sn_4_2024-06-04_0001_1,re_l_sn_4_2024-06-04_0001.JPG,StillImage,,CC-BY4.0,2024-06-03T23:00:00Z,,time lapse,national_monitoring/images_renamed/borgefjell/re_l_sn_4/2024/re_l_sn_4_2024-06-04_0001.JPG,image/jpeg,authenticate
re_l_sn_4_2024-07-09_0002_1,re_l_sn_4_2024-07-09_0002.JPG,StillImage,,CC-BY4.0,2024-07-09T11:00:00Z,,time lapse,national_monitoring/images_renamed/borgefjell/re_l_sn_4/2024/re_l_sn_4_2024-07-09_0002.JPG,image/jpeg,authenticate
re_l_sn_4_2024-07-30_0003_1,re_l_sn_4_2024-07-30_0003.JPG,StillImage,,CC-BY4.0,2024-07-30T00:49:04Z,,activity detection,national_monitoring/images_renamed/borgefjell/re_l_sn_4/2024/re_l_sn_4_2024-07-30_0003.JPG,image/jpeg,authenticate
re_l_sn_4_2024-07-30_0105_1,re_l_sn_4_2024-07-30_0105.JPG,StillImage,,CC-BY4.0,2024-07-30T11:16:45Z,,activity detection,national_monitoring/images_renamed/borgefjell/re_l_sn_4/2024/re_l_sn_4_2024-07-30_0105.JPG,image/jpeg,authenticate
re_l_sn_4_2024-07-30_0111_1,re_l_sn_4_2024-07-30_0111.JPG,StillImage,,CC-BY4.0,2024-07-30T11:43:44Z,,activity detection,national_monitoring/images_renamed/borgefjell/re_l_sn_4/2024/re_l_sn_4_2024-07-30_0111.JPG,image/jpeg,authenticate
re_l_sn_4_2024-07-30_0140_1,re_l_sn_4_2024-07-30_0140.JPG,StillImage,,CC-BY4.0,2024-07-30T14:58:18Z,,activity detection,national_monitoring/images_renamed/borgefjell/re_l_sn_4/2024/re_l_sn_4_2024-07-30_0140.JPG,image/jpeg,authenticate
re_l_sn_4_2024-07-31_0019_1,re_l_sn_4_2024-07-31_0019.JPG,StillImage,,CC-BY4.0,2024-07-31T09:37:10Z,,activity detection,national_monitoring/images_renamed/borgefjell/re_l_sn_4/2024/re_l_sn_4_2024-07-31_0019.JPG,image/jpeg,authenticate
re_l_sn_4_2024-07-31_0031_1,re_l_sn_4_2024-07-31_0031.JPG,StillImage,,CC-BY4.0,2024-07-31T13:36:41Z,,activity detection,national_monitoring/images_renamed/borgefjell/re_l_sn_4/2024/re_l_sn_4_2024-07-31_0031.JPG,image/jpeg,authenticate
re_l_sn_4_2024-08-04_0018_1,re_l_sn_4_2024-08-04_0018.JPG,StillImage,,CC-BY4.0,2024-08-04T15:23:03Z,,activity detection,national_monitoring/images_renamed/borgefjell/re_l_sn_4/2024/re_l_sn_4_2024-08-04_0018.JPG,image/jpeg,authenticate
re_l_sn_5_2023-10-08_0002_1,re_l_sn_5_2023-10-08_0002.JPG,StillImage,,CC-BY4.0,2023-10-08T11:00:00Z,,time lapse,national_monitoring/images_renamed/borgefjell/re_l_sn_5/2024/re_l_sn_5_2023-10-08_0002.JPG,image/jpeg,authenticate
re_l_sn_5_2023-10-26_0001_1,re_l_sn_5_2023-10-26_0001.JPG,StillImage,,CC-BY4.0,2023-10-25T23:00:00Z,,time lapse,national_monitoring/images_renamed/borgefjell/re_l_sn_5/2024/re_l_sn_5_2023-10-26_0001.JPG,image/jpeg,authenticate
re_l_sn_5_2023-11-18_0001_1,re_l_sn_5_2023-11-18_0001.JPG,StillImage,,CC-BY4.0,2023-11-17T23:00:00Z,,time lapse,national_monitoring/images_renamed/borgefjell/re_l_sn_5/2024/re_l_sn_5_2023-11-18_0001.JPG,image/jpeg,authenticate
re_l_sn_5_2023-11-27_0002_1,re_l_sn_5_2023-11-27_0002.JPG,StillImage,,CC-BY4.0,2023-11-27T11:00:00Z,,time lapse,national_monitoring/images_renamed/borgefjell/re_l_sn_5/2024/re_l_sn_5_2023-11-27_0002.JPG,image/jpeg,authenticate
re_l_sn_5_2024-01-23_0001_1,re_l_sn_5_2024-01-23_0001.JPG,StillImage,,CC-BY4.0,2024-01-22T23:00:00Z,,time lapse,national_monitoring/images_renamed/borgefjell/re_l_sn_5/2024/re_l_sn_5_2024-01-23_0001.JPG,image/jpeg,authenticate
re_l_sn_5_2024-03-01_0001_1,re_l_sn_5_2024-03-01_0001.JPG,StillImage,,CC-BY4.0,2024-02-29T23:00:00Z,,time lapse,national_monitoring/images_renamed/borgefjell/re_l_sn_5/2024/re_l_sn_5_2024-03-01_0001.JPG,image/jpeg,authenticate
re_l_sn_5_2024-03-09_0001_1,re_l_sn_5_2024-03-09_0001.JPG,StillImage,,CC-BY4.0,2024-03-08T23:00:00Z,,time lapse,national_monitoring/images_renamed/borgefjell/re_l_sn_5/2024/re_l_sn_5_2024-03-09_0001.JPG,image/jpeg,authenticate
re_l_sn_5_2024-04-19_0001_1,re_l_sn_5_2024-04-19_0001.JPG,StillImage,,CC-BY4.0,2024-04-18T23:00:00Z,,time lapse,national_monitoring/images_renamed/borgefjell/re_l_sn_5/2024/re_l_sn_5_2024-04-19_0001.JPG,image/jpeg,authenticate
re_l_sn_5_2024-06-12_0001_1,re_l_sn_5_2024-06-12_0001.JPG,StillImage,,CC-BY4.0,2024-06-11T23:00:00Z,,time lapse,national_monitoring/images_renamed/borgefjell/re_l_sn_5/2024/re_l_sn_5_2024-06-12_0001.JPG,image/jpeg,authenticate
re_l_sn_6_2023-09-27_0001_1,re_l_sn_6_2023-09-27_0001.JPG,StillImage,,CC-BY4.0,2023-09-26T23:00:00Z,,time lapse,national_monitoring/images_renamed/borgefjell/re_l_sn_6/2024/re_l_sn_6_2023-09-27_0001.JPG,image/jpeg,authenticate
re_l_sn_6_2023-09-29_0003_1,re_l_sn_6_2023-09-29_0003.JPG,StillImage,,CC-BY4.0,2023-09-29T19:52:47Z,,activity detection,national_monitoring/images_renamed/borgefjell/re_l_sn_6/2024/re_l_sn_6_2023-09-29_0003.JPG,image/jpeg,authenticate
re_l_sn_6_2023-11-12_0002_1,re_l_sn_6_2023-11-12_0002.JPG,StillImage,,CC-BY4.0,2023-11-12T11:00:00Z,,time lapse,national_monitoring/images_renamed/borgefjell/re_l_sn_6/2024/re_l_sn_6_2023-11-12_0002.JPG,image/jpeg,authenticate
re_l_sn_6_2023-12-08_0001_1,re_l_sn_6_2023-12-08_0001.JPG,StillImage,,CC-BY4.0,2023-12-07T23:00:00Z,,time lapse,national_monitoring/images_renamed/borgefjell/re_l_sn_6/2024/re_l_sn_6_2023-12-08_0001.JPG,image/jpeg,authenticate
re_l_sn_6_2023-12-23_0031_1,re_l_sn_6_2023-12-23_0031.JPG,StillImage,,CC-BY4.0,2023-12-23T12:28:29Z,,activity detection,national_monitoring/images_renamed/borgefjell/re_l_sn_6/2024/re_l_sn_6_2023-12-23_0031.JPG,image/jpeg,authenticate
re_l_sn_6_2023-12-26_0001_1,re_l_sn_6_2023-12-26_0001.JPG,StillImage,,CC-BY4.0,2023-12-25T23:00:00Z,,time lapse,national_monitoring/images_renamed/borgefjell/re_l_sn_6/2024/re_l_sn_6_2023-12-26_0001.JPG,image/jpeg,authenticate
re_l_sn_6_2023-12-31_0010_1,re_l_sn_6_2023-12-31_0010.JPG,StillImage,,CC-BY4.0,2023-12-31T14:20:50Z,,activity detection,national_monitoring/images_renamed/borgefjell/re_l_sn_6/2024/re_l_sn_6_2023-12-31_0010.JPG,image/jpeg,authenticate
re_l_sn_6_2024-01-03_0010_1,re_l_sn_6_2024-01-03_0010.JPG,StillImage,,CC-BY4.0,2024-01-03T11:00:00Z,,time lapse,national_monitoring/images_renamed/borgefjell/re_l_sn_6/2024/re_l_sn_6_2024-01-03_0010.JPG,image/jpeg,authenticate
re_l_sn_6_2024-01-09_0004_1,re_l_sn_6_2024-01-09_0004.JPG,StillImage,,CC-BY4.0,2024-01-08T23:26:05Z,,activity detection,national_monitoring/images_renamed/borgefjell/re_l_sn_6/2024/re_l_sn_6_2024-01-09_0004.JPG,image/jpeg,authenticate
re_l_sn_6_2024-01-27_0002_1,re_l_sn_6_2024-01-27_0002.JPG,StillImage,,CC-BY4.0,2024-01-27T11:00:00Z,,time lapse,national_monitoring/images_renamed/borgefjell/re_l_sn_6/2024/re_l_sn_6_2024-01-27_0002.JPG,image/jpeg,authenticate
re_l_sn_6_2024-03-13_0002_1,re_l_sn_6_2024-03-13_0002.JPG,StillImage,,CC-BY4.0,2024-03-13T11:00:00Z,,time lapse,national_monitoring/images_renamed/borgefjell/re_l_sn_6/2024/re_l_sn_6_2024-03-13_0002.JPG,image/jpeg,authenticate
re_l_sn_6_2024-03-20_0001_1,re_l_sn_6_2024-03-20_0001.JPG,StillImage,,CC-BY4.0,2024-03-19T23:00:00Z,,time lapse,national_monitoring/images_renamed/borgefjell/re_l_sn_6/2024/re_l_sn_6_2024-03-20_0001.JPG,image/jpeg,authenticate
re_l_sn_6_2024-07-06_0001_1,re_l_sn_6_2024-07-06_0001.JPG,StillImage,,CC-BY4.0,2024-07-05T23:00:00Z,,time lapse,national_monitoring/images_renamed/borgefjell/re_l_sn_6/2024/re_l_sn_6_2024-07-06_0001.JPG,image/jpeg,authenticate
re_l_sn_6_2024-07-12_0003_1,re_l_sn_6_2024-07-12_0003.JPG,StillImage,,CC-BY4.0,2024-07-11T23:11:21Z,,activity detection,national_monitoring/images_renamed/borgefjell/re_l_sn_6/2024/re_l_sn_6_2024-07-12_0003.JPG,image/jpeg,authenticate
re_l_sn_6_2024-07-16_0005_1,re_l_sn_6_2024-07-16_0005.JPG,StillImage,,CC-BY4.0,2024-07-16T01:09:05Z,,activity detection,national_monitoring/images_renamed/borgefjell/re_l_sn_6/2024/re_l_sn_6_2024-07-16_0005.JPG,image/jpeg,authenticate
re_l_sn_6_2024-07-18_0027_1,re_l_sn_6_2024-07-18_0027.JPG,StillImage,,CC-BY4.0,2024-07-18T18:31:56Z,,activity detection,national_monitoring/images_renamed/borgefjell/re_l_sn_6/2024/re_l_sn_6_2024-07-18_0027.JPG,image/jpeg,authenticate
re_l_sn_6_2024-07-18_0031_1,re_l_sn_6_2024-07-18_0031.JPG,StillImage,,CC-BY4.0,2024-07-18T18:35:32Z,,activity detection,national_monitoring/images_renamed/borgefjell/re_l_sn_6/2024/re_l_sn_6_2024-07-18_0031.JPG,image/jpeg,authenticate
re_l_sn_6_2024-07-19_0007_1,re_l_sn_6_2024-07-19_0007.JPG,StillImage,,CC-BY4.0,2024-07-19T00:09:47Z,,activity detection,national_monitoring/images_renamed/borgefjell/re_l_sn_6/2024/re_l_sn_6_2024-07-19_0007.JPG,image/jpeg,authenticate
re_l_sn_6_2024-07-20_0018_1,re_l_sn_6_2024-07-20_0018.JPG,StillImage,,CC-BY4.0,2024-07-20T15:13:58Z,,activity detection,national_monitoring/images_renamed/borgefjell/re_l_sn_6/2024/re_l_sn_6_2024-07-20_0018.JPG,image/jpeg,authenticate
re_l_sn_6_2024-07-23_0014_1,re_l_sn_6_2024-07-23_0014.JPG,StillImage,,CC-BY4.0,2024-07-23T02:26:56Z,,activity detection,national_monitoring/images_renamed/borgefjell/re_l_sn_6/2024/re_l_sn_6_2024-07-23_0014.JPG,image/jpeg,authenticate
re_l_sn_6_2024-07-25_0004_1,re_l_sn_6_2024-07-25_0004.JPG,StillImage,,CC-BY4.0,2024-07-24T22:19:28Z,,activity detection,national_monitoring/images_renamed/borgefjell/re_l_sn_6/2024/re_l_sn_6_2024-07-25_0004.JPG,image/jpeg,authenticate
re_l_sn_6_2024-08-07_0036_1,re_l_sn_6_2024-08-07_0036.JPG,StillImage,,CC-BY4.0,2024-08-07T04:31:16Z,,activity detection,national_monitoring/images_renamed/borgefjell/re_l_sn_6/2024/re_l_sn_6_2024-08-07_0036.JPG,image/jpeg,authenticate
re_l_sn_6_2024-08-07_0063_1,re_l_sn_6_2024-08-07_0063.JPG,StillImage,,CC-BY4.0,2024-08-07T05:20:09Z,,activity detection,national_monitoring/images_renamed/borgefjell/re_l_sn_6/2024/re_l_sn_6_2024-08-07_0063.JPG,image/jpeg,authenticate
re_l_sn_6_2024-08-09_0024_1,re_l_sn_6_2024-08-09_0024.JPG,StillImage,,CC-BY4.0,2024-08-09T07:33:59Z,,activity detection,national_monitoring/images_renamed/borgefjell/re_l_sn_6/2024/re_l_sn_6_2024-08-09_0024.JPG,image/jpeg,authenticate
re_m_hu_1_2023-08-17_0002_1,re_m_hu_1_2023-08-17_0002.JPG,StillImage,,CC-BY4.0,2023-08-17T01:38:07Z,,activity detection,national_monitoring/images_renamed/borgefjell/re_m_hu_1/2024/re_m_hu_1_2023-08-17_0002.JPG,image/jpeg,authenticate
re_m_hu_1_2023-08-19_0018_1,re_m_hu_1_2023-08-19_0018.JPG,StillImage,,CC-BY4.0,2023-08-19T14:43:38Z,,activity detection,national_monitoring/images_renamed/borgefjell/re_m_hu_1/2024/re_m_hu_1_2023-08-19_0018.JPG,image/jpeg,authenticate
re_m_hu_1_2023-09-05_0003_1,re_m_hu_1_2023-09-05_0003.JPG,StillImage,,CC-BY4.0,2023-09-05T19:00:20Z,,activity detection,national_monitoring/images_renamed/borgefjell/re_m_hu_1/2024/re_m_hu_1_2023-09-05_0003.JPG,image/jpeg,authenticate
re_m_hu_1_2023-09-22_0015_1,re_m_hu_1_2023-09-22_0015.JPG,StillImage,,CC-BY4.0,2023-09-22T12:49:17Z,,activity detection,national_monitoring/images_renamed/borgefjell/re_m_hu_1/2024/re_m_hu_1_2023-09-22_0015.JPG,image/jpeg,authenticate
re_m_hu_1_2023-10-02_0002_1,re_m_hu_1_2023-10-02_0002.JPG,StillImage,,CC-BY4.0,2023-10-02T11:00:00Z,,time lapse,national_monitoring/images_renamed/borgefjell/re_m_hu_1/2024/re_m_hu_1_2023-10-02_0002.JPG,image/jpeg,authenticate
re_m_hu_1_2023-10-09_0002_1,re_m_hu_1_2023-10-09_0002.JPG,StillImage,,CC-BY4.0,2023-10-09T11:00:00Z,,time lapse,national_monitoring/images_renamed/borgefjell/re_m_hu_1/2024/re_m_hu_1_2023-10-09_0002.JPG,image/jpeg,authenticate
re_m_hu_1_2023-10-28_0002_1,re_m_hu_1_2023-10-28_0002.JPG,StillImage,,CC-BY4.0,2023-10-28T11:00:00Z,,time lapse,national_monitoring/images_renamed/borgefjell/re_m_hu_1/2024/re_m_hu_1_2023-10-28_0002.JPG,image/jpeg,authenticate
re_m_hu_1_2023-11-24_0001_1,re_m_hu_1_2023-11-24_0001.JPG,StillImage,,CC-BY4.0,2023-11-23T23:00:00Z,,time lapse,national_monitoring/images_renamed/borgefjell/re_m_hu_1/2024/re_m_hu_1_2023-11-24_0001.JPG,image/jpeg,authenticate
re_m_hu_1_2023-12-21_0001_1,re_m_hu_1_2023-12-21_0001.JPG,StillImage,,CC-BY4.0,2023-12-20T23:00:00Z,,time lapse,national_monitoring/images_renamed/borgefjell/re_m_hu_1/2024/re_m_hu_1_2023-12-21_0001.JPG,image/jpeg,authenticate
re_m_hu_1_2023-12-22_0001_1,re_m_hu_1_2023-12-22_0001.JPG,StillImage,,CC-BY4.0,2023-12-21T23:00:00Z,,time lapse,national_monitoring/images_renamed/borgefjell/re_m_hu_1/2024/re_m_hu_1_2023-12-22_0001.JPG,image/jpeg,authenticate
re_m_hu_1_2024-03-25_0002_1,re_m_hu_1_2024-03-25_0002.JPG,StillImage,,CC-BY4.0,2024-03-25T11:00:00Z,,time lapse,national_monitoring/images_renamed/borgefjell/re_m_hu_1/2024/re_m_hu_1_2024-03-25_0002.JPG,image/jpeg,authenticate
re_m_hu_1_2024-05-13_0012_1,re_m_hu_1_2024-05-13_0012.JPG,StillImage,,CC-BY4.0,2024-05-13T02:02:27Z,,activity detection,national_monitoring/images_renamed/borgefjell/re_m_hu_1/2024/re_m_hu_1_2024-05-13_0012.JPG,image/jpeg,authenticate
re_m_hu_1_2024-05-13_0017_1,re_m_hu_1_2024-05-13_0017.JPG,StillImage,,CC-BY4.0,2024-05-13T05:42:20Z,,activity detection,national_monitoring/images_renamed/borgefjell/re_m_hu_1/2024/re_m_hu_1_2024-05-13_0017.JPG,image/jpeg,authenticate
re_m_hu_1_2024-05-13_0053_1,re_m_hu_1_2024-05-13_0053.JPG,StillImage,,CC-BY4.0,2024-05-13T20:12:31Z,,activity detection,national_monitoring/images_renamed/borgefjell/re_m_hu_1/2024/re_m_hu_1_2024-05-13_0053.JPG,image/jpeg,authenticate
re_m_hu_1_2024-05-30_0003_1,re_m_hu_1_2024-05-30_0003.JPG,StillImage,,CC-BY4.0,2024-05-30T00:23:02Z,,activity detection,national_monitoring/images_renamed/borgefjell/re_m_hu_1/2024/re_m_hu_1_2024-05-30_0003.JPG,image/jpeg,authenticate
re_m_hu_1_2024-05-30_0018_1,re_m_hu_1_2024-05-30_0018.JPG,StillImage,,CC-BY4.0,2024-05-30T11:28:20Z,,activity detection,national_monitoring/images_renamed/borgefjell/re_m_hu_1/2024/re_m_hu_1_2024-05-30_0018.JPG,image/jpeg,authenticate
re_m_hu_1_2024-06-05_0036_1,re_m_hu_1_2024-06-05_0036.JPG,StillImage,,CC-BY4.0,2024-06-05T16:18:22Z,,activity detection,national_monitoring/images_renamed/borgefjell/re_m_hu_1/2024/re_m_hu_1_2024-06-05_0036.JPG,image/jpeg,authenticate
re_m_hu_1_2024-06-10_0002_1,re_m_hu_1_2024-06-10_0002.JPG,StillImage,,CC-BY4.0,2024-06-10T09:10:50Z,,activity detection,national_monitoring/images_renamed/borgefjell/re_m_hu_1/2024/re_m_hu_1_2024-06-10_0002.JPG,image/jpeg,authenticate
re_m_hu_1_2024-06-12_0005_1,re_m_hu_1_2024-06-12_0005.JPG,StillImage,,CC-BY4.0,2024-06-12T09:49:28Z,,activity detection,national_monitoring/images_renamed/borgefjell/re_m_hu_1/2024/re_m_hu_1_2024-06-12_0005.JPG,image/jpeg,authenticate
re_m_hu_1_2024-07-26_0001_1,re_m_hu_1_2024-07-26_0001.JPG,StillImage,,CC-BY4.0,2024-07-25T23:00:00Z,,time lapse,national_monitoring/images_renamed/borgefjell/re_m_hu_1/2024/re_m_hu_1_2024-07-26_0001.JPG,image/jpeg,authenticate
re_m_hu_1_2024-08-14_0027_1,re_m_hu_1_2024-08-14_0027.JPG,StillImage,,CC-BY4.0,2024-08-14T16:14:49Z,,activity detection,national_monitoring/images_renamed/borgefjell/re_m_hu_1/2024/re_m_hu_1_2024-08-14_0027.JPG,image/jpeg,authenticate
re_m_hu_2_2023-09-25_0015_1,re_m_hu_2_2023-09-25_0015.JPG,StillImage,,CC-BY4.0,2023-09-25T13:16:48Z,,activity detection,national_monitoring/images_renamed/borgefjell/re_m_hu_2/2024/re_m_hu_2_2023-09-25_0015.JPG,image/jpeg,authenticate
re_m_hu_2_2023-10-11_0003_1,re_m_hu_2_2023-10-11_0003.JPG,StillImage,,CC-BY4.0,2023-10-11T00:23:32Z,,activity detection,national_monitoring/images_renamed/borgefjell/re_m_hu_2/2024/re_m_hu_2_2023-10-11_0003.JPG,image/jpeg,authenticate
re_m_hu_2_2023-11-07_0002_1,re_m_hu_2_2023-11-07_0002.JPG,StillImage,,CC-BY4.0,2023-11-07T11:00:00Z,,time lapse,national_monitoring/images_renamed/borgefjell/re_m_hu_2/2024/re_m_hu_2_2023-11-07_0002.JPG,image/jpeg,authenticate
re_m_hu_2_2023-11-26_0002_1,re_m_hu_2_2023-11-26_0002.JPG,StillImage,,CC-BY4.0,2023-11-26T11:00:00Z,,time lapse,national_monitoring/images_renamed/borgefjell/re_m_hu_2/2024/re_m_hu_2_2023-11-26_0002.JPG,image/jpeg,authenticate
re_m_hu_2_2024-01-21_0002_1,re_m_hu_2_2024-01-21_0002.JPG,StillImage,,CC-BY4.0,2024-01-21T11:00:00Z,,time lapse,national_monitoring/images_renamed/borgefjell/re_m_hu_2/2024/re_m_hu_2_2024-01-21_0002.JPG,image/jpeg,authenticate
re_m_hu_2_2024-02-14_0002_1,re_m_hu_2_2024-02-14_0002.JPG,StillImage,,CC-BY4.0,2024-02-14T11:00:00Z,,time lapse,national_monitoring/images_renamed/borgefjell/re_m_hu_2/2024/re_m_hu_2_2024-02-14_0002.JPG,image/jpeg,authenticate
re_m_hu_2_2024-02-27_0001_1,re_m_hu_2_2024-02-27_0001.JPG,StillImage,,CC-BY4.0,2024-02-26T23:00:00Z,,time lapse,national_monitoring/images_renamed/borgefjell/re_m_hu_2/2024/re_m_hu_2_2024-02-27_0001.JPG,image/jpeg,authenticate
re_m_hu_2_2024-03-05_0001_1,re_m_hu_2_2024-03-05_0001.JPG,StillImage,,CC-BY4.0,2024-03-04T23:00:00Z,,time lapse,national_monitoring/images_renamed/borgefjell/re_m_hu_2/2024/re_m_hu_2_2024-03-05_0001.JPG,image/jpeg,authenticate
re_m_hu_2_2024-03-27_0001_1,re_m_hu_2_2024-03-27_0001.JPG,StillImage,,CC-BY4.0,2024-03-26T23:00:00Z,,time lapse,national_monitoring/images_renamed/borgefjell/re_m_hu_2/2024/re_m_hu_2_2024-03-27_0001.JPG,image/jpeg,authenticate
re_m_hu_2_2024-04-12_0003_1,re_m_hu_2_2024-04-12_0003.JPG,StillImage,,CC-BY4.0,2024-04-12T10:41:00Z,,activity detection,national_monitoring/images_renamed/borgefjell/re_m_hu_2/2024/re_m_hu_2_2024-04-12_0003.JPG,image/jpeg,authenticate
re_m_hu_2_2024-05-15_0001_1,re_m_hu_2_2024-05-15_0001.JPG,StillImage,,CC-BY4.0,2024-05-14T23:00:00Z,,time lapse,national_monitoring/images_renamed/borgefjell/re_m_hu_2/2024/re_m_hu_2_2024-05-15_0001.JPG,image/jpeg,authenticate
re_m_hu_2_2024-05-24_0018_1,re_m_hu_2_2024-05-24_0018.JPG,StillImage,,CC-BY4.0,2024-05-24T14:11:17Z,,activity detection,national_monitoring/images_renamed/borgefjell/re_m_hu_2/2024/re_m_hu_2_2024-05-24_0018.JPG,image/jpeg,authenticate
re_m_hu_2_2024-05-25_0003_1,re_m_hu_2_2024-05-25_0003.JPG,StillImage,,CC-BY4.0,2024-05-25T02:00:15Z,,activity detection,national_monitoring/images_renamed/borgefjell/re_m_hu_2/2024/re_m_hu_2_2024-05-25_0003.JPG,image/jpeg,authenticate
re_m_hu_2_2024-05-28_0002_1,re_m_hu_2_2024-05-28_0002.JPG,StillImage,,CC-BY4.0,2024-05-28T11:00:00Z,,time lapse,national_monitoring/images_renamed/borgefjell/re_m_hu_2/2024/re_m_hu_2_2024-05-28_0002.JPG,image/jpeg,authenticate
re_m_hu_3_2023-08-26_0002_1,re_m_hu_3_2023-08-26_0002.JPG,StillImage,,CC-BY4.0,2023-08-26T11:00:00Z,,time lapse,national_monitoring/images_renamed/borgefjell/re_m_hu_3/2024/re_m_hu_3_2023-08-26_0002.JPG,image/jpeg,authenticate
re_m_hu_3_2023-09-05_0001_1,re_m_hu_3_2023-09-05_0001.JPG,StillImage,,CC-BY4.0,2023-09-04T23:00:00Z,,time lapse,national_monitoring/images_renamed/borgefjell/re_m_hu_3/2024/re_m_hu_3_2023-09-05_0001.JPG,image/jpeg,authenticate
re_m_hu_3_2023-10-11_0002_1,re_m_hu_3_2023-10-11_0002.JPG,StillImage,,CC-BY4.0,2023-10-11T11:00:00Z,,time lapse,national_monitoring/images_renamed/borgefjell/re_m_hu_3/2024/re_m_hu_3_2023-10-11_0002.JPG,image/jpeg,authenticate
re_m_hu_3_2024-01-20_0002_1,re_m_hu_3_2024-01-20_0002.JPG,StillImage,,CC-BY4.0,2024-01-20T11:00:00Z,,time lapse,national_monitoring/images_renamed/borgefjell/re_m_hu_3/2024/re_m_hu_3_2024-01-20_0002.JPG,image/jpeg,authenticate
re_m_hu_3_2024-03-19_0002_1,re_m_hu_3_2024-03-19_0002.JPG,StillImage,,CC-BY4.0,2024-03-19T11:00:00Z,,time lapse,national_monitoring/images_renamed/borgefjell/re_m_hu_3/2024/re_m_hu_3_2024-03-19_0002.JPG,image/jpeg,authenticate
re_m_hu_3_2024-06-16_0001_1,re_m_hu_3_2024-06-16_0001.JPG,StillImage,,CC-BY4.0,2024-06-15T23:00:00Z,,time lapse,national_monitoring/images_renamed/borgefjell/re_m_hu_3/2024/re_m_hu_3_2024-06-16_0001.JPG,image/jpeg,authenticate
re_m_hu_3_2024-06-29_0002_1,re_m_hu_3_2024-06-29_0002.JPG,StillImage,,CC-BY4.0,2024-06-29T11:00:00Z,,time lapse,national_monitoring/images_renamed/borgefjell/re_m_hu_3/2024/re_m_hu_3_2024-06-29_0002.JPG,image/jpeg,authenticate
re_m_hu_3_2024-07-07_0002_1,re_m_hu_3_2024-07-07_0002.JPG,StillImage,,CC-BY4.0,2024-07-07T11:00:00Z,,time lapse,national_monitoring/images_renamed/borgefjell/re_m_hu_3/2024/re_m_hu_3_2024-07-07_0002.JPG,image/jpeg,authenticate
re_m_hu_3_2024-07-11_0025_1,re_m_hu_3_2024-07-11_0025.JPG,StillImage,,CC-BY4.0,2024-07-11T07:31:04Z,,activity detection,national_monitoring/images_renamed/borgefjell/re_m_hu_3/2024/re_m_hu_3_2024-07-11_0025.JPG,image/jpeg,authenticate
re_m_hu_3_2024-07-27_0005_1,re_m_hu_3_2024-07-27_0005.JPG,StillImage,,CC-BY4.0,2024-07-27T20:35:20Z,,activity detection,national_monitoring/images_renamed/borgefjell/re_m_hu_3/2024/re_m_hu_3_2024-07-27_0005.JPG,image/jpeg,authenticate
re_m_hu_3_2024-07-28_0010_1,re_m_hu_3_2024-07-28_0010.JPG,StillImage,,CC-BY4.0,2024-07-28T00:59:01Z,,activity detection,national_monitoring/images_renamed/borgefjell/re_m_hu_3/2024/re_m_hu_3_2024-07-28_0010.JPG,image/jpeg,authenticate
re_m_hu_3_2024-08-06_0003_1,re_m_hu_3_2024-08-06_0003.JPG,StillImage,,CC-BY4.0,2024-08-06T10:32:09Z,,activity detection,national_monitoring/images_renamed/borgefjell/re_m_hu_3/2024/re_m_hu_3_2024-08-06_0003.JPG,image/jpeg,authenticate
re_m_hu_4_2023-09-24_0004_1,re_m_hu_4_2023-09-24_0004.JPG,StillImage,,CC-BY4.0,2023-09-24T15:27:13Z,,activity detection,national_monitoring/images_renamed/borgefjell/re_m_hu_4/2024/re_m_hu_4_2023-09-24_0004.JPG,image/jpeg,authenticate
re_m_hu_4_2023-12-01_0001_1,re_m_hu_4_2023-12-01_0001.JPG,StillImage,,CC-BY4.0,2023-11-30T23:00:00Z,,time lapse,national_monitoring/images_renamed/borgefjell/re_m_hu_4/2024/re_m_hu_4_2023-12-01_0001.JPG,image/jpeg,authenticate
re_m_hu_4_2023-12-12_0001_1,re_m_hu_4_2023-12-12_0001.JPG,StillImage,,CC-BY4.0,2023-12-11T23:00:00Z,,time lapse,national_monitoring/images_renamed/borgefjell/re_m_hu_4/2024/re_m_hu_4_2023-12-12_0001.JPG,image/jpeg,authenticate
re_m_hu_4_2024-01-08_0002_1,re_m_hu_4_2024-01-08_0002.JPG,StillImage,,CC-BY4.0,2024-01-08T11:00:00Z,,time lapse,national_monitoring/images_renamed/borgefjell/re_m_hu_4/2024/re_m_hu_4_2024-01-08_0002.JPG,image/jpeg,authenticate
re_m_hu_4_2024-01-11_0002_1,re_m_hu_4_2024-01-11_0002.JPG,StillImage,,CC-BY4.0,2024-01-11T11:00:00Z,,time lapse,national_monitoring/images_renamed/borgefjell/re_m_hu_4/2024/re_m_hu_4_2024-01-11_0002.JPG,image/jpeg,authenticate
re_m_hu_4_2024-02-01_0002_1,re_m_hu_4_2024-02-01_0002.JPG,StillImage,,CC-BY4.0,2024-02-01T11:00:00Z,,time lapse,national_monitoring/images_renamed/borgefjell/re_m_hu_4/2024/re_m_hu_4_2024-02-01_0002.JPG,image/jpeg,authenticate
re_m_hu_4_2024-02-09_0012_1,re_m_hu_4_2024-02-09_0012.JPG,StillImage,,CC-BY4.0,2024-02-09T13:13:52Z,,activity detection,national_monitoring/images_renamed/borgefjell/re_m_hu_4/2024/re_m_hu_4_2024-02-09_0012.JPG,image/jpeg,authenticate
re_m_hu_4_2024-02-15_0011_1,re_m_hu_4_2024-02-15_0011.JPG,StillImage,,CC-BY4.0,2024-02-15T07:52:00Z,,activity detection,national_monitoring/images_renamed/borgefjell/re_m_hu_4/2024/re_m_hu_4_2024-02-15_0011.JPG,image/jpeg,authenticate
re_m_hu_4_2024-02-27_0004_1,re_m_hu_4_2024-02-27_0004.JPG,StillImage,,CC-BY4.0,2024-02-27T07:03:11Z,,activity detection,national_monitoring/images_renamed/borgefjell/re_m_hu_4/2024/re_m_hu_4_2024-02-27_0004.JPG,image/jpeg,authenticate
re_m_hu_4_2024-02-28_0002_1,re_m_hu_4_2024-02-28_0002.JPG,StillImage,,CC-BY4.0,2024-02-27T23:41:00Z,,activity detection,national_monitoring/images_renamed/borgefjell/re_m_hu_4/2024/re_m_hu_4_2024-02-28_0002.JPG,image/jpeg,authenticate
re_m_hu_4_2024-03-05_0005_1,re_m_hu_4_2024-03-05_0005.JPG,StillImage,,CC-BY4.0,2024-03-05T10:05:20Z,,activity detection,national_monitoring/images_renamed/borgefjell/re_m_hu_4/2024/re_m_hu_4_2024-03-05_0005.JPG,image/jpeg,authenticate
re_m_hu_4_2024-03-07_0009_1,re_m_hu_4_2024-03-07_0009.JPG,StillImage,,CC-BY4.0,2024-03-06T23:26:43Z,,activity detection,national_monitoring/images_renamed/borgefjell/re_m_hu_4/2024/re_m_hu_4_2024-03-07_0009.JPG,image/jpeg,authenticate
re_m_hu_4_2024-03-08_0018_1,re_m_hu_4_2024-03-08_0018.JPG,StillImage,,CC-BY4.0,2024-03-08T06:03:56Z,,activity detection,national_monitoring/images_renamed/borgefjell/re_m_hu_4/2024/re_m_hu_4_2024-03-08_0018.JPG,image/jpeg,authenticate
re_m_hu_4_2024-03-08_0025_1,re_m_hu_4_2024-03-08_0025.JPG,StillImage,,CC-BY4.0,2024-03-08T10:51:19Z,,activity detection,national_monitoring/images_renamed/borgefjell/re_m_hu_4/2024/re_m_hu_4_2024-03-08_0025.JPG,image/jpeg,authenticate
re_m_hu_4_2024-03-09_0008_1,re_m_hu_4_2024-03-09_0008.JPG,StillImage,,CC-BY4.0,2024-03-09T03:44:56Z,,activity detection,national_monitoring/images_renamed/borgefjell/re_m_hu_4/2024/re_m_hu_4_2024-03-09_0008.JPG,image/jpeg,authenticate
re_m_hu_4_2024-03-10_0036_1,re_m_hu_4_2024-03-10_0036.JPG,StillImage,,CC-BY4.0,2024-03-10T11:00:00Z,,time lapse,national_monitoring/images_renamed/borgefjell/re_m_hu_4/2024/re_m_hu_4_2024-03-10_0036.JPG,image/jpeg,authenticate
re_m_hu_4_2024-03-10_0055_1,re_m_hu_4_2024-03-10_0055.JPG,StillImage,,CC-BY4.0,2024-03-10T21:02:21Z,,activity detection,national_monitoring/images_renamed/borgefjell/re_m_hu_4/2024/re_m_hu_4_2024-03-10_0055.JPG,image/jpeg,authenticate
re_m_hu_4_2024-03-11_0039_1,re_m_hu_4_2024-03-11_0039.JPG,StillImage,,CC-BY4.0,2024-03-11T13:11:56Z,,activity detection,national_monitoring/images_renamed/borgefjell/re_m_hu_4/2024/re_m_hu_4_2024-03-11_0039.JPG,image/jpeg,authenticate
re_m_hu_4_2024-04-05_0001_1,re_m_hu_4_2024-04-05_0001.JPG,StillImage,,CC-BY4.0,2024-04-04T23:00:00Z,,time lapse,national_monitoring/images_renamed/borgefjell/re_m_hu_4/2024/re_m_hu_4_2024-04-05_0001.JPG,image/jpeg,authenticate
re_m_hu_4_2024-04-15_0003_1,re_m_hu_4_2024-04-15_0003.JPG,StillImage,,CC-BY4.0,2024-04-14T23:00:00Z,,time lapse,national_monitoring/images_renamed/borgefjell/re_m_hu_4/2024/re_m_hu_4_2024-04-15_0003.JPG,image/jpeg,authenticate
re_m_hu_4_2024-06-05_0002_1,re_m_hu_4_2024-06-05_0002.JPG,StillImage,,CC-BY4.0,2024-06-05T11:00:00Z,,time lapse,national_monitoring/images_renamed/borgefjell/re_m_hu_4/2024/re_m_hu_4_2024-06-05_0002.JPG,image/jpeg,authenticate
re_m_hu_4_2024-06-25_0005_1,re_m_hu_4_2024-06-25_0005.JPG,StillImage,,CC-BY4.0,2024-06-25T08:37:39Z,,activity detection,national_monitoring/images_renamed/borgefjell/re_m_hu_4/2024/re_m_hu_4_2024-06-25_0005.JPG,image/jpeg,authenticate
re_m_hu_4_2024-07-26_0006_1,re_m_hu_4_2024-07-26_0006.JPG,StillImage,,CC-BY4.0,2024-07-26T00:44:05Z,,activity detection,national_monitoring/images_renamed/borgefjell/re_m_hu_4/2024/re_m_hu_4_2024-07-26_0006.JPG,image/jpeg,authenticate
re_m_hu_4_2024-07-27_0042_1,re_m_hu_4_2024-07-27_0042.JPG,StillImage,,CC-BY4.0,2024-07-27T15:00:20Z,,activity detection,national_monitoring/images_renamed/borgefjell/re_m_hu_4/2024/re_m_hu_4_2024-07-27_0042.JPG,image/jpeg,authenticate
re_m_hu_4_2024-07-27_0072_1,re_m_hu_4_2024-07-27_0072.JPG,StillImage,,CC-BY4.0,2024-07-27T17:38:07Z,,activity detection,national_monitoring/images_renamed/borgefjell/re_m_hu_4/2024/re_m_hu_4_2024-07-27_0072.JPG,image/jpeg,authenticate
re_m_hu_4_2024-07-28_0038_1,re_m_hu_4_2024-07-28_0038.JPG,StillImage,,CC-BY4.0,2024-07-28T13:21:12Z,,activity detection,national_monitoring/images_renamed/borgefjell/re_m_hu_4/2024/re_m_hu_4_2024-07-28_0038.JPG,image/jpeg,authenticate
re_m_hu_4_2024-08-02_0002_1,re_m_hu_4_2024-08-02_0002.JPG,StillImage,,CC-BY4.0,2024-08-02T11:00:00Z,,time lapse,national_monitoring/images_renamed/borgefjell/re_m_hu_4/2024/re_m_hu_4_2024-08-02_0002.JPG,image/jpeg,authenticate
re_m_hu_4_2024-08-03_0012_1,re_m_hu_4_2024-08-03_0012.JPG,StillImage,,CC-BY4.0,2024-08-03T18:25:02Z,,activity detection,national_monitoring/images_renamed/borgefjell/re_m_hu_4/2024/re_m_hu_4_2024-08-03_0012.JPG,image/jpeg,authenticate
re_m_hu_4_2024-08-05_0008_1,re_m_hu_4_2024-08-05_0008.JPG,StillImage,,CC-BY4.0,2024-08-05T08:07:14Z,,activity detection,national_monitoring/images_renamed/borgefjell/re_m_hu_4/2024/re_m_hu_4_2024-08-05_0008.JPG,image/jpeg,authenticate
re_m_hu_4_2024-08-07_0075_1,re_m_hu_4_2024-08-07_0075.JPG,StillImage,,CC-BY4.0,2024-08-07T16:28:34Z,,activity detection,national_monitoring/images_renamed/borgefjell/re_m_hu_4/2024/re_m_hu_4_2024-08-07_0075.JPG,image/jpeg,authenticate
re_m_hu_4_2024-08-08_0016_1,re_m_hu_4_2024-08-08_0016.JPG,StillImage,,CC-BY4.0,2024-08-08T04:43:27Z,,activity detection,national_monitoring/images_renamed/borgefjell/re_m_hu_4/2024/re_m_hu_4_2024-08-08_0016.JPG,image/jpeg,authenticate
re_m_hu_4_2024-08-15_0016_1,re_m_hu_4_2024-08-15_0016.JPG,StillImage,,CC-BY4.0,2024-08-15T07:01:58Z,,activity detection,national_monitoring/images_renamed/borgefjell/re_m_hu_4/2024/re_m_hu_4_2024-08-15_0016.JPG,image/jpeg,authenticate
re_m_hu_5_2023-10-15_0002_1,re_m_hu_5_2023-10-15_0002.JPG,StillImage,,CC-BY4.0,2023-10-15T11:00:00Z,,time lapse,national_monitoring/images_renamed/borgefjell/re_m_hu_5/2024/re_m_hu_5_2023-10-15_0002.JPG,image/jpeg,authenticate
re_m_hu_5_2023-12-30_0002_1,re_m_hu_5_2023-12-30_0002.JPG,StillImage,,CC-BY4.0,2023-12-30T11:00:00Z,,time lapse,national_monitoring/images_renamed/borgefjell/re_m_hu_5/2024/re_m_hu_5_2023-12-30_0002.JPG,image/jpeg,authenticate
re_m_hu_5_2024-04-05_0001_1,re_m_hu_5_2024-04-05_0001.JPG,StillImage,,CC-BY4.0,2024-04-04T23:00:00Z,,time lapse,national_monitoring/images_renamed/borgefjell/re_m_hu_5/2024/re_m_hu_5_2024-04-05_0001.JPG,image/jpeg,authenticate
re_m_hu_5_2024-05-20_0009_1,re_m_hu_5_2024-05-20_0009.JPG,StillImage,,CC-BY4.0,2024-05-20T06:17:50Z,,activity detection,national_monitoring/images_renamed/borgefjell/re_m_hu_5/2024/re_m_hu_5_2024-05-20_0009.JPG,image/jpeg,authenticate
re_m_hu_5_2024-05-30_0027_1,re_m_hu_5_2024-05-30_0027.JPG,StillImage,,CC-BY4.0,2024-05-30T09:26:07Z,,activity detection,national_monitoring/images_renamed/borgefjell/re_m_hu_5/2024/re_m_hu_5_2024-05-30_0027.JPG,image/jpeg,authenticate
re_m_hu_5_2024-05-30_0056_1,re_m_hu_5_2024-05-30_0056.JPG,StillImage,,CC-BY4.0,2024-05-30T15:15:05Z,,activity detection,national_monitoring/images_renamed/borgefjell/re_m_hu_5/2024/re_m_hu_5_2024-05-30_0056.JPG,image/jpeg,authenticate
re_m_hu_5_2024-05-31_0059_1,re_m_hu_5_2024-05-31_0059.JPG,StillImage,,CC-BY4.0,2024-05-31T15:53:19Z,,activity detection,national_monitoring/images_renamed/borgefjell/re_m_hu_5/2024/re_m_hu_5_2024-05-31_0059.JPG,image/jpeg,authenticate
re_m_hu_5_2024-06-03_0024_1,re_m_hu_5_2024-06-03_0024.JPG,StillImage,,CC-BY4.0,2024-06-03T16:00:40Z,,activity detection,national_monitoring/images_renamed/borgefjell/re_m_hu_5/2024/re_m_hu_5_2024-06-03_0024.JPG,image/jpeg,authenticate
re_m_hu_5_2024-06-05_0012_1,re_m_hu_5_2024-06-05_0012.JPG,StillImage,,CC-BY4.0,2024-06-05T11:14:14Z,,activity detection,national_monitoring/images_renamed/borgefjell/re_m_hu_5/2024/re_m_hu_5_2024-06-05_0012.JPG,image/jpeg,authenticate
re_m_hu_5_2024-06-06_0006_1,re_m_hu_5_2024-06-06_0006.JPG,StillImage,,CC-BY4.0,2024-06-06T01:04:59Z,,activity detection,national_monitoring/images_renamed/borgefjell/re_m_hu_5/2024/re_m_hu_5_2024-06-06_0006.JPG,image/jpeg,authenticate
re_m_hu_5_2024-06-06_0044_1,re_m_hu_5_2024-06-06_0044.JPG,StillImage,,CC-BY4.0,2024-06-06T11:56:11Z,,activity detection,national_monitoring/images_renamed/borgefjell/re_m_hu_5/2024/re_m_hu_5_2024-06-06_0044.JPG,image/jpeg,authenticate
re_m_hu_5_2024-06-07_0014_1,re_m_hu_5_2024-06-07_0014.JPG,StillImage,,CC-BY4.0,2024-06-07T01:18:51Z,,activity detection,national_monitoring/images_renamed/borgefjell/re_m_hu_5/2024/re_m_hu_5_2024-06-07_0014.JPG,image/jpeg,authenticate
re_m_hu_5_2024-06-07_0043_1,re_m_hu_5_2024-06-07_0043.JPG,StillImage,,CC-BY4.0,2024-06-07T15:58:27Z,,activity detection,national_monitoring/images_renamed/borgefjell/re_m_hu_5/2024/re_m_hu_5_2024-06-07_0043.JPG,image/jpeg,authenticate
re_m_hu_5_2024-06-08_0005_1,re_m_hu_5_2024-06-08_0005.JPG,StillImage,,CC-BY4.0,2024-06-08T00:51:19Z,,activity detection,national_monitoring/images_renamed/borgefjell/re_m_hu_5/2024/re_m_hu_5_2024-06-08_0005.JPG,image/jpeg,authenticate
re_m_hu_5_2024-06-10_0011_1,re_m_hu_5_2024-06-10_0011.JPG,StillImage,,CC-BY4.0,2024-06-09T23:44:23Z,,activity detection,national_monitoring/images_renamed/borgefjell/re_m_hu_5/2024/re_m_hu_5_2024-06-10_0011.JPG,image/jpeg,authenticate
re_m_hu_5_2024-06-10_0083_1,re_m_hu_5_2024-06-10_0083.JPG,StillImage,,CC-BY4.0,2024-06-10T14:56:31Z,,activity detection,national_monitoring/images_renamed/borgefjell/re_m_hu_5/2024/re_m_hu_5_2024-06-10_0083.JPG,image/jpeg,authenticate
re_m_hu_5_2024-06-10_0087_1,re_m_hu_5_2024-06-10_0087.JPG,StillImage,,CC-BY4.0,2024-06-10T18:16:32Z,,activity detection,national_monitoring/images_renamed/borgefjell/re_m_hu_5/2024/re_m_hu_5_2024-06-10_0087.JPG,image/jpeg,authenticate
re_m_hu_5_2024-06-11_0011_1,re_m_hu_5_2024-06-11_0011.JPG,StillImage,,CC-BY4.0,2024-06-11T06:17:23Z,,activity detection,national_monitoring/images_renamed/borgefjell/re_m_hu_5/2024/re_m_hu_5_2024-06-11_0011.JPG,image/jpeg,authenticate
re_m_hu_5_2024-06-14_0013_1,re_m_hu_5_2024-06-14_0013.JPG,StillImage,,CC-BY4.0,2024-06-14T06:47:11Z,,activity detection,national_monitoring/images_renamed/borgefjell/re_m_hu_5/2024/re_m_hu_5_2024-06-14_0013.JPG,image/jpeg,authenticate
re_m_hu_5_2024-06-17_0045_1,re_m_hu_5_2024-06-17_0045.JPG,StillImage,,CC-BY4.0,2024-06-17T13:19:20Z,,activity detection,national_monitoring/images_renamed/borgefjell/re_m_hu_5/2024/re_m_hu_5_2024-06-17_0045.JPG,image/jpeg,authenticate
re_m_hu_5_2024-06-18_0045_1,re_m_hu_5_2024-06-18_0045.JPG,StillImage,,CC-BY4.0,2024-06-18T17:53:18Z,,activity detection,national_monitoring/images_renamed/borgefjell/re_m_hu_5/2024/re_m_hu_5_2024-06-18_0045.JPG,image/jpeg,authenticate
re_m_hu_5_2024-06-19_0091_1,re_m_hu_5_2024-06-19_0091.JPG,StillImage,,CC-BY4.0,2024-06-19T18:25:29Z,,activity detection,national_monitoring/images_renamed/borgefjell/re_m_hu_5/2024/re_m_hu_5_2024-06-19_0091.JPG,image/jpeg,authenticate
re_m_hu_5_2024-06-22_0030_1,re_m_hu_5_2024-06-22_0030.JPG,StillImage,,CC-BY4.0,2024-06-22T03:46:56Z,,activity detection,national_monitoring/images_renamed/borgefjell/re_m_hu_5/2024/re_m_hu_5_2024-06-22_0030.JPG,image/jpeg,authenticate
re_m_hu_5_2024-06-23_0043_1,re_m_hu_5_2024-06-23_0043.JPG,StillImage,,CC-BY4.0,2024-06-23T06:23:05Z,,activity detection,national_monitoring/images_renamed/borgefjell/re_m_hu_5/2024/re_m_hu_5_2024-06-23_0043.JPG,image/jpeg,authenticate
re_m_hu_5_2024-06-24_0063_1,re_m_hu_5_2024-06-24_0063.JPG,StillImage,,CC-BY4.0,2024-06-24T12:46:12Z,,activity detection,national_monitoring/images_renamed/borgefjell/re_m_hu_5/2024/re_m_hu_5_2024-06-24_0063.JPG,image/jpeg,authenticate
re_m_hu_5_2024-06-26_0063_1,re_m_hu_5_2024-06-26_0063.JPG,StillImage,,CC-BY4.0,2024-06-26T13:06:14Z,,activity detection,national_monitoring/images_renamed/borgefjell/re_m_hu_5/2024/re_m_hu_5_2024-06-26_0063.JPG,image/jpeg,authenticate
re_m_hu_5_2024-06-27_0027_1,re_m_hu_5_2024-06-27_0027.JPG,StillImage,,CC-BY4.0,2024-06-27T03:08:30Z,,activity detection,national_monitoring/images_renamed/borgefjell/re_m_hu_5/2024/re_m_hu_5_2024-06-27_0027.JPG,image/jpeg,authenticate
re_m_hu_5_2024-06-28_0034_1,re_m_hu_5_2024-06-28_0034.JPG,StillImage,,CC-BY4.0,2024-06-28T00:45:48Z,,activity detection,national_monitoring/images_renamed/borgefjell/re_m_hu_5/2024/re_m_hu_5_2024-06-28_0034.JPG,image/jpeg,authenticate
re_m_hu_5_2024-06-29_0026_1,re_m_hu_5_2024-06-29_0026.JPG,StillImage,,CC-BY4.0,2024-06-29T07:02:29Z,,activity detection,national_monitoring/images_renamed/borgefjell/re_m_hu_5/2024/re_m_hu_5_2024-06-29_0026.JPG,image/jpeg,authenticate
re_m_hu_5_2024-07-08_0016_1,re_m_hu_5_2024-07-08_0016.JPG,StillImage,,CC-BY4.0,2024-07-08T10:33:00Z,,activity detection,national_monitoring/images_renamed/borgefjell/re_m_hu_5/2024/re_m_hu_5_2024-07-08_0016.JPG,image/jpeg,authenticate
re_m_hu_5_2024-07-09_0024_1,re_m_hu_5_2024-07-09_0024.JPG,StillImage,,CC-BY4.0,2024-07-09T12:48:20Z,,activity detection,national_monitoring/images_renamed/borgefjell/re_m_hu_5/2024/re_m_hu_5_2024-07-09_0024.JPG,image/jpeg,authenticate
re_m_hu_5_2024-07-19_0023_1,re_m_hu_5_2024-07-19_0023.JPG,StillImage,,CC-BY4.0,2024-07-19T03:36:04Z,,activity detection,national_monitoring/images_renamed/borgefjell/re_m_hu_5/2024/re_m_hu_5_2024-07-19_0023.JPG,image/jpeg,authenticate
re_m_hu_5_2024-07-19_0037_1,re_m_hu_5_2024-07-19_0037.JPG,StillImage,,CC-BY4.0,2024-07-19T06:50:22Z,,activity detection,national_monitoring/images_renamed/borgefjell/re_m_hu_5/2024/re_m_hu_5_2024-07-19_0037.JPG,image/jpeg,authenticate
re_m_hu_5_2024-07-19_0108_1,re_m_hu_5_2024-07-19_0108.JPG,StillImage,,CC-BY4.0,2024-07-19T20:04:42Z,,activity detection,national_monitoring/images_renamed/borgefjell/re_m_hu_5/2024/re_m_hu_5_2024-07-19_0108.JPG,image/jpeg,authenticate
re_m_hu_5_2024-07-20_0018_1,re_m_hu_5_2024-07-20_0018.JPG,StillImage,,CC-BY4.0,2024-07-20T02:03:15Z,,activity detection,national_monitoring/images_renamed/borgefjell/re_m_hu_5/2024/re_m_hu_5_2024-07-20_0018.JPG,image/jpeg,authenticate
re_m_hu_5_2024-07-20_0033_1,re_m_hu_5_2024-07-20_0033.JPG,StillImage,,CC-BY4.0,2024-07-20T03:33:23Z,,activity detection,national_monitoring/images_renamed/borgefjell/re_m_hu_5/2024/re_m_hu_5_2024-07-20_0033.JPG,image/jpeg,authenticate
re_m_hu_5_2024-07-21_0010_1,re_m_hu_5_2024-07-21_0010.JPG,StillImage,,CC-BY4.0,2024-07-21T04:13:34Z,,activity detection,national_monitoring/images_renamed/borgefjell/re_m_hu_5/2024/re_m_hu_5_2024-07-21_0010.JPG,image/jpeg,authenticate
re_m_hu_5_2024-07-23_0035_1,re_m_hu_5_2024-07-23_0035.JPG,StillImage,,CC-BY4.0,2024-07-23T14:41:52Z,,activity detection,national_monitoring/images_renamed/borgefjell/re_m_hu_5/2024/re_m_hu_5_2024-07-23_0035.JPG,image/jpeg,authenticate
re_m_hu_5_2024-07-23_0060_1,re_m_hu_5_2024-07-23_0060.JPG,StillImage,,CC-BY4.0,2024-07-23T17:51:25Z,,activity detection,national_monitoring/images_renamed/borgefjell/re_m_hu_5/2024/re_m_hu_5_2024-07-23_0060.JPG,image/jpeg,authenticate
re_m_hu_5_2024-07-23_0076_1,re_m_hu_5_2024-07-23_0076.JPG,StillImage,,CC-BY4.0,2024-07-23T18:30:24Z,,activity detection,national_monitoring/images_renamed/borgefjell/re_m_hu_5/2024/re_m_hu_5_2024-07-23_0076.JPG,image/jpeg,authenticate
re_m_hu_5_2024-07-25_0009_1,re_m_hu_5_2024-07-25_0009.JPG,StillImage,,CC-BY4.0,2024-07-25T00:15:15Z,,activity detection,national_monitoring/images_renamed/borgefjell/re_m_hu_5/2024/re_m_hu_5_2024-07-25_0009.JPG,image/jpeg,authenticate
re_m_hu_5_2024-07-25_0024_1,re_m_hu_5_2024-07-25_0024.JPG,StillImage,,CC-BY4.0,2024-07-25T07:02:23Z,,activity detection,national_monitoring/images_renamed/borgefjell/re_m_hu_5/2024/re_m_hu_5_2024-07-25_0024.JPG,image/jpeg,authenticate
re_m_hu_5_2024-07-25_0058_1,re_m_hu_5_2024-07-25_0058.JPG,StillImage,,CC-BY4.0,2024-07-25T15:10:44Z,,activity detection,national_monitoring/images_renamed/borgefjell/re_m_hu_5/2024/re_m_hu_5_2024-07-25_0058.JPG,image/jpeg,authenticate
re_m_hu_5_2024-07-26_0024_1,re_m_hu_5_2024-07-26_0024.JPG,StillImage,,CC-BY4.0,2024-07-26T06:38:08Z,,activity detection,national_monitoring/images_renamed/borgefjell/re_m_hu_5/2024/re_m_hu_5_2024-07-26_0024.JPG,image/jpeg,authenticate
re_m_hu_5_2024-07-27_0077_1,re_m_hu_5_2024-07-27_0077.JPG,StillImage,,CC-BY4.0,2024-07-27T19:59:29Z,,activity detection,national_monitoring/images_renamed/borgefjell/re_m_hu_5/2024/re_m_hu_5_2024-07-27_0077.JPG,image/jpeg,authenticate
re_m_hu_5_2024-07-28_0018_1,re_m_hu_5_2024-07-28_0018.JPG,StillImage,,CC-BY4.0,2024-07-28T01:49:19Z,,activity detection,national_monitoring/images_renamed/borgefjell/re_m_hu_5/2024/re_m_hu_5_2024-07-28_0018.JPG,image/jpeg,authenticate
re_m_hu_5_2024-07-30_0040_1,re_m_hu_5_2024-07-30_0040.JPG,StillImage,,CC-BY4.0,2024-07-30T16:52:09Z,,activity detection,national_monitoring/images_renamed/borgefjell/re_m_hu_5/2024/re_m_hu_5_2024-07-30_0040.JPG,image/jpeg,authenticate
re_m_hu_5_2024-07-30_0044_1,re_m_hu_5_2024-07-30_0044.JPG,StillImage,,CC-BY4.0,2024-07-30T18:03:38Z,,activity detection,national_monitoring/images_renamed/borgefjell/re_m_hu_5/2024/re_m_hu_5_2024-07-30_0044.JPG,image/jpeg,authenticate
re_m_hu_5_2024-07-31_0011_1,re_m_hu_5_2024-07-31_0011.JPG,StillImage,,CC-BY4.0,2024-07-31T15:50:46Z,,activity detection,national_monitoring/images_renamed/borgefjell/re_m_hu_5/2024/re_m_hu_5_2024-07-31_0011.JPG,image/jpeg,authenticate
re_m_hu_5_2024-08-03_0029_1,re_m_hu_5_2024-08-03_0029.JPG,StillImage,,CC-BY4.0,2024-08-03T16:59:41Z,,activity detection,national_monitoring/images_renamed/borgefjell/re_m_hu_5/2024/re_m_hu_5_2024-08-03_0029.JPG,image/jpeg,authenticate
re_m_hu_5_2024-08-05_0028_1,re_m_hu_5_2024-08-05_0028.JPG,StillImage,,CC-BY4.0,2024-08-05T16:24:12Z,,activity detection,national_monitoring/images_renamed/borgefjell/re_m_hu_5/2024/re_m_hu_5_2024-08-05_0028.JPG,image/jpeg,authenticate
re_m_hu_5_2024-08-05_0032_1,re_m_hu_5_2024-08-05_0032.JPG,StillImage,,CC-BY4.0,2024-08-05T16:47:13Z,,activity detection,national_monitoring/images_renamed/borgefjell/re_m_hu_5/2024/re_m_hu_5_2024-08-05_0032.JPG,image/jpeg,authenticate
re_m_hu_5_2024-08-06_0017_1,re_m_hu_5_2024-08-06_0017.JPG,StillImage,,CC-BY4.0,2024-08-06T13:06:36Z,,activity detection,national_monitoring/images_renamed/borgefjell/re_m_hu_5/2024/re_m_hu_5_2024-08-06_0017.JPG,image/jpeg,authenticate
re_m_hu_5_2024-08-08_0030_1,re_m_hu_5_2024-08-08_0030.JPG,StillImage,,CC-BY4.0,2024-08-08T18:04:50Z,,activity detection,national_monitoring/images_renamed/borgefjell/re_m_hu_5/2024/re_m_hu_5_2024-08-08_0030.JPG,image/jpeg,authenticate
re_m_hu_5_2024-08-09_0029_1,re_m_hu_5_2024-08-09_0029.JPG,StillImage,,CC-BY4.0,2024-08-09T10:58:57Z,,activity detection,national_monitoring/images_renamed/borgefjell/re_m_hu_5/2024/re_m_hu_5_2024-08-09_0029.JPG,image/jpeg,authenticate
re_m_hu_5_2024-08-10_0037_1,re_m_hu_5_2024-08-10_0037.JPG,StillImage,,CC-BY4.0,2024-08-10T09:51:35Z,,activity detection,national_monitoring/images_renamed/borgefjell/re_m_hu_5/2024/re_m_hu_5_2024-08-10_0037.JPG,image/jpeg,authenticate
re_m_hu_5_2024-08-12_0045_1,re_m_hu_5_2024-08-12_0045.JPG,StillImage,,CC-BY4.0,2024-08-12T14:26:27Z,,activity detection,national_monitoring/images_renamed/borgefjell/re_m_hu_5/2024/re_m_hu_5_2024-08-12_0045.JPG,image/jpeg,authenticate
re_m_hu_6_2023-08-27_0001_1,re_m_hu_6_2023-08-27_0001.JPG,StillImage,,CC-BY4.0,2023-08-26T23:00:00Z,,time lapse,national_monitoring/images_renamed/borgefjell/re_m_hu_6/2024/re_m_hu_6_2023-08-27_0001.JPG,image/jpeg,authenticate
re_m_hu_6_2023-10-05_0009_1,re_m_hu_6_2023-10-05_0009.JPG,StillImage,,CC-BY4.0,2023-10-05T08:58:08Z,,activity detection,national_monitoring/images_renamed/borgefjell/re_m_hu_6/2024/re_m_hu_6_2023-10-05_0009.JPG,image/jpeg,authenticate
re_m_hu_6_2023-10-05_0113_1,re_m_hu_6_2023-10-05_0113.JPG,StillImage,,CC-BY4.0,2023-10-05T12:08:32Z,,activity detection,national_monitoring/images_renamed/borgefjell/re_m_hu_6/2024/re_m_hu_6_2023-10-05_0113.JPG,image/jpeg,authenticate
re_m_hu_6_2023-10-06_0007_1,re_m_hu_6_2023-10-06_0007.JPG,StillImage,,CC-BY4.0,2023-10-06T07:41:00Z,,activity detection,national_monitoring/images_renamed/borgefjell/re_m_hu_6/2024/re_m_hu_6_2023-10-06_0007.JPG,image/jpeg,authenticate
re_m_hu_6_2023-11-11_0001_1,re_m_hu_6_2023-11-11_0001.JPG,StillImage,,CC-BY4.0,2023-11-10T23:00:00Z,,time lapse,national_monitoring/images_renamed/borgefjell/re_m_hu_6/2024/re_m_hu_6_2023-11-11_0001.JPG,image/jpeg,authenticate
re_m_hu_6_2024-01-17_0002_1,re_m_hu_6_2024-01-17_0002.JPG,StillImage,,CC-BY4.0,2024-01-17T11:00:00Z,,time lapse,national_monitoring/images_renamed/borgefjell/re_m_hu_6/2024/re_m_hu_6_2024-01-17_0002.JPG,image/jpeg,authenticate
re_m_hu_6_2024-01-18_0002_1,re_m_hu_6_2024-01-18_0002.JPG,StillImage,,CC-BY4.0,2024-01-18T11:00:00Z,,time lapse,national_monitoring/images_renamed/borgefjell/re_m_hu_6/2024/re_m_hu_6_2024-01-18_0002.JPG,image/jpeg,authenticate
re_m_hu_6_2024-03-05_0001_1,re_m_hu_6_2024-03-05_0001.JPG,StillImage,,CC-BY4.0,2024-03-04T23:00:00Z,,time lapse,national_monitoring/images_renamed/borgefjell/re_m_hu_6/2024/re_m_hu_6_2024-03-05_0001.JPG,image/jpeg,authenticate
re_m_hu_6_2024-05-08_0002_1,re_m_hu_6_2024-05-08_0002.JPG,StillImage,,CC-BY4.0,2024-05-08T11:00:00Z,,time lapse,national_monitoring/images_renamed/borgefjell/re_m_hu_6/2024/re_m_hu_6_2024-05-08_0002.JPG,image/jpeg,authenticate
re_m_hu_6_2024-06-12_0001_1,re_m_hu_6_2024-06-12_0001.JPG,StillImage,,CC-BY4.0,2024-06-11T23:00:00Z,,time lapse,national_monitoring/images_renamed/borgefjell/re_m_hu_6/2024/re_m_hu_6_2024-06-12_0001.JPG,image/jpeg,authenticate
re_m_hu_6_2024-07-31_0002_1,re_m_hu_6_2024-07-31_0002.JPG,StillImage,,CC-BY4.0,2024-07-31T11:00:00Z,,time lapse,national_monitoring/images_renamed/borgefjell/re_m_hu_6/2024/re_m_hu_6_2024-07-31_0002.JPG,image/jpeg,authenticate
re_m_sn_1_2023-09-01_0002_1,re_m_sn_1_2023-09-01_0002.JPG,StillImage,,CC-BY4.0,2023-09-01T11:00:00Z,,time lapse,national_monitoring/images_renamed/borgefjell/re_m_sn_1/2024/re_m_sn_1_2023-09-01_0002.JPG,image/jpeg,authenticate
re_m_sn_1_2024-03-02_0002_1,re_m_sn_1_2024-03-02_0002.JPG,StillImage,,CC-BY4.0,2024-03-02T11:00:00Z,,time lapse,national_monitoring/images_renamed/borgefjell/re_m_sn_1/2024/re_m_sn_1_2024-03-02_0002.JPG,image/jpeg,authenticate
re_m_sn_1_2024-04-21_0002_1,re_m_sn_1_2024-04-21_0002.JPG,StillImage,,CC-BY4.0,2024-04-21T11:00:00Z,,time lapse,national_monitoring/images_renamed/borgefjell/re_m_sn_1/2024/re_m_sn_1_2024-04-21_0002.JPG,image/jpeg,authenticate
re_m_sn_1_2024-05-13_0001_1,re_m_sn_1_2024-05-13_0001.JPG,StillImage,,CC-BY4.0,2024-05-12T23:00:00Z,,time lapse,national_monitoring/images_renamed/borgefjell/re_m_sn_1/2024/re_m_sn_1_2024-05-13_0001.JPG,image/jpeg,authenticate
re_m_sn_1_2024-05-13_0002_1,re_m_sn_1_2024-05-13_0002.JPG,StillImage,,CC-BY4.0,2024-05-13T11:00:00Z,,time lapse,national_monitoring/images_renamed/borgefjell/re_m_sn_1/2024/re_m_sn_1_2024-05-13_0002.JPG,image/jpeg,authenticate
re_m_sn_1_2024-05-14_0001_1,re_m_sn_1_2024-05-14_0001.JPG,StillImage,,CC-BY4.0,2024-05-13T23:00:00Z,,time lapse,national_monitoring/images_renamed/borgefjell/re_m_sn_1/2024/re_m_sn_1_2024-05-14_0001.JPG,image/jpeg,authenticate
re_m_sn_1_2024-05-30_0002_1,re_m_sn_1_2024-05-30_0002.JPG,StillImage,,CC-BY4.0,2024-05-30T11:00:00Z,,time lapse,national_monitoring/images_renamed/borgefjell/re_m_sn_1/2024/re_m_sn_1_2024-05-30_0002.JPG,image/jpeg,authenticate
re_m_sn_1_2024-08-15_0005_1,re_m_sn_1_2024-08-15_0005.JPG,StillImage,,CC-BY4.0,2024-08-15T00:51:31Z,,activity detection,national_monitoring/images_renamed/borgefjell/re_m_sn_1/2024/re_m_sn_1_2024-08-15_0005.JPG,image/jpeg,authenticate
re_m_sn_2_2023-12-01_0002_1,re_m_sn_2_2023-12-01_0002.JPG,StillImage,,CC-BY4.0,2023-12-01T11:00:00Z,,time lapse,national_monitoring/images_renamed/borgefjell/re_m_sn_2/2024/re_m_sn_2_2023-12-01_0002.JPG,image/jpeg,authenticate
re_m_sn_2_2024-01-03_0001_1,re_m_sn_2_2024-01-03_0001.JPG,StillImage,,CC-BY4.0,2024-01-02T23:00:00Z,,time lapse,national_monitoring/images_renamed/borgefjell/re_m_sn_2/2024/re_m_sn_2_2024-01-03_0001.JPG,image/jpeg,authenticate
re_m_sn_2_2024-02-14_0001_1,re_m_sn_2_2024-02-14_0001.JPG,StillImage,,CC-BY4.0,2024-02-13T23:00:00Z,,time lapse,national_monitoring/images_renamed/borgefjell/re_m_sn_2/2024/re_m_sn_2_2024-02-14_0001.JPG,image/jpeg,authenticate
re_m_sn_2_2024-03-24_0001_1,re_m_sn_2_2024-03-24_0001.JPG,StillImage,,CC-BY4.0,2024-03-23T23:00:00Z,,time lapse,national_monitoring/images_renamed/borgefjell/re_m_sn_2/2024/re_m_sn_2_2024-03-24_0001.JPG,image/jpeg,authenticate
re_m_sn_2_2024-04-28_0001_1,re_m_sn_2_2024-04-28_0001.JPG,StillImage,,CC-BY4.0,2024-04-27T23:00:00Z,,time lapse,national_monitoring/images_renamed/borgefjell/re_m_sn_2/2024/re_m_sn_2_2024-04-28_0001.JPG,image/jpeg,authenticate
re_m_sn_2_2024-06-14_0001_1,re_m_sn_2_2024-06-14_0001.JPG,StillImage,,CC-BY4.0,2024-06-13T23:00:00Z,,time lapse,national_monitoring/images_renamed/borgefjell/re_m_sn_2/2024/re_m_sn_2_2024-06-14_0001.JPG,image/jpeg,authenticate
re_m_sn_2_2024-06-14_0002_1,re_m_sn_2_2024-06-14_0002.JPG,StillImage,,CC-BY4.0,2024-06-14T11:00:00Z,,time lapse,national_monitoring/images_renamed/borgefjell/re_m_sn_2/2024/re_m_sn_2_2024-06-14_0002.JPG,image/jpeg,authenticate
re_m_sn_2_2024-06-15_0001_1,re_m_sn_2_2024-06-15_0001.JPG,StillImage,,CC-BY4.0,2024-06-14T23:00:00Z,,time lapse,national_monitoring/images_renamed/borgefjell/re_m_sn_2/2024/re_m_sn_2_2024-06-15_0001.JPG,image/jpeg,authenticate
re_m_sn_2_2024-07-06_0001_1,re_m_sn_2_2024-07-06_0001.JPG,StillImage,,CC-BY4.0,2024-07-05T23:00:00Z,,time lapse,national_monitoring/images_renamed/borgefjell/re_m_sn_2/2024/re_m_sn_2_2024-07-06_0001.JPG,image/jpeg,authenticate
re_m_sn_2_2024-07-28_0003_1,re_m_sn_2_2024-07-28_0003.JPG,StillImage,,CC-BY4.0,2024-07-27T23:00:00Z,,time lapse,national_monitoring/images_renamed/borgefjell/re_m_sn_2/2024/re_m_sn_2_2024-07-28_0003.JPG,image/jpeg,authenticate
re_m_sn_2_2024-08-15_0001_1,re_m_sn_2_2024-08-15_0001.JPG,StillImage,,CC-BY4.0,2024-08-14T23:00:00Z,,time lapse,national_monitoring/images_renamed/borgefjell/re_m_sn_2/2024/re_m_sn_2_2024-08-15_0001.JPG,image/jpeg,authenticate
re_m_sn_3_2023-08-22_0001_1,re_m_sn_3_2023-08-22_0001.JPG,StillImage,,CC-BY4.0,2023-08-21T23:00:00Z,,time lapse,national_monitoring/images_renamed/borgefjell/re_m_sn_3/2024/re_m_sn_3_2023-08-22_0001.JPG,image/jpeg,authenticate
re_m_sn_3_2023-08-29_0002_1,re_m_sn_3_2023-08-29_0002.JPG,StillImage,,CC-BY4.0,2023-08-29T11:00:00Z,,time lapse,national_monitoring/images_renamed/borgefjell/re_m_sn_3/2024/re_m_sn_3_2023-08-29_0002.JPG,image/jpeg,authenticate
re_m_sn_3_2023-10-11_0002_1,re_m_sn_3_2023-10-11_0002.JPG,StillImage,,CC-BY4.0,2023-10-11T11:00:00Z,,time lapse,national_monitoring/images_renamed/borgefjell/re_m_sn_3/2024/re_m_sn_3_2023-10-11_0002.JPG,image/jpeg,authenticate
re_m_sn_3_2023-10-25_0002_1,re_m_sn_3_2023-10-25_0002.JPG,StillImage,,CC-BY4.0,2023-10-25T11:00:00Z,,time lapse,national_monitoring/images_renamed/borgefjell/re_m_sn_3/2024/re_m_sn_3_2023-10-25_0002.JPG,image/jpeg,authenticate
re_m_sn_3_2023-11-25_0002_1,re_m_sn_3_2023-11-25_0002.JPG,StillImage,,CC-BY4.0,2023-11-25T11:00:00Z,,time lapse,national_monitoring/images_renamed/borgefjell/re_m_sn_3/2024/re_m_sn_3_2023-11-25_0002.JPG,image/jpeg,authenticate
re_m_sn_3_2024-02-11_0001_1,re_m_sn_3_2024-02-11_0001.JPG,StillImage,,CC-BY4.0,2024-02-10T23:00:00Z,,time lapse,national_monitoring/images_renamed/borgefjell/re_m_sn_3/2024/re_m_sn_3_2024-02-11_0001.JPG,image/jpeg,authenticate
re_m_sn_3_2024-02-17_0014_1,re_m_sn_3_2024-02-17_0014.JPG,StillImage,,CC-BY4.0,2024-02-17T15:13:26Z,,activity detection,national_monitoring/images_renamed/borgefjell/re_m_sn_3/2024/re_m_sn_3_2024-02-17_0014.JPG,image/jpeg,authenticate
re_m_sn_3_2024-02-28_0002_1,re_m_sn_3_2024-02-28_0002.JPG,StillImage,,CC-BY4.0,2024-02-28T11:00:00Z,,time lapse,national_monitoring/images_renamed/borgefjell/re_m_sn_3/2024/re_m_sn_3_2024-02-28_0002.JPG,image/jpeg,authenticate
re_m_sn_3_2024-03-23_0001_1,re_m_sn_3_2024-03-23_0001.JPG,StillImage,,CC-BY4.0,2024-03-22T23:00:00Z,,time lapse,national_monitoring/images_renamed/borgefjell/re_m_sn_3/2024/re_m_sn_3_2024-03-23_0001.JPG,image/jpeg,authenticate
re_m_sn_3_2024-04-10_0002_1,re_m_sn_3_2024-04-10_0002.JPG,StillImage,,CC-BY4.0,2024-04-10T11:00:00Z,,time lapse,national_monitoring/images_renamed/borgefjell/re_m_sn_3/2024/re_m_sn_3_2024-04-10_0002.JPG,image/jpeg,authenticate
re_m_sn_3_2024-04-11_0006_1,re_m_sn_3_2024-04-11_0006.JPG,StillImage,,CC-BY4.0,2024-04-11T11:00:00Z,,time lapse,national_monitoring/images_renamed/borgefjell/re_m_sn_3/2024/re_m_sn_3_2024-04-11_0006.JPG,image/jpeg,authenticate
re_m_sn_3_2024-04-12_0006_1,re_m_sn_3_2024-04-12_0006.JPG,StillImage,,CC-BY4.0,2024-04-12T18:48:20Z,,activity detection,national_monitoring/images_renamed/borgefjell/re_m_sn_3/2024/re_m_sn_3_2024-04-12_0006.JPG,image/jpeg,authenticate
re_m_sn_3_2024-04-14_0002_1,re_m_sn_3_2024-04-14_0002.JPG,StillImage,,CC-BY4.0,2024-04-14T11:00:00Z,,time lapse,national_monitoring/images_renamed/borgefjell/re_m_sn_3/2024/re_m_sn_3_2024-04-14_0002.JPG,image/jpeg,authenticate
re_m_sn_3_2024-04-20_0005_1,re_m_sn_3_2024-04-20_0005.JPG,StillImage,,CC-BY4.0,2024-04-20T08:33:47Z,,activity detection,national_monitoring/images_renamed/borgefjell/re_m_sn_3/2024/re_m_sn_3_2024-04-20_0005.JPG,image/jpeg,authenticate
re_m_sn_3_2024-06-11_0014_1,re_m_sn_3_2024-06-11_0014.JPG,StillImage,,CC-BY4.0,2024-06-11T10:59:45Z,,activity detection,national_monitoring/images_renamed/borgefjell/re_m_sn_3/2024/re_m_sn_3_2024-06-11_0014.JPG,image/jpeg,authenticate
re_m_sn_3_2024-06-11_0017_1,re_m_sn_3_2024-06-11_0017.JPG,StillImage,,CC-BY4.0,2024-06-11T12:52:37Z,,activity detection,national_monitoring/images_renamed/borgefjell/re_m_sn_3/2024/re_m_sn_3_2024-06-11_0017.JPG,image/jpeg,authenticate
re_m_sn_3_2024-06-23_0007_1,re_m_sn_3_2024-06-23_0007.JPG,StillImage,,CC-BY4.0,2024-06-23T08:26:40Z,,activity detection,national_monitoring/images_renamed/borgefjell/re_m_sn_3/2024/re_m_sn_3_2024-06-23_0007.JPG,image/jpeg,authenticate
re_m_sn_4_2023-08-16_0005_1,re_m_sn_4_2023-08-16_0005.JPG,StillImage,,CC-BY4.0,2023-08-16T07:52:53Z,,activity detection,national_monitoring/images_renamed/borgefjell/re_m_sn_4/2024/re_m_sn_4_2023-08-16_0005.JPG,image/jpeg,authenticate
re_m_sn_4_2023-08-18_0025_1,re_m_sn_4_2023-08-18_0025.JPG,StillImage,,CC-BY4.0,2023-08-18T15:52:50Z,,activity detection,national_monitoring/images_renamed/borgefjell/re_m_sn_4/2024/re_m_sn_4_2023-08-18_0025.JPG,image/jpeg,authenticate
re_m_sn_4_2023-08-19_0007_1,re_m_sn_4_2023-08-19_0007.JPG,StillImage,,CC-BY4.0,2023-08-19T01:42:27Z,,activity detection,national_monitoring/images_renamed/borgefjell/re_m_sn_4/2024/re_m_sn_4_2023-08-19_0007.JPG,image/jpeg,authenticate
re_m_sn_4_2023-08-22_0008_1,re_m_sn_4_2023-08-22_0008.JPG,StillImage,,CC-BY4.0,2023-08-22T13:23:41Z,,activity detection,national_monitoring/images_renamed/borgefjell/re_m_sn_4/2024/re_m_sn_4_2023-08-22_0008.JPG,image/jpeg,authenticate
re_m_sn_4_2023-09-09_0003_1,re_m_sn_4_2023-09-09_0003.JPG,StillImage,,CC-BY4.0,2023-09-09T19:20:53Z,,activity detection,national_monitoring/images_renamed/borgefjell/re_m_sn_4/2024/re_m_sn_4_2023-09-09_0003.JPG,image/jpeg,authenticate
re_m_sn_4_2023-09-14_0002_1,re_m_sn_4_2023-09-14_0002.JPG,StillImage,,CC-BY4.0,2023-09-14T11:00:00Z,,time lapse,national_monitoring/images_renamed/borgefjell/re_m_sn_4/2024/re_m_sn_4_2023-09-14_0002.JPG,image/jpeg,authenticate
re_m_sn_4_2023-10-01_0011_1,re_m_sn_4_2023-10-01_0011.JPG,StillImage,,CC-BY4.0,2023-10-01T12:51:19Z,,activity detection,national_monitoring/images_renamed/borgefjell/re_m_sn_4/2024/re_m_sn_4_2023-10-01_0011.JPG,image/jpeg,authenticate
re_m_sn_4_2023-10-20_0007_1,re_m_sn_4_2023-10-20_0007.JPG,StillImage,,CC-BY4.0,2023-10-20T14:25:09Z,,activity detection,national_monitoring/images_renamed/borgefjell/re_m_sn_4/2024/re_m_sn_4_2023-10-20_0007.JPG,image/jpeg,authenticate
re_m_sn_4_2023-10-23_0005_1,re_m_sn_4_2023-10-23_0005.JPG,StillImage,,CC-BY4.0,2023-10-22T23:00:00Z,,time lapse,national_monitoring/images_renamed/borgefjell/re_m_sn_4/2024/re_m_sn_4_2023-10-23_0005.JPG,image/jpeg,authenticate
re_m_sn_4_2023-11-08_0003_1,re_m_sn_4_2023-11-08_0003.JPG,StillImage,,CC-BY4.0,2023-11-08T03:03:02Z,,activity detection,national_monitoring/images_renamed/borgefjell/re_m_sn_4/2024/re_m_sn_4_2023-11-08_0003.JPG,image/jpeg,authenticate
re_m_sn_4_2023-11-11_0005_1,re_m_sn_4_2023-11-11_0005.JPG,StillImage,,CC-BY4.0,2023-11-11T10:50:15Z,,activity detection,national_monitoring/images_renamed/borgefjell/re_m_sn_4/2024/re_m_sn_4_2023-11-11_0005.JPG,image/jpeg,authenticate
re_m_sn_4_2023-11-12_0003_1,re_m_sn_4_2023-11-12_0003.JPG,StillImage,,CC-BY4.0,2023-11-12T00:00:33Z,,activity detection,national_monitoring/images_renamed/borgefjell/re_m_sn_4/2024/re_m_sn_4_2023-11-12_0003.JPG,image/jpeg,authenticate
re_m_sn_4_2023-11-15_0010_1,re_m_sn_4_2023-11-15_0010.JPG,StillImage,,CC-BY4.0,2023-11-15T17:05:51Z,,activity detection,national_monitoring/images_renamed/borgefjell/re_m_sn_4/2024/re_m_sn_4_2023-11-15_0010.JPG,image/jpeg,authenticate
re_m_sn_4_2023-12-18_0004_1,re_m_sn_4_2023-12-18_0004.JPG,StillImage,,CC-BY4.0,2023-12-18T09:01:38Z,,activity detection,national_monitoring/images_renamed/borgefjell/re_m_sn_4/2024/re_m_sn_4_2023-12-18_0004.JPG,image/jpeg,authenticate
re_m_sn_4_2023-12-24_0003_1,re_m_sn_4_2023-12-24_0003.JPG,StillImage,,CC-BY4.0,2023-12-24T03:01:26Z,,activity detection,national_monitoring/images_renamed/borgefjell/re_m_sn_4/2024/re_m_sn_4_2023-12-24_0003.JPG,image/jpeg,authenticate
re_m_sn_4_2024-01-03_0005_1,re_m_sn_4_2024-01-03_0005.JPG,StillImage,,CC-BY4.0,2024-01-03T17:56:48Z,,activity detection,national_monitoring/images_renamed/borgefjell/re_m_sn_4/2024/re_m_sn_4_2024-01-03_0005.JPG,image/jpeg,authenticate
re_m_sn_4_2024-01-07_0003_1,re_m_sn_4_2024-01-07_0003.JPG,StillImage,,CC-BY4.0,2024-01-07T21:46:25Z,,activity detection,national_monitoring/images_renamed/borgefjell/re_m_sn_4/2024/re_m_sn_4_2024-01-07_0003.JPG,image/jpeg,authenticate
re_m_sn_4_2024-02-09_0001_1,re_m_sn_4_2024-02-09_0001.JPG,StillImage,,CC-BY4.0,2024-02-08T23:00:00Z,,time lapse,national_monitoring/images_renamed/borgefjell/re_m_sn_4/2024/re_m_sn_4_2024-02-09_0001.JPG,image/jpeg,authenticate
re_m_sn_4_2024-03-08_0002_1,re_m_sn_4_2024-03-08_0002.JPG,StillImage,,CC-BY4.0,2024-03-08T11:00:00Z,,time lapse,national_monitoring/images_renamed/borgefjell/re_m_sn_4/2024/re_m_sn_4_2024-03-08_0002.JPG,image/jpeg,authenticate
re_m_sn_4_2024-04-09_0001_1,re_m_sn_4_2024-04-09_0001.JPG,StillImage,,CC-BY4.0,2024-04-08T23:00:00Z,,time lapse,national_monitoring/images_renamed/borgefjell/re_m_sn_4/2024/re_m_sn_4_2024-04-09_0001.JPG,image/jpeg,authenticate
re_m_sn_4_2024-04-13_0005_1,re_m_sn_4_2024-04-13_0005.JPG,StillImage,,CC-BY4.0,2024-04-13T01:53:12Z,,activity detection,national_monitoring/images_renamed/borgefjell/re_m_sn_4/2024/re_m_sn_4_2024-04-13_0005.JPG,image/jpeg,authenticate
re_m_sn_4_2024-06-04_0005_1,re_m_sn_4_2024-06-04_0005.JPG,StillImage,,CC-BY4.0,2024-06-04T18:31:47Z,,activity detection,national_monitoring/images_renamed/borgefjell/re_m_sn_4/2024/re_m_sn_4_2024-06-04_0005.JPG,image/jpeg,authenticate
re_m_sn_4_2024-06-17_0009_1,re_m_sn_4_2024-06-17_0009.JPG,StillImage,,CC-BY4.0,2024-06-17T09:49:23Z,,activity detection,national_monitoring/images_renamed/borgefjell/re_m_sn_4/2024/re_m_sn_4_2024-06-17_0009.JPG,image/jpeg,authenticate
re_m_sn_4_2024-06-21_0012_1,re_m_sn_4_2024-06-21_0012.JPG,StillImage,,CC-BY4.0,2024-06-21T09:28:39Z,,activity detection,national_monitoring/images_renamed/borgefjell/re_m_sn_4/2024/re_m_sn_4_2024-06-21_0012.JPG,image/jpeg,authenticate
re_m_sn_4_2024-06-21_0015_1,re_m_sn_4_2024-06-21_0015.JPG,StillImage,,CC-BY4.0,2024-06-21T10:09:14Z,,activity detection,national_monitoring/images_renamed/borgefjell/re_m_sn_4/2024/re_m_sn_4_2024-06-21_0015.JPG,image/jpeg,authenticate
re_m_sn_4_2024-06-23_0016_1,re_m_sn_4_2024-06-23_0016.JPG,StillImage,,CC-BY4.0,2024-06-23T07:21:00Z,,activity detection,national_monitoring/images_renamed/borgefjell/re_m_sn_4/2024/re_m_sn_4_2024-06-23_0016.JPG,image/jpeg,authenticate
re_m_sn_4_2024-06-24_0018_1,re_m_sn_4_2024-06-24_0018.JPG,StillImage,,CC-BY4.0,2024-06-24T11:00:00Z,,time lapse,national_monitoring/images_renamed/borgefjell/re_m_sn_4/2024/re_m_sn_4_2024-06-24_0018.JPG,image/jpeg,authenticate
re_m_sn_4_2024-06-25_0006_1,re_m_sn_4_2024-06-25_0006.JPG,StillImage,,CC-BY4.0,2024-06-25T01:38:00Z,,activity detection,national_monitoring/images_renamed/borgefjell/re_m_sn_4/2024/re_m_sn_4_2024-06-25_0006.JPG,image/jpeg,authenticate
re_m_sn_4_2024-06-25_0017_1,re_m_sn_4_2024-06-25_0017.JPG,StillImage,,CC-BY4.0,2024-06-25T03:55:04Z,,activity detection,national_monitoring/images_renamed/borgefjell/re_m_sn_4/2024/re_m_sn_4_2024-06-25_0017.JPG,image/jpeg,authenticate
re_m_sn_4_2024-06-29_0001_1,re_m_sn_4_2024-06-29_0001.JPG,StillImage,,CC-BY4.0,2024-06-28T23:00:00Z,,time lapse,national_monitoring/images_renamed/borgefjell/re_m_sn_4/2024/re_m_sn_4_2024-06-29_0001.JPG,image/jpeg,authenticate
re_m_sn_4_2024-06-29_0010_1,re_m_sn_4_2024-06-29_0010.JPG,StillImage,,CC-BY4.0,2024-06-29T07:30:56Z,,activity detection,national_monitoring/images_renamed/borgefjell/re_m_sn_4/2024/re_m_sn_4_2024-06-29_0010.JPG,image/jpeg,authenticate
re_m_sn_4_2024-07-01_0011_1,re_m_sn_4_2024-07-01_0011.JPG,StillImage,,CC-BY4.0,2024-07-01T03:23:16Z,,activity detection,national_monitoring/images_renamed/borgefjell/re_m_sn_4/2024/re_m_sn_4_2024-07-01_0011.JPG,image/jpeg,authenticate
re_m_sn_4_2024-07-01_0021_1,re_m_sn_4_2024-07-01_0021.JPG,StillImage,,CC-BY4.0,2024-07-01T09:57:50Z,,activity detection,national_monitoring/images_renamed/borgefjell/re_m_sn_4/2024/re_m_sn_4_2024-07-01_0021.JPG,image/jpeg,authenticate
re_m_sn_4_2024-07-04_0028_1,re_m_sn_4_2024-07-04_0028.JPG,StillImage,,CC-BY4.0,2024-07-04T13:19:27Z,,activity detection,national_monitoring/images_renamed/borgefjell/re_m_sn_4/2024/re_m_sn_4_2024-07-04_0028.JPG,image/jpeg,authenticate
re_m_sn_4_2024-07-04_0044_1,re_m_sn_4_2024-07-04_0044.JPG,StillImage,,CC-BY4.0,2024-07-04T19:21:29Z,,activity detection,national_monitoring/images_renamed/borgefjell/re_m_sn_4/2024/re_m_sn_4_2024-07-04_0044.JPG,image/jpeg,authenticate
re_m_sn_4_2024-07-08_0012_1,re_m_sn_4_2024-07-08_0012.JPG,StillImage,,CC-BY4.0,2024-07-08T01:27:46Z,,activity detection,national_monitoring/images_renamed/borgefjell/re_m_sn_4/2024/re_m_sn_4_2024-07-08_0012.JPG,image/jpeg,authenticate
re_m_sn_4_2024-07-09_0003_1,re_m_sn_4_2024-07-09_0003.JPG,StillImage,,CC-BY4.0,2024-07-08T22:45:02Z,,activity detection,national_monitoring/images_renamed/borgefjell/re_m_sn_4/2024/re_m_sn_4_2024-07-09_0003.JPG,image/jpeg,authenticate
re_m_sn_4_2024-07-13_0006_1,re_m_sn_4_2024-07-13_0006.JPG,StillImage,,CC-BY4.0,2024-07-13T03:03:03Z,,activity detection,national_monitoring/images_renamed/borgefjell/re_m_sn_4/2024/re_m_sn_4_2024-07-13_0006.JPG,image/jpeg,authenticate
re_m_sn_4_2024-07-14_0015_1,re_m_sn_4_2024-07-14_0015.JPG,StillImage,,CC-BY4.0,2024-07-14T18:59:13Z,,activity detection,national_monitoring/images_renamed/borgefjell/re_m_sn_4/2024/re_m_sn_4_2024-07-14_0015.JPG,image/jpeg,authenticate
re_m_sn_4_2024-07-17_0023_1,re_m_sn_4_2024-07-17_0023.JPG,StillImage,,CC-BY4.0,2024-07-17T06:11:26Z,,activity detection,national_monitoring/images_renamed/borgefjell/re_m_sn_4/2024/re_m_sn_4_2024-07-17_0023.JPG,image/jpeg,authenticate
re_m_sn_4_2024-07-18_0002_1,re_m_sn_4_2024-07-18_0002.JPG,StillImage,,CC-BY4.0,2024-07-17T22:15:37Z,,activity detection,national_monitoring/images_renamed/borgefjell/re_m_sn_4/2024/re_m_sn_4_2024-07-18_0002.JPG,image/jpeg,authenticate
re_m_sn_4_2024-07-20_0032_1,re_m_sn_4_2024-07-20_0032.JPG,StillImage,,CC-BY4.0,2024-07-20T17:50:26Z,,activity detection,national_monitoring/images_renamed/borgefjell/re_m_sn_4/2024/re_m_sn_4_2024-07-20_0032.JPG,image/jpeg,authenticate
re_m_sn_4_2024-07-21_0051_1,re_m_sn_4_2024-07-21_0051.JPG,StillImage,,CC-BY4.0,2024-07-21T21:16:04Z,,activity detection,national_monitoring/images_renamed/borgefjell/re_m_sn_4/2024/re_m_sn_4_2024-07-21_0051.JPG,image/jpeg,authenticate
re_m_sn_4_2024-08-09_0013_1,re_m_sn_4_2024-08-09_0013.JPG,StillImage,,CC-BY4.0,2024-08-09T15:02:51Z,,activity detection,national_monitoring/images_renamed/borgefjell/re_m_sn_4/2024/re_m_sn_4_2024-08-09_0013.JPG,image/jpeg,authenticate
re_m_sn_4_2024-08-13_0012_1,re_m_sn_4_2024-08-13_0012.JPG,StillImage,,CC-BY4.0,2024-08-13T01:00:00Z,,activity detection,national_monitoring/images_renamed/borgefjell/re_m_sn_4/2024/re_m_sn_4_2024-08-13_0012.JPG,image/jpeg,authenticate
re_m_sn_4_2024-08-14_0002_1,re_m_sn_4_2024-08-14_0002.JPG,StillImage,,CC-BY4.0,2024-08-13T23:57:00Z,,activity detection,national_monitoring/images_renamed/borgefjell/re_m_sn_4/2024/re_m_sn_4_2024-08-14_0002.JPG,image/jpeg,authenticate
re_m_sn_5_2023-08-27_0001_1,re_m_sn_5_2023-08-27_0001.JPG,StillImage,,CC-BY4.0,2023-08-26T23:00:00Z,,time lapse,national_monitoring/images_renamed/borgefjell/re_m_sn_5/2024/re_m_sn_5_2023-08-27_0001.JPG,image/jpeg,authenticate
re_m_sn_5_2023-09-01_0001_1,re_m_sn_5_2023-09-01_0001.JPG,StillImage,,CC-BY4.0,2023-08-31T23:00:00Z,,time lapse,national_monitoring/images_renamed/borgefjell/re_m_sn_5/2024/re_m_sn_5_2023-09-01_0001.JPG,image/jpeg,authenticate
re_m_sn_5_2023-09-28_0001_1,re_m_sn_5_2023-09-28_0001.JPG,StillImage,,CC-BY4.0,2023-09-27T23:00:00Z,,time lapse,national_monitoring/images_renamed/borgefjell/re_m_sn_5/2024/re_m_sn_5_2023-09-28_0001.JPG,image/jpeg,authenticate
re_m_sn_5_2024-01-04_0001_1,re_m_sn_5_2024-01-04_0001.JPG,StillImage,,CC-BY4.0,2024-01-03T23:00:00Z,,time lapse,national_monitoring/images_renamed/borgefjell/re_m_sn_5/2024/re_m_sn_5_2024-01-04_0001.JPG,image/jpeg,authenticate
re_m_sn_5_2024-03-12_0001_1,re_m_sn_5_2024-03-12_0001.JPG,StillImage,,CC-BY4.0,2024-03-11T22:13:58Z,,activity detection,national_monitoring/images_renamed/borgefjell/re_m_sn_5/2024/re_m_sn_5_2024-03-12_0001.JPG,image/jpeg,authenticate
re_m_sn_5_2024-03-12_0002_1,re_m_sn_5_2024-03-12_0002.JPG,StillImage,,CC-BY4.0,2024-03-11T22:13:59Z,,activity detection,national_monitoring/images_renamed/borgefjell/re_m_sn_5/2024/re_m_sn_5_2024-03-12_0002.JPG,image/jpeg,authenticate
re_m_sn_5_2024-03-14_0005_1,re_m_sn_5_2024-03-14_0005.JPG,StillImage,,CC-BY4.0,2024-03-14T14:46:20Z,,activity detection,national_monitoring/images_renamed/borgefjell/re_m_sn_5/2024/re_m_sn_5_2024-03-14_0005.JPG,image/jpeg,authenticate
re_m_sn_5_2024-04-07_0006_1,re_m_sn_5_2024-04-07_0006.JPG,StillImage,,CC-BY4.0,2024-04-07T19:20:30Z,,activity detection,national_monitoring/images_renamed/borgefjell/re_m_sn_5/2024/re_m_sn_5_2024-04-07_0006.JPG,image/jpeg,authenticate
re_m_sn_5_2024-05-09_0007_1,re_m_sn_5_2024-05-09_0007.JPG,StillImage,,CC-BY4.0,2024-05-09T12:23:08Z,,activity detection,national_monitoring/images_renamed/borgefjell/re_m_sn_5/2024/re_m_sn_5_2024-05-09_0007.JPG,image/jpeg,authenticate
re_m_sn_5_2024-06-14_0004_1,re_m_sn_5_2024-06-14_0004.JPG,StillImage,,CC-BY4.0,2024-06-14T08:19:02Z,,activity detection,national_monitoring/images_renamed/borgefjell/re_m_sn_5/2024/re_m_sn_5_2024-06-14_0004.JPG,image/jpeg,authenticate
re_m_sn_5_2024-06-20_0001_1,re_m_sn_5_2024-06-20_0001.JPG,StillImage,,CC-BY4.0,2024-06-19T23:00:00Z,,time lapse,national_monitoring/images_renamed/borgefjell/re_m_sn_5/2024/re_m_sn_5_2024-06-20_0001.JPG,image/jpeg,authenticate
re_m_sn_5_2024-06-23_0004_1,re_m_sn_5_2024-06-23_0004.JPG,StillImage,,CC-BY4.0,2024-06-23T13:59:36Z,,activity detection,national_monitoring/images_renamed/borgefjell/re_m_sn_5/2024/re_m_sn_5_2024-06-23_0004.JPG,image/jpeg,authenticate
re_m_sn_5_2024-06-29_0032_1,re_m_sn_5_2024-06-29_0032.JPG,StillImage,,CC-BY4.0,2024-06-29T17:50:22Z,,activity detection,national_monitoring/images_renamed/borgefjell/re_m_sn_5/2024/re_m_sn_5_2024-06-29_0032.JPG,image/jpeg,authenticate
re_m_sn_5_2024-06-30_0059_1,re_m_sn_5_2024-06-30_0059.JPG,StillImage,,CC-BY4.0,2024-06-30T21:54:13Z,,activity detection,national_monitoring/images_renamed/borgefjell/re_m_sn_5/2024/re_m_sn_5_2024-06-30_0059.JPG,image/jpeg,authenticate
re_m_sn_5_2024-07-01_0072_1,re_m_sn_5_2024-07-01_0072.JPG,StillImage,,CC-BY4.0,2024-07-01T14:01:46Z,,activity detection,national_monitoring/images_renamed/borgefjell/re_m_sn_5/2024/re_m_sn_5_2024-07-01_0072.JPG,image/jpeg,authenticate
re_m_sn_5_2024-07-21_0002_1,re_m_sn_5_2024-07-21_0002.JPG,StillImage,,CC-BY4.0,2024-07-21T11:00:00Z,,time lapse,national_monitoring/images_renamed/borgefjell/re_m_sn_5/2024/re_m_sn_5_2024-07-21_0002.JPG,image/jpeg,authenticate
re_m_sn_6_2023-09-15_0002_1,re_m_sn_6_2023-09-15_0002.JPG,StillImage,,CC-BY4.0,2023-09-15T11:00:00Z,,time lapse,national_monitoring/images_renamed/borgefjell/re_m_sn_6/2024/re_m_sn_6_2023-09-15_0002.JPG,image/jpeg,authenticate
re_m_sn_6_2023-10-18_0002_1,re_m_sn_6_2023-10-18_0002.JPG,StillImage,,CC-BY4.0,2023-10-18T11:00:00Z,,time lapse,national_monitoring/images_renamed/borgefjell/re_m_sn_6/2024/re_m_sn_6_2023-10-18_0002.JPG,image/jpeg,authenticate
re_m_sn_6_2024-03-04_0001_1,re_m_sn_6_2024-03-04_0001.JPG,StillImage,,CC-BY4.0,2024-03-03T23:00:00Z,,time lapse,national_monitoring/images_renamed/borgefjell/re_m_sn_6/2024/re_m_sn_6_2024-03-04_0001.JPG,image/jpeg,authenticate
re_m_sn_6_2024-03-23_0001_1,re_m_sn_6_2024-03-23_0001.JPG,StillImage,,CC-BY4.0,2024-03-22T23:00:00Z,,time lapse,national_monitoring/images_renamed/borgefjell/re_m_sn_6/2024/re_m_sn_6_2024-03-23_0001.JPG,image/jpeg,authenticate
re_m_sn_6_2024-06-24_0001_1,re_m_sn_6_2024-06-24_0001.JPG,StillImage,,CC-BY4.0,2024-06-23T23:00:00Z,,time lapse,national_monitoring/images_renamed/borgefjell/re_m_sn_6/2024/re_m_sn_6_2024-06-24_0001.JPG,image/jpeg,authenticate
re_m_sn_6_2024-07-14_0001_1,re_m_sn_6_2024-07-14_0001.JPG,StillImage,,CC-BY4.0,2024-07-13T23:00:00Z,,time lapse,national_monitoring/images_renamed/borgefjell/re_m_sn_6/2024/re_m_sn_6_2024-07-14_0001.JPG,image/jpeg,authenticate
re_m_sn_6_2024-07-22_0006_1,re_m_sn_6_2024-07-22_0006.JPG,StillImage,,CC-BY4.0,2024-07-22T19:30:23Z,,activity detection,national_monitoring/images_renamed/borgefjell/re_m_sn_6/2024/re_m_sn_6_2024-07-22_0006.JPG,image/jpeg,authenticate
