observationID,deploymentID,mediaID,eventID,eventStart,eventEnd,observationLevel,observationType,cameraSetupType,scientificName,count,lifeStage,sex,behavior,individualID,individualPositionRadius,individualPositionAngle,individualSpeed,bboxX,bboxY,bboxWidth,bboxHeight,classificationMethod,classifiedBy,classificationTimestamp,classificationProbability,observationTags,observationComments
re_l_he_1_2023-08-13_0001_1,re_l_he_1,re_l_he_1_2023-08-13_0001.JPG,time_lapse_7,2023-08-12T11:00:00Z,2023-08-15T23:00:00Z,media,animal,,Mustela erminea,,,,,,,,,,,,,machine,Small_mammal_classification_model_version_2025,,,,
re_l_he_1_2023-08-28_0002_1,re_l_he_1,re_l_he_1_2023-08-28_0002.JPG,motion_sensor_3,2023-08-10T08:30:06Z,2023-10-03T02:21:29Z,media,animal,,Cricetidae,,,,,,,,,,,,,machine,Small_mammal_classification_model_version_2025,,,,
re_l_he_1_2023-09-02_0003_1,re_l_he_1,re_l_he_1_2023-09-02_0003.JPG,motion_sensor_7,2023-08-10T17:58:10Z,2024-07-19T23:59:04Z,media,animal,,,,,,,,,,,,,,,machine,Small_mammal_classification_model_version_2025,,,,
re_l_he_1_2023-09-02_0020_1,re_l_he_1,re_l_he_1_2023-09-02_0020.JPG,motion_sensor_15,2023-08-11T10:05:54Z,2024-07-30T23:01:03Z,media,animal,,Mustela nivalis,,,,,,,,,,,,,machine,Small_mammal_classification_model_version_2025,,,,
re_l_he_1_2023-09-15_0004_1,re_l_he_1,re_l_he_1_2023-09-15_0004.JPG,motion_sensor_25,2023-08-11T20:41:54Z,2024-07-03T15:19:01Z,media,animal,,Mustela erminea,,,,,,,,,,,,,machine,Small_mammal_classification_model_version_2025,,,,
re_l_he_1_2023-09-27_0002_1,re_l_he_1,re_l_he_1_2023-09-27_0002.JPG,motion_sensor_90,2023-08-13T05:18:09Z,2024-07-22T22:40:12Z,media,animal,,Cricetidae,,,,,,,,,,,,,machine,Small_mammal_classification_model_version_2025,,0.999943852424622,,
re_l_he_1_2023-09-28_0016_1,re_l_he_1,re_l_he_1_2023-09-28_0016.JPG,motion_sensor_99,2023-08-13T11:48:28Z,2024-07-23T23:24:53Z,media,animal,,Lemmus lemmus,,,,,,,,,,,,,human,hb,,,,quality_check_classes
re_l_he_1_2023-09-29_0009_1,re_l_he_1,re_l_he_1_2023-09-29_0009.JPG,motion_sensor_103,2023-08-13T13:29:28Z,2024-07-25T19:17:01Z,media,animal,,,,,,,,,,,,,,,human,hb,,,,quality_check_random
re_l_he_1_2023-09-30_0017_1,re_l_he_1,re_l_he_1_2023-09-30_0017.JPG,motion_sensor_111,2023-08-13T14:41:11Z,2024-07-26T04:17:12Z,media,blank,,,,,,,,,,,,,,,machine,Small_mammal_classification_model_version_2025,,,,
re_l_he_1_2023-10-03_0004_1,re_l_he_1,re_l_he_1_2023-10-03_0004.JPG,time_lapse_110,2023-10-02T23:00:00Z,2023-10-06T11:00:00Z,media,animal,,Cricetidae,,,,,,,,,,,,,machine,Small_mammal_classification_model_version_2025,,,,
re_l_he_1_2023-10-09_0024_1,re_l_he_1,re_l_he_1_2023-10-09_0024.JPG,time_lapse_122,2023-10-08T23:00:00Z,2023-10-12T11:00:00Z,media,unknown,,,,,,,,,,,,,,,machine,Small_mammal_classification_model_version_2025,,,,
re_l_he_1_2023-10-16_0009_1,re_l_he_1,re_l_he_1_2023-10-16_0009.JPG,motion_sensor_215,2023-08-23T09:32:24Z,2024-08-05T10:32:30Z,media,blank,,,,,,,,,,,,,,,machine,Small_mammal_classification_model_version_2025,,,,
re_l_he_1_2023-10-18_0050_1,re_l_he_1,re_l_he_1_2023-10-18_0050.JPG,motion_sensor_322,2023-09-02T01:14:16Z,2024-08-05T05:05:56Z,media,animal,,Cricetidae,,,,,,,,,,,,,human,efk,,0.739271998405457,,confidence_below_09
re_l_he_1_2023-10-18_0107_1,re_l_he_1,re_l_he_1_2023-10-18_0107.JPG,motion_sensor_350,2023-09-04T11:05:11Z,2024-08-07T03:43:25Z,media,animal,,,,,,,,,,,,,,,machine,Small_mammal_classification_model_version_2025,,,,
re_l_he_1_2023-10-18_0139_1,re_l_he_1,re_l_he_1_2023-10-18_0139.JPG,motion_sensor_366,2023-09-04T22:42:03Z,2024-08-09T20:42:47Z,media,animal,,Mustela nivalis,,,,,,,,,,,,,machine,Small_mammal_classification_model_version_2025,,,,
re_l_he_1_2023-11-16_0002_1,re_l_he_1,re_l_he_1_2023-11-16_0002.JPG,motion_sensor_556,2023-09-18T15:41:08Z,2024-08-13T19:08:19Z,media,animal,,Aves,,,,,,,,,,,,,machine,Small_mammal_classification_model_version_2025,,,,
re_l_he_1_2023-12-01_0034_1,re_l_he_1,re_l_he_1_2023-12-01_0034.JPG,motion_sensor_626,2023-09-22T16:16:16Z,2024-07-27T08:25:00Z,media,blank,,,,,,,,,,,,,,,machine,Small_mammal_classification_model_version_2025,,0.998636186122894,,
re_l_he_1_2023-12-03_0013_1,re_l_he_1,re_l_he_1_2023-12-03_0013.JPG,motion_sensor_647,2023-09-23T03:14:02Z,2024-07-27T17:31:11Z,media,unknown,,,,,,,,,,,,,,,machine,Small_mammal_classification_model_version_2025,,,,
re_l_he_1_2023-12-27_0001_1,re_l_he_1,re_l_he_1_2023-12-27_0001.JPG,time_lapse_279,2023-12-26T11:00:00Z,2023-12-29T23:00:00Z,media,animal,,Cricetidae,,,,,,,,,,,,,machine,Small_mammal_classification_model_version_2025,,,,
re_l_he_1_2024-01-01_0006_1,re_l_he_1,re_l_he_1_2024-01-01_0006.JPG,motion_sensor_686,2023-09-26T00:55:44Z,2024-07-28T15:48:45Z,media,animal,,Lemmus lemmus,,,,,,,,,,,,,machine,Small_mammal_classification_model_version_2025,,,,
re_l_he_1_2024-01-12_0007_1,re_l_he_1,re_l_he_1_2024-01-12_0007.JPG,motion_sensor_707,2023-09-28T10:08:02Z,2024-07-31T05:03:28Z,media,animal,,Cricetidae,,,,,,,,,,,,,machine,Small_mammal_classification_model_version_2025,,,,
re_l_he_1_2024-01-20_0010_1,re_l_he_1,re_l_he_1_2024-01-20_0010.JPG,time_lapse_328,2024-01-19T23:00:00Z,2024-01-23T11:00:00Z,media,animal,,Cricetidae,,,,,,,,,,,,,machine,Small_mammal_classification_model_version_2025,,,,
re_l_he_1_2024-01-22_0004_1,re_l_he_1,re_l_he_1_2024-01-22_0004.JPG,time_lapse_332,2024-01-21T23:00:00Z,2024-01-25T11:00:00Z,media,animal,,Aves,,,,,,,,,,,,,machine,Small_mammal_classification_model_version_2025,,,,
re_l_he_1_2024-02-07_0001_1,re_l_he_1,re_l_he_1_2024-02-07_0001.JPG,time_lapse_363,2024-02-06T11:00:00Z,2024-02-09T23:00:00Z,media,animal,,Sorex spp.,,,,,,,,,,,,,machine,Small_mammal_classification_model_version_2025,,,,
re_l_he_1_2024-02-12_0010_1,re_l_he_1,re_l_he_1_2024-02-12_0010.JPG,motion_sensor_787,2023-10-10T13:01:14Z,2024-08-07T00:01:35Z,media,animal,,Sorex spp.,,,,,,,,,,,,,machine,Small_mammal_classification_model_version_2025,,,,
re_l_he_1_2024-02-17_0002_1,re_l_he_1,re_l_he_1_2024-02-17_0002.JPG,time_lapse_384,2024-02-16T23:00:00Z,2024-02-20T11:00:00Z,media,unknown,,,,,,,,,,,,,,,machine,Small_mammal_classification_model_version_2025,,,,
re_l_he_1_2024-03-20_0005_1,re_l_he_1,re_l_he_1_2024-03-20_0005.JPG,motion_sensor_861,2023-10-20T23:07:58Z,2024-08-08T13:56:58Z,media,blank,,,,,,,,,,,,,,,machine,Small_mammal_classification_model_version_2025,,,,
re_l_he_1_2024-03-25_0013_1,re_l_he_1,re_l_he_1_2024-03-25_0013.JPG,motion_sensor_878,2023-10-25T03:41:35Z,2024-08-10T02:53:09Z,media,animal,,,,,,,,,,,,,,,machine,Small_mammal_classification_model_version_2025,,,,
re_l_he_1_2024-03-25_0014_1,re_l_he_1,re_l_he_1_2024-03-25_0014.JPG,motion_sensor_878,2023-10-25T03:41:35Z,2024-08-10T02:53:09Z,media,unknown,,,,,,,,,,,,,,,machine,Small_mammal_classification_model_version_2025,,,,
re_l_he_1_2024-04-03_0002_1,re_l_he_1,re_l_he_1_2024-04-03_0002.JPG,motion_sensor_951,2023-11-02T07:41:24Z,2024-08-14T00:31:58Z,media,animal,,,,,,,,,,,,,,,machine,Small_mammal_classification_model_version_2025,,,,
re_l_he_1_2024-04-09_0006_1,re_l_he_1,re_l_he_1_2024-04-09_0006.JPG,motion_sensor_1053,2023-11-22T09:37:47Z,2024-08-12T20:15:24Z,media,unknown,,,,,,,,,,,,,,,machine,Small_mammal_classification_model_version_2025,,,,
re_l_he_1_2024-04-09_0035_1,re_l_he_1,re_l_he_1_2024-04-09_0035.JPG,motion_sensor_1067,2023-11-25T09:32:45Z,2024-08-13T21:50:00Z,media,animal,,Lemmus lemmus,,,,,,,,,,,,,machine,Small_mammal_classification_model_version_2025,,,,
re_l_he_1_2024-04-12_0028_1,re_l_he_1,re_l_he_1_2024-04-12_0028.JPG,motion_sensor_1109,2023-12-02T12:52:04Z,2024-08-14T20:42:15Z,media,animal,,Lemmus lemmus,,,,,,,,,,,,,machine,Small_mammal_classification_model_version_2025,,,,
re_l_he_1_2024-04-16_0002_1,re_l_he_1,re_l_he_1_2024-04-16_0002.JPG,motion_sensor_1129,2023-12-06T13:04:47Z,2024-08-02T07:52:45Z,media,animal,,Mustela erminea,,,,,,,,,,,,,machine,Small_mammal_classification_model_version_2025,,,,
re_l_he_1_2024-04-22_0003_1,re_l_he_1,re_l_he_1_2024-04-22_0003.JPG,motion_sensor_1155,2023-12-12T09:18:01Z,2024-08-15T01:10:06Z,media,animal,,Mustela nivalis,,,,,,,,,,,,,machine,Small_mammal_classification_model_version_2025,,,,
re_l_he_1_2024-05-29_0001_1,re_l_he_1,re_l_he_1_2024-05-29_0001.JPG,time_lapse_587,2024-05-28T11:00:00Z,2024-05-31T23:00:00Z,media,animal,,Aves,,,,,,,,,,,,,machine,Small_mammal_classification_model_version_2025,,,,
re_l_he_1_2024-05-31_0004_1,re_l_he_1,re_l_he_1_2024-05-31_0004.JPG,motion_sensor_1207,2023-12-18T17:45:18Z,2024-08-02T22:46:59Z,media,animal,,Aves,,,,,,,,,,,,,machine,Small_mammal_classification_model_version_2025,,,,
re_l_he_1_2024-06-07_0001_1,re_l_he_1,re_l_he_1_2024-06-07_0001.JPG,time_lapse_605,2024-06-06T11:00:00Z,2024-06-09T23:00:00Z,media,animal,,Sorex spp.,,,,,,,,,,,,,machine,Small_mammal_classification_model_version_2025,,,,
re_l_he_1_2024-06-12_0004_1,re_l_he_1,re_l_he_1_2024-06-12_0004.JPG,motion_sensor_1213,2023-12-19T12:28:01Z,2024-08-05T16:40:29Z,media,animal,,Mustela erminea,,,,,,,,,,,,,human,hb,,,,quality_check_confidence_level
re_l_he_1_2024-06-16_0004_1,re_l_he_1,re_l_he_1_2024-06-16_0004.JPG,motion_sensor_1220,2023-12-20T05:03:05Z,2024-08-09T09:53:05Z,media,animal,,Aves,,,,,,,,,,,,,machine,Small_mammal_classification_model_version_2025,,,,
re_l_he_1_2024-06-23_0003_1,re_l_he_1,re_l_he_1_2024-06-23_0003.JPG,motion_sensor_1235,2023-12-21T16:57:00Z,2024-08-10T20:23:45Z,media,animal,,Mustela nivalis,,,,,,,,,,,,,machine,Small_mammal_classification_model_version_2025,,,,
re_l_he_1_2024-06-25_0005_1,re_l_he_1,re_l_he_1_2024-06-25_0005.JPG,motion_sensor_1244,2023-12-23T02:11:19Z,2024-08-12T23:00:29Z,media,animal,,Cricetidae,,,,,,,,,,,,,machine,Small_mammal_classification_model_version_2025,,,,
re_l_he_1_2024-07-11_0005_1,re_l_he_1,re_l_he_1_2024-07-11_0005.JPG,motion_sensor_1446,2024-01-28T00:22:39Z,2024-07-31T03:55:51Z,media,unknown,,,,,,,,,,,,,,,machine,Small_mammal_classification_model_version_2025,,,,
re_l_he_1_2024-07-14_0009_1,re_l_he_1,re_l_he_1_2024-07-14_0009.JPG,motion_sensor_1470,2024-02-04T04:22:09Z,2024-08-04T18:50:37Z,media,animal,,,,,,,,,,,,,,,machine,Small_mammal_classification_model_version_2025,,,,
re_l_he_1_2024-07-14_0023_1,re_l_he_1,re_l_he_1_2024-07-14_0023.JPG,motion_sensor_1477,2024-02-05T10:12:27Z,2024-08-05T16:15:51Z,media,unknown,,,,,,,,,,,,,,,machine,Small_mammal_classification_model_version_2025,,,,
re_l_he_1_2024-07-19_0005_1,re_l_he_1,re_l_he_1_2024-07-19_0005.JPG,motion_sensor_1528,2024-02-18T14:21:19Z,2024-08-11T12:05:07Z,media,animal,,Lemmus lemmus,,,,,,,,,,,,,machine,Small_mammal_classification_model_version_2025,,,,
re_l_he_1_2024-07-22_0011_1,re_l_he_1,re_l_he_1_2024-07-22_0011.JPG,motion_sensor_1557,2024-02-26T05:58:24Z,2024-07-25T16:42:41Z,media,animal,,Mustela nivalis,,,,,,,,,,,,,machine,Small_mammal_classification_model_version_2025,,,,
re_l_he_2_2023-08-12_0002_1,re_l_he_2,re_l_he_2_2023-08-12_0002.JPG,time_lapse_6,2023-08-11T23:00:00Z,2023-08-15T11:00:00Z,media,animal,,Sorex spp.,,,,,,,,,,,,,machine,Small_mammal_classification_model_version_2025,,,,
re_l_he_2_2023-08-15_0005_1,re_l_he_2,re_l_he_2_2023-08-15_0005.JPG,motion_sensor_8,2023-08-10T18:01:33Z,2024-07-20T00:01:47Z,media,animal,,Cricetidae,,,,,,,,,,,,,machine,Small_mammal_classification_model_version_2025,,0.999916911125183,,
re_l_he_2_2023-11-22_0004_1,re_l_he_2,re_l_he_2_2023-11-22_0004.JPG,motion_sensor_206,2023-08-23T06:34:23Z,2024-08-04T14:45:43Z,media,animal,,Mustela erminea,,,,,,,,,,,,,machine,Small_mammal_classification_model_version_2025,,,,
re_l_he_2_2023-11-25_0004_1,re_l_he_2,re_l_he_2_2023-11-25_0004.JPG,time_lapse_216,2023-11-24T23:00:00Z,2023-11-28T11:00:00Z,media,animal,,Mustela erminea,,,,,,,,,,,,,machine,Small_mammal_classification_model_version_2025,,,,
re_l_he_2_2023-12-04_0002_1,re_l_he_2,re_l_he_2_2023-12-04_0002.JPG,motion_sensor_244,2023-08-25T12:33:05Z,2024-08-13T10:38:18Z,media,animal,,Sorex spp.,,,,,,,,,,,,,machine,Small_mammal_classification_model_version_2025,,,,
re_l_he_2_2023-12-17_0001_1,re_l_he_2,re_l_he_2_2023-12-17_0001.JPG,time_lapse_259,2023-12-16T11:00:00Z,2023-12-19T23:00:00Z,media,unknown,,,,,,,,,,,,,,,machine,Small_mammal_classification_model_version_2025,,,,
re_l_he_2_2023-12-30_0003_1,re_l_he_2,re_l_he_2_2023-12-30_0003.JPG,motion_sensor_313,2023-09-01T02:00:23Z,2024-08-04T17:07:10Z,media,animal,,Aves,,,,,,,,,,,,,machine,Small_mammal_classification_model_version_2025,,,,
re_l_he_2_2024-01-06_0008_1,re_l_he_2,re_l_he_2_2024-01-06_0008.JPG,motion_sensor_326,2023-09-02T18:49:33Z,2024-08-05T07:03:32Z,media,unknown,,,,,,,,,,,,,,,machine,Small_mammal_classification_model_version_2025,,,,
re_l_he_2_2024-02-16_0002_1,re_l_he_2,re_l_he_2_2024-02-16_0002.JPG,motion_sensor_422,2023-09-08T23:12:49Z,2024-08-15T10:01:27Z,media,animal,,Lemmus lemmus,,,,,,,,,,,,,machine,Small_mammal_classification_model_version_2025,,,,
re_l_he_2_2024-02-18_0001_1,re_l_he_2,re_l_he_2_2024-02-18_0001.JPG,time_lapse_385,2024-02-17T11:00:00Z,2024-02-20T23:00:00Z,media,animal,,,,,,,,,,,,,,,machine,Small_mammal_classification_model_version_2025,,,,
re_l_he_2_2024-02-24_0003_1,re_l_he_2,re_l_he_2_2024-02-24_0003.JPG,motion_sensor_454,2023-09-11T06:41:33Z,2024-08-12T17:47:25Z,media,animal,,Cricetidae,,,,,,,,,,,,,machine,Small_mammal_classification_model_version_2025,,,,
re_l_he_2_2024-03-03_0006_1,re_l_he_2,re_l_he_2_2024-03-03_0006.JPG,motion_sensor_467,2023-09-11T14:54:30Z,2024-08-13T08:11:46Z,media,unknown,,,,,,,,,,,,,,,machine,Small_mammal_classification_model_version_2025,,,,
re_l_he_2_2024-05-07_0001_1,re_l_he_2,re_l_he_2_2024-05-07_0001.JPG,time_lapse_543,2024-05-06T11:00:00Z,2024-05-09T23:00:00Z,media,animal,,Lemmus lemmus,,,,,,,,,,,,,machine,Small_mammal_classification_model_version_2025,,,,
re_l_he_2_2024-05-16_0012_1,re_l_he_2,re_l_he_2_2024-05-16_0012.JPG,motion_sensor_535,2023-09-17T06:32:56Z,2024-08-16T16:48:54Z,media,animal,,Mustela nivalis,,,,,,,,,,,,,machine,Small_mammal_classification_model_version_2025,,,,
re_l_he_2_2024-05-16_0022_1,re_l_he_2,re_l_he_2_2024-05-16_0022.JPG,motion_sensor_540,2023-09-17T20:49:40Z,2024-08-13T04:08:14Z,media,animal,,Sorex spp.,,,,,,,,,,,,,machine,Small_mammal_classification_model_version_2025,,,,
re_l_he_2_2024-05-23_0011_1,re_l_he_2,re_l_he_2_2024-05-23_0011.JPG,motion_sensor_593,2023-09-21T10:06:14Z,2024-08-14T11:22:12Z,media,unknown,,,,,,,,,,,,,,,machine,Small_mammal_classification_model_version_2025,,,,
re_l_he_2_2024-05-23_0012_1,re_l_he_2,re_l_he_2_2024-05-23_0012.JPG,motion_sensor_594,2023-09-21T12:40:00Z,2024-08-14T11:23:26Z,media,animal,,,,,,,,,,,,,,,human,efk,,,,confidence_below_09
re_l_he_2_2024-05-24_0001_1,re_l_he_2,re_l_he_2_2024-05-24_0001.JPG,time_lapse_577,2024-05-23T11:00:00Z,2024-05-26T23:00:00Z,media,animal,,Mustela nivalis,,,,,,,,,,,,,machine,Small_mammal_classification_model_version_2025,,,,
re_l_he_2_2024-05-27_0008_1,re_l_he_2,re_l_he_2_2024-05-27_0008.JPG,motion_sensor_617,2023-09-22T09:38:19Z,2024-07-27T05:24:48Z,media,animal,,Mustela erminea,,,,,,,,,,,,,machine,Small_mammal_classification_model_version_2025,,,,
re_l_he_2_2024-06-16_0007_1,re_l_he_2,re_l_he_2_2024-06-16_0007.JPG,motion_sensor_676,2023-09-25T12:57:18Z,2024-07-28T11:51:36Z,media,animal,,Mustela erminea,,,,,,,,,,,,,machine,Small_mammal_classification_model_version_2025,,,,
re_l_he_2_2024-06-19_0003_1,re_l_he_2,re_l_he_2_2024-06-19_0003.JPG,motion_sensor_691,2023-09-26T10:51:38Z,2024-07-28T17:46:20Z,media,animal,,,,,,,,,,,,,,,machine,Small_mammal_classification_model_version_2025,,,,
re_l_he_2_2024-06-19_0009_1,re_l_he_2,re_l_he_2_2024-06-19_0009.JPG,motion_sensor_694,2023-09-26T13:24:31Z,2024-07-28T18:09:46Z,media,animal,,Sorex spp.,,,,,,,,,,,,,machine,Small_mammal_classification_model_version_2025,,,,
re_l_he_2_2024-06-25_0014_1,re_l_he_2,re_l_he_2_2024-06-25_0014.JPG,motion_sensor_748,2023-10-02T12:59:30Z,2024-08-06T04:53:45Z,media,animal,,Lemmus lemmus,,,,,,,,,,,,,machine,Small_mammal_classification_model_version_2025,,,,
re_l_he_2_2024-06-26_0017_1,re_l_he_2,re_l_he_2_2024-06-26_0017.JPG,motion_sensor_756,2023-10-03T13:01:46Z,2024-08-06T09:26:25Z,media,animal,,Cricetidae,,,,,,,,,,,,,machine,Small_mammal_classification_model_version_2025,,,,
re_l_he_2_2024-06-28_0008_1,re_l_he_2,re_l_he_2_2024-06-28_0008.JPG,motion_sensor_772,2023-10-05T18:18:56Z,2024-08-06T17:56:58Z,media,animal,,Mustela erminea,,,,,,,,,,,,,machine,Small_mammal_classification_model_version_2025,,,,
re_l_he_2_2024-06-29_0018_1,re_l_he_2,re_l_he_2_2024-06-29_0018.JPG,motion_sensor_788,2023-10-10T13:02:16Z,2024-08-07T00:03:31Z,media,animal,,Sorex spp.,,,,,,,,,,,,,machine,Small_mammal_classification_model_version_2025,,,,
re_l_he_2_2024-07-03_0015_1,re_l_he_2,re_l_he_2_2024-07-03_0015.JPG,motion_sensor_830,2023-10-17T01:59:02Z,2024-08-07T19:26:56Z,media,animal,,Aves,,,,,,,,,,,,,machine,Small_mammal_classification_model_version_2025,,,,
re_l_he_2_2024-07-06_0001_1,re_l_he_2,re_l_he_2_2024-07-06_0001.JPG,time_lapse_663,2024-07-05T11:00:00Z,2024-07-08T23:00:00Z,media,blank,,,,,,,,,,,,,,,machine,Small_mammal_classification_model_version_2025,,0.999995946884155,,
re_l_he_2_2024-07-08_0006_1,re_l_he_2,re_l_he_2_2024-07-08_0006.JPG,motion_sensor_868,2023-10-21T12:20:13Z,2024-08-08T19:41:43Z,media,animal,,Cricetidae,,,,,,,,,,,,,machine,Small_mammal_classification_model_version_2025,,0.999994516372681,,
re_l_he_2_2024-07-09_0019_1,re_l_he_2,re_l_he_2_2024-07-09_0019.JPG,motion_sensor_885,2023-10-25T15:11:50Z,2024-08-10T10:13:49Z,media,animal,,Aves,,,,,,,,,,,,,machine,Small_mammal_classification_model_version_2025,,,,
re_l_he_2_2024-07-14_0024_1,re_l_he_2,re_l_he_2_2024-07-14_0024.JPG,motion_sensor_918,2023-10-29T12:17:06Z,2024-08-12T09:10:13Z,media,animal,,Mustela erminea,,,,,,,,,,,,,machine,Small_mammal_classification_model_version_2025,,,,
re_l_he_2_2024-07-18_0004_1,re_l_he_2,re_l_he_2_2024-07-18_0004.JPG,motion_sensor_941,2023-11-02T02:36:40Z,2024-08-13T14:29:44Z,media,blank,,,,,,,,,,,,,,,machine,Small_mammal_classification_model_version_2025,,,,
re_l_he_2_2024-07-25_0011_1,re_l_he_2,re_l_he_2_2024-07-25_0011.JPG,motion_sensor_975,2023-11-06T09:57:16Z,2024-08-15T04:00:48Z,media,animal,,Mustela erminea,,,,,,,,,,,,,machine,Small_mammal_classification_model_version_2025,,,,
re_l_he_2_2024-08-11_0001_1,re_l_he_2,re_l_he_2_2024-08-11_0001.JPG,time_lapse_735,2024-08-10T11:00:00Z,2024-08-13T23:00:00Z,media,animal,,Mustela erminea,,,,,,,,,,,,,machine,Small_mammal_classification_model_version_2025,,,,
re_l_he_2_2024-08-14_0001_1,re_l_he_2,re_l_he_2_2024-08-14_0001.JPG,time_lapse_741,2024-08-13T11:00:00Z,2024-08-16T11:00:00Z,media,animal,,,,,,,,,,,,,,,machine,Small_mammal_classification_model_version_2025,,,,
re_l_he_3_2023-08-12_0026_1,re_l_he_3,re_l_he_3_2023-08-12_0026.JPG,motion_sensor_33,2023-08-12T05:32:00Z,2024-08-08T00:50:13Z,media,animal,,Mustela erminea,,,,,,,,,,,,,machine,Small_mammal_classification_model_version_2025,,,,
re_l_he_3_2023-08-12_0103_1,re_l_he_3,re_l_he_3_2023-08-12_0103.JPG,motion_sensor_71,2023-08-12T20:12:20Z,2024-08-14T01:13:49Z,media,animal,,,,,,,,,,,,,,,machine,Small_mammal_classification_model_version_2025,,,,
re_l_he_3_2023-08-13_0020_1,re_l_he_3,re_l_he_3_2023-08-13_0020.JPG,motion_sensor_81,2023-08-13T01:51:39Z,2024-07-18T09:08:21Z,media,animal,,Lemmus lemmus,,,,,,,,,,,,,machine,Small_mammal_classification_model_version_2025,,,,
re_l_he_3_2023-08-24_0003_1,re_l_he_3,re_l_he_3_2023-08-24_0003.JPG,motion_sensor_205,2023-08-23T06:32:32Z,2024-08-04T12:24:09Z,media,animal,,Cricetidae,,,,,,,,,,,,,machine,Small_mammal_classification_model_version_2025,,,,
re_l_he_3_2023-08-24_0017_1,re_l_he_3,re_l_he_3_2023-08-24_0017.JPG,motion_sensor_212,2023-08-23T09:08:28Z,2024-08-05T07:12:05Z,media,animal,,,,,,,,,,,,,,,machine,Small_mammal_classification_model_version_2025,,,,
re_l_he_3_2023-08-25_0016_1,re_l_he_3,re_l_he_3_2023-08-25_0016.JPG,motion_sensor_219,2023-08-23T15:22:04Z,2024-08-05T16:13:48Z,media,animal,,,,,,,,,,,,,,,machine,Small_mammal_classification_model_version_2025,,,,
re_l_he_3_2023-08-26_0010_1,re_l_he_3,re_l_he_3_2023-08-26_0010.JPG,motion_sensor_227,2023-08-24T03:26:17Z,2024-08-10T10:51:28Z,media,animal,,Cricetidae,,,,,,,,,,,,,machine,Small_mammal_classification_model_version_2025,,0.999961376190186,,
re_l_he_3_2023-08-26_0015_1,re_l_he_3,re_l_he_3_2023-08-26_0015.JPG,motion_sensor_230,2023-08-24T11:25:35Z,2024-08-10T23:18:36Z,media,animal,,Mustela erminea,,,,,,,,,,,,,machine,Small_mammal_classification_model_version_2025,,,,
re_l_he_3_2023-08-27_0001_1,re_l_he_3,re_l_he_3_2023-08-27_0001.JPG,time_lapse_35,2023-08-26T11:00:00Z,2023-08-29T23:00:00Z,media,animal,,Lemmus lemmus,,,,,,,,,,,,,machine,Small_mammal_classification_model_version_2025,,,,
re_l_he_3_2023-08-28_0017_1,re_l_he_3,re_l_he_3_2023-08-28_0017.JPG,motion_sensor_242,2023-08-25T08:39:14Z,2024-08-13T00:53:20Z,media,unknown,,,,,,,,,,,,,,,machine,Small_mammal_classification_model_version_2025,,,,
re_l_he_3_2023-08-31_0017_1,re_l_he_3,re_l_he_3_2023-08-31_0017.JPG,motion_sensor_257,2023-08-26T01:52:01Z,2024-08-04T18:02:22Z,media,animal,,Mustela nivalis,,,,,,,,,,,,,machine,Small_mammal_classification_model_version_2025,,,,
re_l_he_3_2023-09-01_0010_1,re_l_he_3,re_l_he_3_2023-09-01_0010.JPG,motion_sensor_275,2023-08-27T18:39:30Z,2024-08-13T23:39:32Z,media,animal,,Mustela erminea,,,,,,,,,,,,,machine,Small_mammal_classification_model_version_2025,,,,
re_l_he_3_2023-09-04_0028_1,re_l_he_3,re_l_he_3_2023-09-04_0028.JPG,motion_sensor_333,2023-09-03T20:33:43Z,2024-08-05T10:57:29Z,media,blank,,,,,,,,,,,,,,,machine,Small_mammal_classification_model_version_2025,,,,
re_l_he_3_2023-09-04_0039_1,re_l_he_3,re_l_he_3_2023-09-04_0039.JPG,motion_sensor_338,2023-09-04T00:19:59Z,2024-08-05T11:13:56Z,media,animal,,Lemmus lemmus,,,,,,,,,,,,,human,hb,,,,quality_check_classes
re_l_he_3_2023-09-09_0017_1,re_l_he_3,re_l_he_3_2023-09-09_0017.JPG,motion_sensor_426,2023-09-09T10:26:25Z,2024-08-15T18:24:26Z,media,unknown,,,,,,,,,,,,,,,machine,Small_mammal_classification_model_version_2025,,,,
re_l_he_3_2023-09-20_0003_1,re_l_he_3,re_l_he_3_2023-09-20_0003.JPG,motion_sensor_570,2023-09-20T06:32:42Z,2024-08-13T22:05:24Z,media,animal,,Sorex spp.,,,,,,,,,,,,,machine,Small_mammal_classification_model_version_2025,,,,
re_l_he_3_2023-09-21_0013_1,re_l_he_3,re_l_he_3_2023-09-21_0013.JPG,motion_sensor_589,2023-09-21T09:43:17Z,2024-08-14T09:32:57Z,media,unknown,,,,,,,,,,,,,,,human,efk,,,,confidence_below_09
re_l_he_3_2023-09-22_0024_1,re_l_he_3,re_l_he_3_2023-09-22_0024.JPG,motion_sensor_605,2023-09-21T20:41:18Z,2024-08-14T23:16:01Z,media,animal,,Lemmus lemmus,,,,,,,,,,,,,human,efk,,,,confidence_below_09
re_l_he_3_2023-10-01_0027_1,re_l_he_3,re_l_he_3_2023-10-01_0027.JPG,motion_sensor_670,2023-09-24T20:15:00Z,2024-07-28T08:23:19Z,media,unknown,,,,,,,,,,,,,,,machine,Small_mammal_classification_model_version_2025,,,,
re_l_he_3_2023-10-08_0009_1,re_l_he_3,re_l_he_3_2023-10-08_0009.JPG,motion_sensor_731,2023-09-30T10:25:01Z,2024-08-03T18:56:45Z,media,animal,,,,,,,,,,,,,,,machine,Small_mammal_classification_model_version_2025,,,,
re_l_he_3_2023-10-09_0009_1,re_l_he_3,re_l_he_3_2023-10-09_0009.JPG,motion_sensor_740,2023-10-01T09:28:10Z,2024-08-05T05:35:38Z,media,animal,,Cricetidae,,,,,,,,,,,,,machine,Small_mammal_classification_model_version_2025,,,,
re_l_he_3_2023-10-10_0006_1,re_l_he_3,re_l_he_3_2023-10-10_0006.JPG,motion_sensor_752,2023-10-03T03:02:04Z,2024-08-06T07:23:30Z,media,animal,,Cricetidae,,,,,,,,,,,,,machine,Small_mammal_classification_model_version_2025,,0.99999988079071,,
re_l_he_3_2023-10-12_0019_1,re_l_he_3,re_l_he_3_2023-10-12_0019.JPG,motion_sensor_792,2023-10-11T14:22:44Z,2024-08-07T04:00:46Z,media,animal,,Mustela nivalis,,,,,,,,,,,,,machine,Small_mammal_classification_model_version_2025,,,,
re_l_he_3_2023-10-13_0012_1,re_l_he_3,re_l_he_3_2023-10-13_0012.JPG,motion_sensor_801,2023-10-13T09:02:50Z,2024-08-07T11:32:46Z,media,animal,,Sorex spp.,,,,,,,,,,,,,machine,Small_mammal_classification_model_version_2025,,,,
re_l_he_3_2023-10-23_0005_1,re_l_he_3,re_l_he_3_2023-10-23_0005.JPG,motion_sensor_877,2023-10-23T08:08:57Z,2024-08-10T02:52:02Z,media,unknown,,,,,,,,,,,,,,,machine,Small_mammal_classification_model_version_2025,,,,
re_l_he_3_2023-10-26_0004_1,re_l_he_3,re_l_he_3_2023-10-26_0004.JPG,motion_sensor_893,2023-10-26T07:30:00Z,2024-08-10T14:17:22Z,media,animal,,Mustela nivalis,,,,,,,,,,,,,machine,Small_mammal_classification_model_version_2025,,,,
re_l_he_3_2023-10-26_0012_1,re_l_he_3,re_l_he_3_2023-10-26_0012.JPG,motion_sensor_896,2023-10-26T13:24:00Z,2024-08-10T15:29:21Z,media,animal,,Sorex spp.,,,,,,,,,,,,,machine,Small_mammal_classification_model_version_2025,,,,
re_l_he_3_2023-10-26_0014_1,re_l_he_3,re_l_he_3_2023-10-26_0014.JPG,motion_sensor_897,2023-10-26T15:24:25Z,2024-08-10T15:59:57Z,media,animal,,,,,,,,,,,,,,,machine,Small_mammal_classification_model_version_2025,,,,
re_l_he_3_2023-11-05_0006_1,re_l_he_3,re_l_he_3_2023-11-05_0006.JPG,time_lapse_176,2023-11-04T23:00:00Z,2023-11-08T11:00:00Z,media,animal,,Lemmus lemmus,,,,,,,,,,,,,machine,Small_mammal_classification_model_version_2025,,,,
re_l_he_3_2023-11-06_0011_1,re_l_he_3,re_l_he_3_2023-11-06_0011.JPG,motion_sensor_973,2023-11-06T06:54:21Z,2024-08-15T00:58:07Z,media,animal,,Cricetidae,,,,,,,,,,,,,machine,Small_mammal_classification_model_version_2025,,,,
re_l_he_3_2023-11-09_0006_1,re_l_he_3,re_l_he_3_2023-11-09_0006.JPG,motion_sensor_997,2023-11-09T08:01:30Z,2024-08-09T15:29:45Z,media,unknown,,,,,,,,,,,,,,,machine,Small_mammal_classification_model_version_2025,,,,
re_l_he_3_2023-12-10_0004_1,re_l_he_3,re_l_he_3_2023-12-10_0004.JPG,time_lapse_246,2023-12-09T23:00:00Z,2023-12-13T11:00:00Z,media,animal,,Aves,,,,,,,,,,,,,machine,Small_mammal_classification_model_version_2025,,,,
re_l_he_3_2023-12-18_0016_1,re_l_he_3,re_l_he_3_2023-12-18_0016.JPG,time_lapse_262,2023-12-17T23:00:00Z,2023-12-21T11:00:00Z,media,animal,,Cricetidae,,,,,,,,,,,,,machine,Small_mammal_classification_model_version_2025,,,,
re_l_he_3_2023-12-20_0011_1,re_l_he_3,re_l_he_3_2023-12-20_0011.JPG,motion_sensor_1221,2023-12-20T05:47:53Z,2024-08-09T09:55:27Z,media,animal,,Cricetidae,,,,,,,,,,,,,machine,Small_mammal_classification_model_version_2025,,0.999997735023499,,
re_l_he_3_2024-01-01_0002_1,re_l_he_3,re_l_he_3_2024-01-01_0002.JPG,motion_sensor_1298,2024-01-01T06:27:57Z,2024-07-20T16:13:02Z,media,animal,,Mustela nivalis,,,,,,,,,,,,,machine,Small_mammal_classification_model_version_2025,,,,
re_l_he_3_2024-01-03_0001_1,re_l_he_3,re_l_he_3_2024-01-03_0001.JPG,time_lapse_293,2024-01-02T11:00:00Z,2024-01-05T23:00:00Z,media,blank,,,,,,,,,,,,,,,machine,Small_mammal_classification_model_version_2025,,0.999992489814758,,
re_l_he_3_2024-01-03_0007_1,re_l_he_3,re_l_he_3_2024-01-03_0007.JPG,motion_sensor_1313,2024-01-03T04:13:48Z,2024-07-21T23:36:58Z,media,animal,,,,,,,,,,,,,,,machine,Small_mammal_classification_model_version_2025,,,,
re_l_he_3_2024-01-13_0008_1,re_l_he_3,re_l_he_3_2024-01-13_0008.JPG,motion_sensor_1379,2024-01-13T07:47:15Z,2024-08-10T22:39:54Z,media,animal,,Cricetidae,,,,,,,,,,,,,machine,Small_mammal_classification_model_version_2025,,,,
re_l_he_3_2024-01-14_0008_1,re_l_he_3,re_l_he_3_2024-01-14_0008.JPG,motion_sensor_1385,2024-01-14T13:56:42Z,2024-08-11T12:15:48Z,media,animal,,Sorex spp.,,,,,,,,,,,,,machine,Small_mammal_classification_model_version_2025,,,,
re_l_he_3_2024-01-17_0006_1,re_l_he_3,re_l_he_3_2024-01-17_0006.JPG,motion_sensor_1394,2024-01-17T09:00:31Z,2024-08-12T00:04:46Z,media,animal,,Sorex spp.,,,,,,,,,,,,,machine,Small_mammal_classification_model_version_2025,,,,
re_l_he_3_2024-01-27_0005_1,re_l_he_3,re_l_he_3_2024-01-27_0005.JPG,motion_sensor_1444,2024-01-27T15:49:01Z,2024-07-31T01:44:20Z,media,animal,,Lemmus lemmus,,,,,,,,,,,,,machine,Small_mammal_classification_model_version_2025,,,,
re_l_he_3_2024-01-28_0010_1,re_l_he_3,re_l_he_3_2024-01-28_0010.JPG,motion_sensor_1449,2024-01-28T15:48:39Z,2024-07-31T15:02:06Z,media,animal,,Cricetidae,,,,,,,,,,,,,machine,Small_mammal_classification_model_version_2025,,0.999975204467773,,
re_l_he_3_2024-01-30_0005_1,re_l_he_3,re_l_he_3_2024-01-30_0005.JPG,motion_sensor_1453,2024-01-30T04:12:54Z,2024-08-01T07:28:11Z,media,blank,,,,,,,,,,,,,,,machine,Small_mammal_classification_model_version_2025,,,,
re_l_he_3_2024-02-06_0007_1,re_l_he_3,re_l_he_3_2024-02-06_0007.JPG,motion_sensor_1481,2024-02-06T05:12:01Z,2024-08-05T22:27:41Z,media,blank,,,,,,,,,,,,,,,machine,Small_mammal_classification_model_version_2025,,,,
re_l_he_3_2024-02-09_0008_1,re_l_he_3,re_l_he_3_2024-02-09_0008.JPG,time_lapse_368,2024-02-08T23:00:00Z,2024-02-12T11:00:00Z,media,animal,,Cricetidae,,,,,,,,,,,,,machine,Small_mammal_classification_model_version_2025,,,,
re_l_he_3_2024-02-17_0010_1,re_l_he_3,re_l_he_3_2024-02-17_0010.JPG,motion_sensor_1521,2024-02-17T07:07:06Z,2024-08-10T15:42:52Z,media,animal,,Mustela erminea,,,,,,,,,,,,,machine,Small_mammal_classification_model_version_2025,,,,
re_l_he_3_2024-02-17_0011_1,re_l_he_3,re_l_he_3_2024-02-17_0011.JPG,motion_sensor_1521,2024-02-17T07:07:06Z,2024-08-10T15:42:52Z,media,animal,,Lemmus lemmus,,,,,,,,,,,,,machine,Small_mammal_classification_model_version_2025,,,,
re_l_he_3_2024-02-26_0001_1,re_l_he_3,re_l_he_3_2024-02-26_0001.JPG,time_lapse_401,2024-02-25T11:00:00Z,2024-02-28T23:00:00Z,media,animal,,Sorex spp.,,,,,,,,,,,,,machine,Small_mammal_classification_model_version_2025,,,,
re_l_he_3_2024-03-09_0001_1,re_l_he_3,re_l_he_3_2024-03-09_0001.JPG,time_lapse_425,2024-03-08T11:00:00Z,2024-03-11T23:00:00Z,media,animal,,,,,,,,,,,,,,,machine,Small_mammal_classification_model_version_2025,,,,
re_l_he_3_2024-03-13_0001_1,re_l_he_3,re_l_he_3_2024-03-13_0001.JPG,time_lapse_433,2024-03-12T11:00:00Z,2024-03-15T23:00:00Z,media,animal,,Cricetidae,,,,,,,,,,,,,machine,Small_mammal_classification_model_version_2025,,,,
re_l_he_3_2024-03-15_0001_1,re_l_he_3,re_l_he_3_2024-03-15_0001.JPG,time_lapse_437,2024-03-14T11:00:00Z,2024-03-17T23:00:00Z,media,animal,,,,,,,,,,,,,,,machine,Small_mammal_classification_model_version_2025,,,,
re_l_he_3_2024-03-18_0004_1,re_l_he_3,re_l_he_3_2024-03-18_0004.JPG,time_lapse_444,2024-03-17T23:00:00Z,2024-03-21T11:00:00Z,media,animal,,Lemmus lemmus,,,,,,,,,,,,,machine,Small_mammal_classification_model_version_2025,,,,
re_l_he_3_2024-03-28_0008_1,re_l_he_3,re_l_he_3_2024-03-28_0008.JPG,motion_sensor_1664,2024-03-28T14:52:08Z,2024-08-05T10:09:02Z,media,animal,,Lemmus lemmus,,,,,,,,,,,,,machine,Small_mammal_classification_model_version_2025,,,,
re_l_he_3_2024-03-30_0004_1,re_l_he_3,re_l_he_3_2024-03-30_0004.JPG,motion_sensor_1673,2024-03-30T07:47:45Z,2024-08-07T05:00:17Z,media,animal,,Mustela nivalis,,,,,,,,,,,,,machine,Small_mammal_classification_model_version_2025,,,,
re_l_he_3_2024-04-01_0004_1,re_l_he_3,re_l_he_3_2024-04-01_0004.JPG,motion_sensor_1686,2024-04-01T06:39:52Z,2024-08-08T12:39:00Z,media,animal,,,,,,,,,,,,,,,machine,Small_mammal_classification_model_version_2025,,,,
re_l_he_3_2024-04-04_0007_1,re_l_he_3,re_l_he_3_2024-04-04_0007.JPG,motion_sensor_1699,2024-04-04T17:34:29Z,2024-08-09T16:28:35Z,media,animal,,Lemmus lemmus,,,,,,,,,,,,,machine,Small_mammal_classification_model_version_2025,,,,
re_l_he_3_2024-04-14_0002_1,re_l_he_3,re_l_he_3_2024-04-14_0002.JPG,motion_sensor_1743,2024-04-14T02:22:49Z,2024-07-30T15:58:38Z,media,animal,,Mustela erminea,,,,,,,,,,,,,machine,Small_mammal_classification_model_version_2025,,,,
re_l_he_3_2024-04-17_0009_1,re_l_he_3,re_l_he_3_2024-04-17_0009.JPG,motion_sensor_1767,2024-04-17T13:07:47Z,2024-08-01T20:27:04Z,media,animal,,Mustela nivalis,,,,,,,,,,,,,machine,Small_mammal_classification_model_version_2025,,,,
re_l_he_3_2024-05-03_0007_1,re_l_he_3,re_l_he_3_2024-05-03_0007.JPG,motion_sensor_1843,2024-05-03T05:10:48Z,2024-08-07T13:16:29Z,media,animal,,Aves,,,,,,,,,,,,,machine,Small_mammal_classification_model_version_2025,,,,
re_l_he_3_2024-05-13_0006_1,re_l_he_3,re_l_he_3_2024-05-13_0006.JPG,motion_sensor_1952,2024-05-13T02:12:30Z,2024-08-11T13:54:08Z,media,animal,,,,,,,,,,,,,,,machine,Small_mammal_classification_model_version_2025,,,,
re_l_he_3_2024-05-14_0010_1,re_l_he_3,re_l_he_3_2024-05-14_0010.JPG,motion_sensor_1963,2024-05-14T09:50:10Z,2024-08-12T03:38:36Z,media,animal,,,,,,,,,,,,,,,machine,Small_mammal_classification_model_version_2025,,,,
re_l_he_3_2024-05-18_0031_1,re_l_he_3,re_l_he_3_2024-05-18_0031.JPG,motion_sensor_2001,2024-05-18T07:21:29Z,2024-08-13T14:20:56Z,media,animal,,Mustela erminea,,,,,,,,,,,,,machine,Small_mammal_classification_model_version_2025,,,,
re_l_he_3_2024-05-18_0037_1,re_l_he_3,re_l_he_3_2024-05-18_0037.JPG,motion_sensor_2004,2024-05-18T14:34:28Z,2024-08-13T19:06:57Z,media,animal,,Aves,,,,,,,,,,,,,machine,Small_mammal_classification_model_version_2025,,,,
re_l_he_3_2024-05-20_0014_1,re_l_he_3,re_l_he_3_2024-05-20_0014.JPG,time_lapse_570,2024-05-19T23:00:00Z,2024-05-23T11:00:00Z,media,unknown,,,,,,,,,,,,,,,machine,Small_mammal_classification_model_version_2025,,,,
re_l_he_3_2024-05-25_0001_1,re_l_he_3,re_l_he_3_2024-05-25_0001.JPG,time_lapse_579,2024-05-24T11:00:00Z,2024-05-27T23:00:00Z,media,animal,,Mustela nivalis,,,,,,,,,,,,,machine,Small_mammal_classification_model_version_2025,,,,
re_l_he_3_2024-06-02_0013_1,re_l_he_3,re_l_he_3_2024-06-02_0013.JPG,motion_sensor_2090,2024-06-02T00:06:19Z,2024-06-02T00:06:19Z,media,unknown,,,,,,,,,,,,,,,machine,Small_mammal_classification_model_version_2025,,,,
re_l_he_3_2024-06-09_0040_1,re_l_he_3,re_l_he_3_2024-06-09_0040.JPG,motion_sensor_2155,2024-06-09T16:23:46Z,2024-06-09T16:23:47Z,media,unknown,,,,,,,,,,,,,,,machine,Small_mammal_classification_model_version_2025,,,,
re_l_he_3_2024-06-11_0011_1,re_l_he_3,re_l_he_3_2024-06-11_0011.JPG,motion_sensor_2171,2024-06-11T16:23:45Z,2024-06-11T16:23:45Z,media,blank,,,,,,,,,,,,,,,machine,Small_mammal_classification_model_version_2025,,,,
re_l_he_3_2024-06-11_0016_1,re_l_he_3,re_l_he_3_2024-06-11_0016.JPG,motion_sensor_2173,2024-06-11T18:41:43Z,2024-06-11T18:41:44Z,media,animal,,Cricetidae,,,,,,,,,,,,,machine,Small_mammal_classification_model_version_2025,,,,
re_l_he_3_2024-06-12_0010_1,re_l_he_3,re_l_he_3_2024-06-12_0010.JPG,motion_sensor_2180,2024-06-12T10:56:01Z,2024-06-12T10:56:01Z,media,animal,,Sorex spp.,,,,,,,,,,,,,machine,Small_mammal_classification_model_version_2025,,,,
re_l_he_3_2024-06-15_0028_1,re_l_he_3,re_l_he_3_2024-06-15_0028.JPG,motion_sensor_2210,2024-06-15T15:59:00Z,2024-06-15T15:59:00Z,media,animal,,Sorex spp.,,,,,,,,,,,,,machine,Small_mammal_classification_model_version_2025,,,,
re_l_he_3_2024-06-17_0009_1,re_l_he_3,re_l_he_3_2024-06-17_0009.JPG,motion_sensor_2222,2024-06-17T09:49:12Z,2024-06-17T09:49:13Z,media,blank,,,,,,,,,,,,,,,machine,Small_mammal_classification_model_version_2025,,0.961031138896942,,
re_l_he_3_2024-06-18_0008_1,re_l_he_3,re_l_he_3_2024-06-18_0008.JPG,motion_sensor_2234,2024-06-18T08:39:12Z,2024-06-18T08:39:13Z,media,animal,,Mustela erminea,,,,,,,,,,,,,machine,Small_mammal_classification_model_version_2025,,,,
re_l_he_3_2024-06-21_0006_1,re_l_he_3,re_l_he_3_2024-06-21_0006.JPG,motion_sensor_2257,2024-06-21T06:20:09Z,2024-06-21T06:20:10Z,media,unknown,,,,,,,,,,,,,,,machine,Small_mammal_classification_model_version_2025,,,,
re_l_he_3_2024-06-25_0001_1,re_l_he_3,re_l_he_3_2024-06-25_0001.JPG,time_lapse_641,2024-06-24T11:00:00Z,2024-06-27T23:00:00Z,media,animal,,Aves,,,,,,,,,,,,,machine,Small_mammal_classification_model_version_2025,,,,
re_l_he_3_2024-06-27_0008_1,re_l_he_3,re_l_he_3_2024-06-27_0008.JPG,motion_sensor_2315,2024-06-27T13:38:51Z,2024-06-27T13:38:52Z,media,animal,,Cricetidae,,,,,,,,,,,,,machine,Small_mammal_classification_model_version_2025,,,,
re_l_he_3_2024-06-28_0055_1,re_l_he_3,re_l_he_3_2024-06-28_0055.JPG,motion_sensor_2350,2024-06-28T19:37:49Z,2024-06-28T19:37:49Z,media,animal,,,,,,,,,,,,,,,machine,Small_mammal_classification_model_version_2025,,,,
re_l_he_3_2024-07-01_0010_1,re_l_he_3,re_l_he_3_2024-07-01_0010.JPG,motion_sensor_2369,2024-07-01T07:34:19Z,2024-07-01T07:34:20Z,media,animal,,,,,,,,,,,,,,,human,efk,,,,confidence_below_09
re_l_he_3_2024-07-02_0006_1,re_l_he_3,re_l_he_3_2024-07-02_0006.JPG,motion_sensor_2382,2024-07-02T06:38:27Z,2024-07-02T06:38:27Z,media,animal,,Mustela nivalis,,,,,,,,,,,,,machine,Small_mammal_classification_model_version_2025,,,,
re_l_he_3_2024-07-28_0031_1,re_l_he_3,re_l_he_3_2024-07-28_0031.JPG,motion_sensor_2494,2024-07-28T17:16:50Z,2024-07-28T17:16:51Z,media,animal,,Aves,,,,,,,,,,,,,machine,Small_mammal_classification_model_version_2025,,,,
re_l_he_3_2024-08-15_0001_1,re_l_he_3,re_l_he_3_2024-08-15_0001.JPG,time_lapse_743,2024-08-14T11:00:00Z,2024-08-16T11:00:00Z,media,unknown,,,,,,,,,,,,,,,machine,Small_mammal_classification_model_version_2025,,,,
re_l_he_4_2023-08-17_0007_1,re_l_he_4,re_l_he_4_2023-08-17_0007.JPG,time_lapse_14,2023-08-15T23:00:00Z,2023-08-19T11:00:00Z,media,animal,,,,,,,,,,,,,,,machine,Small_mammal_classification_model_version_2025,,,,
re_l_he_4_2023-08-17_0015_1,re_l_he_4,re_l_he_4_2023-08-17_0015.JPG,motion_sensor_29,2023-08-11T22:25:38Z,2024-07-05T02:29:51Z,media,blank,,,,,,,,,,,,,,,machine,Small_mammal_classification_model_version_2025,,,,
re_l_he_4_2023-08-22_0002_1,re_l_he_4,re_l_he_4_2023-08-22_0002.JPG,motion_sensor_68,2023-08-12T19:20:58Z,2024-08-13T10:40:14Z,media,animal,,Sorex spp.,,,,,,,,,,,,,machine,Small_mammal_classification_model_version_2025,,,,
re_l_he_4_2023-09-04_0001_1,re_l_he_4,re_l_he_4_2023-09-04_0001.JPG,time_lapse_50,2023-09-02T23:00:00Z,2023-09-06T11:00:00Z,media,animal,,Aves,,,,,,,,,,,,,machine,Small_mammal_classification_model_version_2025,,,,
re_l_he_4_2023-09-08_0018_1,re_l_he_4,re_l_he_4_2023-09-08_0018.JPG,motion_sensor_99,2023-08-13T11:48:28Z,2024-07-23T23:24:53Z,media,animal,,Sorex spp.,,,,,,,,,,,,,machine,Small_mammal_classification_model_version_2025,,,,
re_l_he_4_2023-09-10_0005_1,re_l_he_4,re_l_he_4_2023-09-10_0005.JPG,motion_sensor_105,2023-08-13T13:36:49Z,2024-07-25T19:23:13Z,media,animal,,Aves,,,,,,,,,,,,,machine,Small_mammal_classification_model_version_2025,,,,
re_l_he_4_2023-09-12_0003_1,re_l_he_4,re_l_he_4_2023-09-12_0003.JPG,motion_sensor_110,2023-08-13T14:36:48Z,2024-07-26T01:17:11Z,media,animal,,Mustela erminea,,,,,,,,,,,,,machine,Small_mammal_classification_model_version_2025,,,,
re_l_he_4_2023-09-17_0007_1,re_l_he_4,re_l_he_4_2023-09-17_0007.JPG,motion_sensor_153,2023-08-16T10:11:55Z,2024-08-02T15:49:47Z,media,animal,,Aves,,,,,,,,,,,,,machine,Small_mammal_classification_model_version_2025,,,,
re_l_he_4_2023-10-18_0015_1,re_l_he_4,re_l_he_4_2023-10-18_0015.JPG,motion_sensor_240,2023-08-25T05:41:29Z,2024-08-13T00:50:24Z,media,blank,,,,,,,,,,,,,,,machine,Small_mammal_classification_model_version_2025,,0.979471921920776,,
re_l_he_4_2023-10-21_0016_1,re_l_he_4,re_l_he_4_2023-10-21_0016.JPG,motion_sensor_286,2023-08-29T01:31:53Z,2024-08-13T13:20:02Z,media,animal,,Mustela nivalis,,,,,,,,,,,,,machine,Small_mammal_classification_model_version_2025,,,,
re_l_he_4_2023-10-23_0010_1,re_l_he_4,re_l_he_4_2023-10-23_0010.JPG,motion_sensor_309,2023-08-31T18:22:37Z,2024-08-04T14:18:39Z,media,animal,,Aves,,,,,,,,,,,,,machine,Small_mammal_classification_model_version_2025,,,,
re_l_he_4_2023-10-23_0012_1,re_l_he_4,re_l_he_4_2023-10-23_0012.JPG,motion_sensor_310,2023-08-31T18:47:14Z,2024-08-04T14:19:46Z,media,animal,,Aves,,,,,,,,,,,,,machine,Small_mammal_classification_model_version_2025,,,,
re_l_he_4_2023-10-27_0007_1,re_l_he_4,re_l_he_4_2023-10-27_0007.JPG,motion_sensor_358,2023-09-04T12:37:04Z,2024-08-08T11:21:26Z,media,animal,,Aves,,,,,,,,,,,,,machine,Small_mammal_classification_model_version_2025,,,,
re_l_he_4_2023-10-28_0027_1,re_l_he_4,re_l_he_4_2023-10-28_0027.JPG,motion_sensor_383,2023-09-05T19:23:39Z,2024-08-09T22:06:10Z,media,animal,,,,,,,,,,,,,,,machine,Small_mammal_classification_model_version_2025,,,,
re_l_he_4_2023-10-30_0003_1,re_l_he_4,re_l_he_4_2023-10-30_0003.JPG,motion_sensor_404,2023-09-07T18:54:03Z,2024-08-10T00:09:13Z,media,blank,,,,,,,,,,,,,,,machine,Small_mammal_classification_model_version_2025,,0.989997923374176,,
re_l_he_4_2023-11-05_0004_1,re_l_he_4,re_l_he_4_2023-11-05_0004.JPG,motion_sensor_465,2023-09-11T12:58:12Z,2024-08-13T08:03:36Z,media,blank,,,,,,,,,,,,,,,machine,Small_mammal_classification_model_version_2025,,,,
re_l_he_4_2023-11-07_0013_1,re_l_he_4,re_l_he_4_2023-11-07_0013.JPG,motion_sensor_505,2023-09-14T06:45:20Z,2024-08-14T12:07:27Z,media,animal,,Aves,,,,,,,,,,,,,machine,Small_mammal_classification_model_version_2025,,,,
re_l_he_4_2023-11-10_0005_1,re_l_he_4,re_l_he_4_2023-11-10_0005.JPG,motion_sensor_547,2023-09-18T07:31:35Z,2024-08-13T09:51:27Z,media,animal,,,,,,,,,,,,,,,machine,Small_mammal_classification_model_version_2025,,,,
re_l_he_4_2023-11-16_0002_1,re_l_he_4,re_l_he_4_2023-11-16_0002.JPG,motion_sensor_573,2023-09-20T09:47:00Z,2024-08-13T22:58:00Z,media,animal,,Sorex spp.,,,,,,,,,,,,,machine,Small_mammal_classification_model_version_2025,,,,
re_l_he_4_2023-11-18_0012_1,re_l_he_4,re_l_he_4_2023-11-18_0012.JPG,motion_sensor_589,2023-09-21T09:43:17Z,2024-08-14T09:32:57Z,media,animal,,Aves,,,,,,,,,,,,,machine,Small_mammal_classification_model_version_2025,,,,
re_l_he_4_2023-11-19_0014_1,re_l_he_4,re_l_he_4_2023-11-19_0014.JPG,motion_sensor_596,2023-09-21T12:50:05Z,2024-08-13T08:20:22Z,media,animal,,Lemmus lemmus,,,,,,,,,,,,,machine,Small_mammal_classification_model_version_2025,,,,
re_l_he_4_2023-11-26_0004_1,re_l_he_4,re_l_he_4_2023-11-26_0004.JPG,motion_sensor_629,2023-09-22T17:35:05Z,2024-07-27T11:07:49Z,media,animal,,Aves,,,,,,,,,,,,,machine,Small_mammal_classification_model_version_2025,,,,
re_l_he_4_2023-11-26_0013_1,re_l_he_4,re_l_he_4_2023-11-26_0013.JPG,motion_sensor_633,2023-09-22T20:34:07Z,2024-07-27T14:05:34Z,media,animal,,,,,,,,,,,,,,,machine,Small_mammal_classification_model_version_2025,,,,
re_l_he_4_2023-11-29_0007_1,re_l_he_4,re_l_he_4_2023-11-29_0007.JPG,motion_sensor_645,2023-09-23T02:57:55Z,2024-07-27T17:28:08Z,media,animal,,,,,,,,,,,,,,,human,efk,,,,confidence_below_09
re_l_he_4_2023-11-30_0007_1,re_l_he_4,re_l_he_4_2023-11-30_0007.JPG,motion_sensor_649,2023-09-23T04:09:20Z,2024-07-27T17:35:43Z,media,blank,,,,,,,,,,,,,,,machine,Small_mammal_classification_model_version_2025,,,,
re_l_he_4_2023-12-01_0010_1,re_l_he_4,re_l_he_4_2023-12-01_0010.JPG,time_lapse_227,2023-11-30T11:00:00Z,2023-12-03T23:00:00Z,media,animal,,Lemmus lemmus,,,,,,,,,,,,,machine,Small_mammal_classification_model_version_2025,,,,
re_l_he_4_2023-12-04_0009_1,re_l_he_4,re_l_he_4_2023-12-04_0009.JPG,motion_sensor_673,2023-09-25T04:38:36Z,2024-07-28T11:07:48Z,media,animal,,Sorex spp.,,,,,,,,,,,,,machine,Small_mammal_classification_model_version_2025,,,,
re_l_he_4_2023-12-05_0005_1,re_l_he_4,re_l_he_4_2023-12-05_0005.JPG,motion_sensor_675,2023-09-25T07:52:36Z,2024-07-28T11:11:13Z,media,animal,,Cricetidae,,,,,,,,,,,,,machine,Small_mammal_classification_model_version_2025,,,,
re_l_he_4_2023-12-19_0006_1,re_l_he_4,re_l_he_4_2023-12-19_0006.JPG,time_lapse_263,2023-12-18T11:00:00Z,2023-12-21T23:00:00Z,media,animal,,,,,,,,,,,,,,,machine,Small_mammal_classification_model_version_2025,,,,
re_l_he_4_2024-01-02_0004_1,re_l_he_4,re_l_he_4_2024-01-02_0004.JPG,time_lapse_291,2024-01-01T11:00:00Z,2024-01-04T23:00:00Z,media,animal,,,,,,,,,,,,,,,machine,Small_mammal_classification_model_version_2025,,,,
re_l_he_4_2024-01-05_0007_1,re_l_he_4,re_l_he_4_2024-01-05_0007.JPG,motion_sensor_774,2023-10-07T12:56:24Z,2024-08-06T18:22:05Z,media,animal,,Aves,,,,,,,,,,,,,machine,Small_mammal_classification_model_version_2025,,,,
re_l_he_4_2024-01-13_0004_1,re_l_he_4,re_l_he_4_2024-01-13_0004.JPG,motion_sensor_783,2023-10-09T14:45:25Z,2024-08-06T19:35:27Z,media,blank,,,,,,,,,,,,,,,machine,Small_mammal_classification_model_version_2025,,0.944208741188049,,
re_l_he_4_2024-01-18_0009_1,re_l_he_4,re_l_he_4_2024-01-18_0009.JPG,motion_sensor_794,2023-10-12T15:53:30Z,2024-08-07T04:19:19Z,media,animal,,Lemmus lemmus,,,,,,,,,,,,,machine,Small_mammal_classification_model_version_2025,,,,
re_l_he_4_2024-01-24_0003_1,re_l_he_4,re_l_he_4_2024-01-24_0003.JPG,motion_sensor_801,2023-10-13T09:02:50Z,2024-08-07T11:32:46Z,media,animal,,Sorex spp.,,,,,,,,,,,,,machine,Small_mammal_classification_model_version_2025,,,,
re_l_he_4_2024-02-02_0008_1,re_l_he_4,re_l_he_4_2024-02-02_0008.JPG,motion_sensor_817,2023-10-15T05:21:22Z,2024-08-07T15:24:50Z,media,animal,,Sorex spp.,,,,,,,,,,,,,machine,Small_mammal_classification_model_version_2025,,,,
re_l_he_4_2024-02-05_0005_1,re_l_he_4,re_l_he_4_2024-02-05_0005.JPG,motion_sensor_827,2023-10-16T13:56:01Z,2024-08-07T17:47:28Z,media,unknown,,,,,,,,,,,,,,,machine,Small_mammal_classification_model_version_2025,,,,
re_l_he_4_2024-02-07_0007_1,re_l_he_4,re_l_he_4_2024-02-07_0007.JPG,motion_sensor_839,2023-10-18T06:15:05Z,2024-08-08T04:43:27Z,media,blank,,,,,,,,,,,,,,,machine,Small_mammal_classification_model_version_2025,,,,
re_l_he_4_2024-02-09_0007_1,re_l_he_4,re_l_he_4_2024-02-09_0007.JPG,motion_sensor_847,2023-10-19T12:47:04Z,2024-08-08T06:51:58Z,media,animal,,Aves,,,,,,,,,,,,,machine,Small_mammal_classification_model_version_2025,,,,
re_l_he_4_2024-02-10_0007_1,re_l_he_4,re_l_he_4_2024-02-10_0007.JPG,motion_sensor_851,2023-10-19T21:39:17Z,2024-08-08T09:42:58Z,media,animal,,Cricetidae,,,,,,,,,,,,,machine,Small_mammal_classification_model_version_2025,,0.975344359874725,,
re_l_he_4_2024-02-28_0002_1,re_l_he_4,re_l_he_4_2024-02-28_0002.JPG,motion_sensor_886,2023-10-25T19:45:48Z,2024-08-10T13:12:14Z,media,animal,,Aves,,,,,,,,,,,,,machine,Small_mammal_classification_model_version_2025,,,,
re_l_he_4_2024-03-22_0002_1,re_l_he_4,re_l_he_4_2024-03-22_0002.JPG,time_lapse_451,2024-03-21T11:00:00Z,2024-03-24T23:00:00Z,media,animal,,Mustela nivalis,,,,,,,,,,,,,machine,Small_mammal_classification_model_version_2025,,,,
re_l_he_4_2024-04-11_0001_1,re_l_he_4,re_l_he_4_2024-04-11_0001.JPG,motion_sensor_930,2023-10-31T00:14:04Z,2024-08-12T17:35:06Z,media,animal,,Aves,,,,,,,,,,,,,machine,Small_mammal_classification_model_version_2025,,,,
re_l_he_4_2024-04-11_0004_1,re_l_he_4,re_l_he_4_2024-04-11_0004.JPG,motion_sensor_931,2023-10-31T00:16:36Z,2024-08-12T19:41:37Z,media,animal,,Mustela nivalis,,,,,,,,,,,,,machine,Small_mammal_classification_model_version_2025,,,,
re_l_he_4_2024-04-12_0012_1,re_l_he_4,re_l_he_4_2024-04-12_0012.JPG,motion_sensor_952,2023-11-02T07:42:26Z,2024-08-14T00:40:50Z,media,animal,,,,,,,,,,,,,,,machine,Small_mammal_classification_model_version_2025,,,,
re_l_he_4_2024-04-12_0021_1,re_l_he_4,re_l_he_4_2024-04-12_0021.JPG,motion_sensor_956,2023-11-03T13:36:36Z,2024-08-13T20:10:49Z,media,animal,,Lemmus lemmus,,,,,,,,,,,,,machine,Small_mammal_classification_model_version_2025,,,,
re_l_he_4_2024-04-18_0004_1,re_l_he_4,re_l_he_4_2024-04-18_0004.JPG,motion_sensor_985,2023-11-07T21:05:32Z,2024-08-15T10:44:36Z,media,animal,,Aves,,,,,,,,,,,,,machine,Small_mammal_classification_model_version_2025,,,,
re_l_he_4_2024-04-23_0009_1,re_l_he_4,re_l_he_4_2024-04-23_0009.JPG,motion_sensor_1014,2023-11-13T18:08:38Z,2024-08-12T22:46:03Z,media,blank,,,,,,,,,,,,,,,machine,Small_mammal_classification_model_version_2025,,,,
re_l_he_4_2024-04-27_0014_1,re_l_he_4,re_l_he_4_2024-04-27_0014.JPG,motion_sensor_1034,2023-11-18T20:58:20Z,2024-08-11T05:27:46Z,media,unknown,,,,,,,,,,,,,,,machine,Small_mammal_classification_model_version_2025,,,,
re_l_he_4_2024-04-29_0005_1,re_l_he_4,re_l_he_4_2024-04-29_0005.JPG,motion_sensor_1039,2023-11-19T15:15:06Z,2024-08-11T15:18:23Z,media,animal,,Sorex spp.,,,,,,,,,,,,,machine,Small_mammal_classification_model_version_2025,,,,
re_l_he_4_2024-05-04_0005_1,re_l_he_4,re_l_he_4_2024-05-04_0005.JPG,motion_sensor_1063,2023-11-23T22:07:04Z,2024-08-13T15:55:37Z,media,animal,,Mustela erminea,,,,,,,,,,,,,machine,Small_mammal_classification_model_version_2025,,,,
re_l_he_4_2024-05-09_0004_1,re_l_he_4,re_l_he_4_2024-05-09_0004.JPG,motion_sensor_1128,2023-12-06T06:46:24Z,2024-08-02T06:52:53Z,media,blank,,,,,,,,,,,,,,,human,efk,,0.789128482341766,,confidence_below_09
re_l_he_4_2024-05-09_0026_1,re_l_he_4,re_l_he_4_2024-05-09_0026.JPG,motion_sensor_1138,2023-12-08T17:53:30Z,2024-08-06T20:24:44Z,media,blank,,,,,,,,,,,,,,,machine,Small_mammal_classification_model_version_2025,,0.972094655036926,,
re_l_he_4_2024-05-18_0006_1,re_l_he_4,re_l_he_4_2024-05-18_0006.JPG,motion_sensor_1181,2023-12-16T22:10:05Z,2024-07-31T09:53:57Z,media,animal,,Aves,,,,,,,,,,,,,machine,Small_mammal_classification_model_version_2025,,,,
re_l_he_4_2024-06-02_0004_1,re_l_he_4,re_l_he_4_2024-06-02_0004.JPG,motion_sensor_1198,2023-12-18T01:35:55Z,2024-08-02T16:40:16Z,media,animal,,,,,,,,,,,,,,,machine,Small_mammal_classification_model_version_2025,,,,
re_l_he_4_2024-06-16_0007_1,re_l_he_4,re_l_he_4_2024-06-16_0007.JPG,motion_sensor_1279,2023-12-28T17:32:19Z,2024-07-18T21:47:40Z,media,animal,,Aves,,,,,,,,,,,,,machine,Small_mammal_classification_model_version_2025,,,,
re_l_he_4_2024-06-17_0009_1,re_l_he_4,re_l_he_4_2024-06-17_0009.JPG,motion_sensor_1290,2023-12-30T13:11:29Z,2024-07-20T10:47:58Z,media,animal,,Cricetidae,,,,,,,,,,,,,machine,Small_mammal_classification_model_version_2025,,,,
re_l_he_4_2024-06-18_0014_1,re_l_he_4,re_l_he_4_2024-06-18_0014.JPG,motion_sensor_1304,2024-01-02T02:12:35Z,2024-07-21T11:14:14Z,media,animal,,Cricetidae,,,,,,,,,,,,,machine,Small_mammal_classification_model_version_2025,,0.999987840652466,,
re_l_he_4_2024-06-19_0012_1,re_l_he_4,re_l_he_4_2024-06-19_0012.JPG,motion_sensor_1311,2024-01-03T01:56:33Z,2024-07-21T22:28:30Z,media,animal,,Mustela erminea,,,,,,,,,,,,,machine,Small_mammal_classification_model_version_2025,,,,
re_l_he_4_2024-06-20_0006_1,re_l_he_4,re_l_he_4_2024-06-20_0006.JPG,motion_sensor_1325,2024-01-05T05:12:12Z,2024-07-25T06:47:47Z,media,animal,,Sorex spp.,,,,,,,,,,,,,human,efk,,,,confidence_below_09
re_l_he_4_2024-06-20_0008_1,re_l_he_4,re_l_he_4_2024-06-20_0008.JPG,motion_sensor_1326,2024-01-05T10:55:49Z,2024-07-25T06:49:43Z,media,animal,,Mustela erminea,,,,,,,,,,,,,machine,Small_mammal_classification_model_version_2025,,,,
re_l_he_4_2024-06-20_0026_1,re_l_he_4,re_l_he_4_2024-06-20_0026.JPG,time_lapse_631,2024-06-19T11:00:00Z,2024-06-22T23:00:00Z,media,blank,,,,,,,,,,,,,,,machine,Small_mammal_classification_model_version_2025,,0.999984622001648,,
re_l_he_4_2024-06-21_0033_1,re_l_he_4,re_l_he_4_2024-06-21_0033.JPG,motion_sensor_1355,2024-01-09T19:29:31Z,2024-07-30T09:46:28Z,media,animal,,Cricetidae,,,,,,,,,,,,,machine,Small_mammal_classification_model_version_2025,,0.999953985214233,,
re_l_he_4_2024-06-21_0042_1,re_l_he_4,re_l_he_4_2024-06-21_0042.JPG,motion_sensor_1359,2024-01-10T08:09:33Z,2024-07-30T20:44:27Z,media,animal,,Mustela nivalis,,,,,,,,,,,,,machine,Small_mammal_classification_model_version_2025,,,,
re_l_he_4_2024-07-03_0006_1,re_l_he_4,re_l_he_4_2024-07-03_0006.JPG,motion_sensor_1409,2024-01-20T15:01:03Z,2024-08-13T04:24:51Z,media,animal,,Cricetidae,,,,,,,,,,,,,machine,Small_mammal_classification_model_version_2025,,,,
re_l_he_4_2024-07-18_0005_1,re_l_he_4,re_l_he_4_2024-07-18_0005.JPG,motion_sensor_1419,2024-01-23T03:24:57Z,2024-07-21T04:04:01Z,media,animal,,Lemmus lemmus,,,,,,,,,,,,,machine,Small_mammal_classification_model_version_2025,,,,
re_l_he_4_2024-07-31_0013_1,re_l_he_4,re_l_he_4_2024-07-31_0013.JPG,motion_sensor_1448,2024-01-28T13:49:00Z,2024-07-31T12:07:01Z,media,animal,,Mustela nivalis,,,,,,,,,,,,,machine,Small_mammal_classification_model_version_2025,,,,
re_l_he_4_2024-08-05_0014_1,re_l_he_4,re_l_he_4_2024-08-05_0014.JPG,motion_sensor_1477,2024-02-05T10:12:27Z,2024-08-05T16:15:51Z,media,animal,,Sorex spp.,,,,,,,,,,,,,machine,Small_mammal_classification_model_version_2025,,,,
re_l_he_4_2024-08-06_0014_1,re_l_he_4,re_l_he_4_2024-08-06_0014.JPG,motion_sensor_1486,2024-02-07T11:33:11Z,2024-08-06T04:11:59Z,media,animal,,Cricetidae,,,,,,,,,,,,,machine,Small_mammal_classification_model_version_2025,,0.999988079071045,,
re_l_he_4_2024-08-08_0009_1,re_l_he_4,re_l_he_4_2024-08-08_0009.JPG,motion_sensor_1506,2024-02-13T01:44:38Z,2024-08-08T21:05:28Z,media,animal,,Lemmus lemmus,,,,,,,,,,,,,machine,Small_mammal_classification_model_version_2025,,,,
re_l_he_4_2024-08-09_0002_1,re_l_he_4,re_l_he_4_2024-08-09_0002.JPG,motion_sensor_1508,2024-02-13T21:43:19Z,2024-08-09T01:18:54Z,media,animal,,Sorex spp.,,,,,,,,,,,,,machine,Small_mammal_classification_model_version_2025,,,,
re_l_he_4_2024-08-09_0005_1,re_l_he_4,re_l_he_4_2024-08-09_0005.JPG,motion_sensor_1509,2024-02-14T16:00:01Z,2024-08-09T04:54:00Z,media,animal,,Mustela erminea,,,,,,,,,,,,,machine,Small_mammal_classification_model_version_2025,,,,
re_l_he_4_2024-08-10_0004_1,re_l_he_4,re_l_he_4_2024-08-10_0004.JPG,motion_sensor_1512,2024-02-15T12:53:34Z,2024-08-10T02:19:08Z,media,animal,,Cricetidae,,,,,,,,,,,,,machine,Small_mammal_classification_model_version_2025,,,,
re_l_he_5_2023-08-13_0002_1,re_l_he_5,re_l_he_5_2023-08-13_0002.JPG,time_lapse_6,2023-08-11T23:00:00Z,2023-08-15T11:00:00Z,media,animal,,Cricetidae,,,,,,,,,,,,,machine,Small_mammal_classification_model_version_2025,,,,
re_l_he_5_2023-08-27_0002_1,re_l_he_5,re_l_he_5_2023-08-27_0002.JPG,motion_sensor_22,2023-08-11T16:21:24Z,2024-08-16T13:51:56Z,media,animal,,Sorex spp.,,,,,,,,,,,,,machine,Small_mammal_classification_model_version_2025,,,,
re_l_he_5_2023-09-20_0004_1,re_l_he_5,re_l_he_5_2023-09-20_0004.JPG,motion_sensor_30,2023-08-11T22:26:40Z,2024-07-06T03:20:29Z,media,animal,,Aves,,,,,,,,,,,,,machine,Small_mammal_classification_model_version_2025,,,,
re_l_he_5_2023-10-12_0002_1,re_l_he_5,re_l_he_5_2023-10-12_0002.JPG,time_lapse_126,2023-10-10T23:00:00Z,2023-10-14T11:00:00Z,media,animal,,Cricetidae,,,,,,,,,,,,,machine,Small_mammal_classification_model_version_2025,,,,
re_l_he_5_2023-10-17_0003_1,re_l_he_5,re_l_he_5_2023-10-17_0003.JPG,motion_sensor_48,2023-08-12T13:47:23Z,2024-07-31T11:54:14Z,media,animal,,Aves,,,,,,,,,,,,,machine,Small_mammal_classification_model_version_2025,,,,
re_l_he_5_2023-10-18_0003_1,re_l_he_5,re_l_he_5_2023-10-18_0003.JPG,motion_sensor_54,2023-08-12T14:16:35Z,2024-08-02T06:24:22Z,media,animal,,Mustela nivalis,,,,,,,,,,,,,machine,Small_mammal_classification_model_version_2025,,,,
re_l_he_5_2023-10-20_0006_1,re_l_he_5,re_l_he_5_2023-10-20_0006.JPG,motion_sensor_60,2023-08-12T14:55:05Z,2024-08-09T13:59:50Z,media,animal,,Aves,,,,,,,,,,,,,machine,Small_mammal_classification_model_version_2025,,,,
re_l_he_5_2023-10-21_0007_1,re_l_he_5,re_l_he_5_2023-10-21_0007.JPG,motion_sensor_67,2023-08-12T19:19:45Z,2024-08-13T10:34:05Z,media,blank,,,,,,,,,,,,,,,machine,Small_mammal_classification_model_version_2025,,,,
re_l_he_5_2023-11-27_0004_1,re_l_he_5,re_l_he_5_2023-11-27_0004.JPG,time_lapse_218,2023-11-25T23:00:00Z,2023-11-29T11:00:00Z,media,animal,,Aves,,,,,,,,,,,,,machine,Small_mammal_classification_model_version_2025,,,,
re_l_he_5_2023-12-01_0001_1,re_l_he_5,re_l_he_5_2023-12-01_0001.JPG,time_lapse_225,2023-11-29T11:00:00Z,2023-12-02T23:00:00Z,media,animal,,Mustela erminea,,,,,,,,,,,,,machine,Small_mammal_classification_model_version_2025,,,,
re_l_he_5_2024-02-28_0003_1,re_l_he_5,re_l_he_5_2024-02-28_0003.JPG,motion_sensor_140,2023-08-14T05:27:55Z,2024-07-31T23:26:54Z,media,animal,,Sorex spp.,,,,,,,,,,,,,machine,Small_mammal_classification_model_version_2025,,,,
re_l_he_5_2024-03-10_0002_1,re_l_he_5,re_l_he_5_2024-03-10_0002.JPG,motion_sensor_157,2023-08-17T13:31:22Z,2024-08-10T22:45:30Z,media,animal,,Aves,,,,,,,,,,,,,machine,Small_mammal_classification_model_version_2025,,,,
re_l_he_5_2024-03-16_0002_1,re_l_he_5,re_l_he_5_2024-03-16_0002.JPG,time_lapse_438,2024-03-14T23:00:00Z,2024-03-18T11:00:00Z,media,animal,,Lemmus lemmus,,,,,,,,,,,,,machine,Small_mammal_classification_model_version_2025,,,,
re_l_he_5_2024-03-19_0001_1,re_l_he_5,re_l_he_5_2024-03-19_0001.JPG,time_lapse_443,2024-03-17T11:00:00Z,2024-03-20T23:00:00Z,media,animal,,Mustela erminea,,,,,,,,,,,,,machine,Small_mammal_classification_model_version_2025,,,,
re_l_he_5_2024-03-25_0001_1,re_l_he_5,re_l_he_5_2024-03-25_0001.JPG,time_lapse_455,2024-03-23T11:00:00Z,2024-03-26T23:00:00Z,media,animal,,Mustela nivalis,,,,,,,,,,,,,machine,Small_mammal_classification_model_version_2025,,,,
re_l_he_5_2024-04-20_0001_1,re_l_he_5,re_l_he_5_2024-04-20_0001.JPG,time_lapse_507,2024-04-18T11:00:00Z,2024-04-21T23:00:00Z,media,animal,,,,,,,,,,,,,,,human,hb,,,,quality_check_random
re_l_he_5_2024-06-07_0002_1,re_l_he_5,re_l_he_5_2024-06-07_0002.JPG,time_lapse_604,2024-06-05T23:00:00Z,2024-06-09T11:00:00Z,media,animal,,,,,,,,,,,,,,,machine,Small_mammal_classification_model_version_2025,,,,
re_l_he_5_2024-06-13_0002_1,re_l_he_5,re_l_he_5_2024-06-13_0002.JPG,time_lapse_616,2024-06-11T23:00:00Z,2024-06-15T11:00:00Z,media,animal,,Mustela nivalis,,,,,,,,,,,,,machine,Small_mammal_classification_model_version_2025,,,,
re_l_he_5_2024-06-23_0002_1,re_l_he_5,re_l_he_5_2024-06-23_0002.JPG,time_lapse_636,2024-06-21T23:00:00Z,2024-06-25T11:00:00Z,media,animal,,Sorex spp.,,,,,,,,,,,,,machine,Small_mammal_classification_model_version_2025,,,,
re_l_he_5_2024-07-07_0006_1,re_l_he_5,re_l_he_5_2024-07-07_0006.JPG,motion_sensor_203,2023-08-23T03:18:30Z,2024-08-04T09:51:07Z,media,animal,,Aves,,,,,,,,,,,,,machine,Small_mammal_classification_model_version_2025,,,,
re_l_he_5_2024-08-06_0001_1,re_l_he_5,re_l_he_5_2024-08-06_0001.JPG,time_lapse_723,2024-08-04T11:00:00Z,2024-08-07T23:00:00Z,media,animal,,Cricetidae,,,,,,,,,,,,,machine,Small_mammal_classification_model_version_2025,,,,
re_l_he_5_2024-08-06_0004_1,re_l_he_5,re_l_he_5_2024-08-06_0004.JPG,motion_sensor_265,2023-08-26T20:42:58Z,2024-08-06T09:24:25Z,media,animal,,Mustela erminea,,,,,,,,,,,,,machine,Small_mammal_classification_model_version_2025,,,,
re_l_he_5_2024-08-12_0003_1,re_l_he_5,re_l_he_5_2024-08-12_0003.JPG,motion_sensor_283,2023-08-28T21:02:08Z,2024-08-12T15:44:35Z,media,animal,,Mustela nivalis,,,,,,,,,,,,,machine,Small_mammal_classification_model_version_2025,,,,
re_l_he_6_2023-08-14_0002_1,re_l_he_6,re_l_he_6_2023-08-14_0002.JPG,motion_sensor_15,2023-08-11T10:05:54Z,2024-07-30T23:01:03Z,media,animal,,Lemmus lemmus,,,,,,,,,,,,,machine,Small_mammal_classification_model_version_2025,,,,
re_l_he_6_2023-08-14_0010_1,re_l_he_6,re_l_he_6_2023-08-14_0010.JPG,motion_sensor_19,2023-08-11T13:36:58Z,2024-08-16T17:44:51Z,media,animal,,Lemmus lemmus,,,,,,,,,,,,,machine,Small_mammal_classification_model_version_2025,,,,
re_l_he_6_2023-08-14_0017_1,re_l_he_6,re_l_he_6_2023-08-14_0017.JPG,motion_sensor_22,2023-08-11T16:21:24Z,2024-08-16T13:51:56Z,media,animal,,,,,,,,,,,,,,,human,efk,,,,confidence_below_09
re_l_he_6_2023-08-19_0001_1,re_l_he_6,re_l_he_6_2023-08-19_0001.JPG,time_lapse_13,2023-08-15T11:00:00Z,2023-08-18T23:00:00Z,media,blank,,,,,,,,,,,,,,,machine,Small_mammal_classification_model_version_2025,,0.99998676776886,,
re_l_he_6_2023-08-21_0037_1,re_l_he_6,re_l_he_6_2023-08-21_0037.JPG,motion_sensor_165,2023-08-18T11:46:13Z,2024-08-15T22:50:11Z,media,animal,,Cricetidae,,,,,,,,,,,,,machine,Small_mammal_classification_model_version_2025,,0.99945992231369,,
re_l_he_6_2023-08-22_0011_1,re_l_he_6,re_l_he_6_2023-08-22_0011.JPG,motion_sensor_177,2023-08-20T05:21:29Z,2024-08-16T09:22:10Z,media,blank,,,,,,,,,,,,,,,machine,Small_mammal_classification_model_version_2025,,,,
re_l_he_6_2023-08-22_0020_1,re_l_he_6,re_l_he_6_2023-08-22_0020.JPG,motion_sensor_182,2023-08-20T13:37:55Z,2024-08-16T15:42:55Z,media,animal,,Mustela nivalis,,,,,,,,,,,,,machine,Small_mammal_classification_model_version_2025,,,,
re_l_he_6_2023-08-22_0032_1,re_l_he_6,re_l_he_6_2023-08-22_0032.JPG,motion_sensor_187,2023-08-21T08:08:44Z,2024-08-14T08:21:10Z,media,animal,,Aves,,,,,,,,,,,,,human,efk,,,,confidence_below_09
re_l_he_6_2023-08-24_0011_1,re_l_he_6,re_l_he_6_2023-08-24_0011.JPG,motion_sensor_228,2023-08-24T09:03:42Z,2024-08-10T12:28:41Z,media,unknown,,,,,,,,,,,,,,,machine,Small_mammal_classification_model_version_2025,,,,
re_l_he_6_2023-08-26_0024_1,re_l_he_6,re_l_he_6_2023-08-26_0024.JPG,motion_sensor_261,2023-08-26T08:45:59Z,2024-08-05T08:38:02Z,media,animal,,,,,,,,,,,,,,,machine,Small_mammal_classification_model_version_2025,,,,
re_l_he_6_2023-08-27_0014_1,re_l_he_6,re_l_he_6_2023-08-27_0014.JPG,motion_sensor_273,2023-08-27T15:03:38Z,2024-08-07T11:51:33Z,media,animal,,Cricetidae,,,,,,,,,,,,,machine,Small_mammal_classification_model_version_2025,,,,
re_l_he_6_2023-09-02_0009_1,re_l_he_6,re_l_he_6_2023-09-02_0009.JPG,motion_sensor_325,2023-09-02T10:42:21Z,2024-08-05T06:27:07Z,media,animal,,Cricetidae,,,,,,,,,,,,,machine,Small_mammal_classification_model_version_2025,,0.999982357025146,,
re_l_he_6_2023-09-03_0014_1,re_l_he_6,re_l_he_6_2023-09-03_0014.JPG,motion_sensor_332,2023-09-03T18:45:23Z,2024-08-05T10:53:37Z,media,animal,,Sorex spp.,,,,,,,,,,,,,human,efk,,,,confidence_below_09
re_l_he_6_2023-09-05_0031_1,re_l_he_6,re_l_he_6_2023-09-05_0031.JPG,motion_sensor_372,2023-09-05T04:58:44Z,2024-08-09T21:14:30Z,media,unknown,,,,,,,,,,,,,,,machine,Small_mammal_classification_model_version_2025,,,,
re_l_he_6_2023-09-07_0003_1,re_l_he_6,re_l_he_6_2023-09-07_0003.JPG,motion_sensor_391,2023-09-06T19:32:43Z,2024-08-09T23:37:13Z,media,animal,,Lemmus lemmus,,,,,,,,,,,,,machine,Small_mammal_classification_model_version_2025,,,,
re_l_he_6_2023-09-08_0004_1,re_l_he_6,re_l_he_6_2023-09-08_0004.JPG,motion_sensor_407,2023-09-08T08:01:11Z,2024-08-10T00:18:54Z,media,animal,,Mustela erminea,,,,,,,,,,,,,human,efk,,,,confidence_below_09
re_l_he_6_2023-09-13_0022_1,re_l_he_6,re_l_he_6_2023-09-13_0022.JPG,motion_sensor_468,2023-09-11T15:06:41Z,2024-08-13T08:27:34Z,media,animal,,,,,,,,,,,,,,,human,efk,,,,confidence_below_09
re_l_he_6_2023-09-15_0006_1,re_l_he_6,re_l_he_6_2023-09-15_0006.JPG,motion_sensor_494,2023-09-13T09:18:55Z,2024-08-13T21:25:53Z,media,animal,,Aves,,,,,,,,,,,,,machine,Small_mammal_classification_model_version_2025,,,,
re_l_he_6_2023-09-19_0019_1,re_l_he_6,re_l_he_6_2023-09-19_0019.JPG,motion_sensor_544,2023-09-18T06:40:00Z,2024-08-13T05:10:12Z,media,animal,,,,,,,,,,,,,,,machine,Small_mammal_classification_model_version_2025,,,,
re_l_he_6_2023-09-22_0002_1,re_l_he_6,re_l_he_6_2023-09-22_0002.JPG,motion_sensor_606,2023-09-21T22:01:25Z,2024-08-15T08:15:58Z,media,animal,,Mustela erminea,,,,,,,,,,,,,human,hb,,,,quality_check_confidence_level
re_l_he_6_2023-09-23_0022_1,re_l_he_6,re_l_he_6_2023-09-23_0022.JPG,motion_sensor_645,2023-09-23T02:57:55Z,2024-07-27T17:28:08Z,media,animal,,Sorex spp.,,,,,,,,,,,,,machine,Small_mammal_classification_model_version_2025,,,,
re_l_he_6_2023-09-27_0007_1,re_l_he_6,re_l_he_6_2023-09-27_0007.JPG,motion_sensor_699,2023-09-27T10:22:34Z,2024-07-29T18:02:12Z,media,animal,,Lemmus lemmus,,,,,,,,,,,,,machine,Small_mammal_classification_model_version_2025,,,,
re_l_he_6_2023-10-11_0010_1,re_l_he_6,re_l_he_6_2023-10-11_0010.JPG,motion_sensor_792,2023-10-11T14:22:44Z,2024-08-07T04:00:46Z,media,animal,,Mustela nivalis,,,,,,,,,,,,,machine,Small_mammal_classification_model_version_2025,,,,
re_l_he_6_2023-10-14_0005_1,re_l_he_6,re_l_he_6_2023-10-14_0005.JPG,motion_sensor_799,2023-10-13T08:47:13Z,2024-08-07T11:20:11Z,media,animal,,Mustela nivalis,,,,,,,,,,,,,machine,Small_mammal_classification_model_version_2025,,,,
re_l_he_6_2023-10-20_0001_1,re_l_he_6,re_l_he_6_2023-10-20_0001.JPG,time_lapse_137,2023-10-16T11:00:00Z,2023-10-19T23:00:00Z,media,animal,,Mustela erminea,,,,,,,,,,,,,machine,Small_mammal_classification_model_version_2025,,,,
re_l_he_6_2023-10-24_0025_1,re_l_he_6,re_l_he_6_2023-10-24_0025.JPG,motion_sensor_860,2023-10-20T22:04:55Z,2024-08-08T13:38:07Z,media,animal,,,,,,,,,,,,,,,machine,Small_mammal_classification_model_version_2025,,,,
re_l_he_6_2023-10-25_0018_1,re_l_he_6,re_l_he_6_2023-10-25_0018.JPG,motion_sensor_875,2023-10-22T20:43:34Z,2024-08-10T00:17:52Z,media,animal,,Aves,,,,,,,,,,,,,machine,Small_mammal_classification_model_version_2025,,,,
re_l_he_6_2023-11-18_0002_1,re_l_he_6,re_l_he_6_2023-11-18_0002.JPG,time_lapse_196,2023-11-14T23:00:00Z,2023-11-18T11:00:00Z,media,blank,,,,,,,,,,,,,,,machine,Small_mammal_classification_model_version_2025,,0.999929070472717,,
re_l_he_6_2023-12-23_0002_1,re_l_he_6,re_l_he_6_2023-12-23_0002.JPG,time_lapse_266,2023-12-19T23:00:00Z,2023-12-23T11:00:00Z,media,blank,,,,,,,,,,,,,,,machine,Small_mammal_classification_model_version_2025,,0.999937891960144,,
re_l_he_6_2024-03-07_0002_1,re_l_he_6,re_l_he_6_2024-03-07_0002.JPG,time_lapse_416,2024-03-03T23:00:00Z,2024-03-07T11:00:00Z,media,animal,,Lemmus lemmus,,,,,,,,,,,,,machine,Small_mammal_classification_model_version_2025,,,,
re_l_he_6_2024-03-28_0002_1,re_l_he_6,re_l_he_6_2024-03-28_0002.JPG,time_lapse_458,2024-03-24T23:00:00Z,2024-03-28T11:00:00Z,media,animal,,Mustela erminea,,,,,,,,,,,,,machine,Small_mammal_classification_model_version_2025,,,,
re_l_he_6_2024-05-29_0006_1,re_l_he_6,re_l_he_6_2024-05-29_0006.JPG,motion_sensor_1052,2023-11-22T07:46:27Z,2024-08-12T20:07:11Z,media,unknown,,,,,,,,,,,,,,,machine,Small_mammal_classification_model_version_2025,,,,
re_l_he_6_2024-05-30_0008_1,re_l_he_6,re_l_he_6_2024-05-30_0008.JPG,time_lapse_584,2024-05-26T23:00:00Z,2024-05-30T11:00:00Z,media,animal,,Sorex spp.,,,,,,,,,,,,,machine,Small_mammal_classification_model_version_2025,,,,
re_l_he_6_2024-06-02_0014_1,re_l_he_6,re_l_he_6_2024-06-02_0014.JPG,time_lapse_590,2024-05-29T23:00:00Z,2024-06-02T11:00:00Z,media,unknown,,,,,,,,,,,,,,,machine,Small_mammal_classification_model_version_2025,,,,
re_l_he_6_2024-06-04_0004_1,re_l_he_6,re_l_he_6_2024-06-04_0004.JPG,motion_sensor_1093,2023-11-29T12:50:58Z,2024-08-08T19:42:52Z,media,animal,,Mustela erminea,,,,,,,,,,,,,machine,Small_mammal_classification_model_version_2025,,,,
re_l_he_6_2024-06-04_0014_1,re_l_he_6,re_l_he_6_2024-06-04_0014.JPG,motion_sensor_1098,2023-11-30T04:59:06Z,2024-08-08T19:58:45Z,media,animal,,Aves,,,,,,,,,,,,,machine,Small_mammal_classification_model_version_2025,,,,
re_l_he_6_2024-06-15_0012_1,re_l_he_6,re_l_he_6_2024-06-15_0012.JPG,motion_sensor_1172,2023-12-15T18:05:26Z,2024-07-29T17:22:48Z,media,animal,,Lemmus lemmus,,,,,,,,,,,,,machine,Small_mammal_classification_model_version_2025,,,,
re_l_he_6_2024-06-29_0018_1,re_l_he_6,re_l_he_6_2024-06-29_0018.JPG,motion_sensor_1337,2024-01-08T07:19:12Z,2024-07-26T03:39:23Z,media,animal,,Mustela nivalis,,,,,,,,,,,,,machine,Small_mammal_classification_model_version_2025,,,,
re_l_he_6_2024-07-03_0003_1,re_l_he_6,re_l_he_6_2024-07-03_0003.JPG,motion_sensor_1395,2024-01-17T11:43:15Z,2024-08-12T00:12:33Z,media,animal,,Lemmus lemmus,,,,,,,,,,,,,machine,Small_mammal_classification_model_version_2025,,,,
re_l_he_6_2024-07-03_0008_1,re_l_he_6,re_l_he_6_2024-07-03_0008.JPG,motion_sensor_1397,2024-01-18T00:21:18Z,2024-08-12T03:27:09Z,media,blank,,,,,,,,,,,,,,,machine,Small_mammal_classification_model_version_2025,,,,
re_l_he_6_2024-07-04_0013_1,re_l_he_6,re_l_he_6_2024-07-04_0013.JPG,motion_sensor_1417,2024-01-22T08:05:48Z,2024-07-21T02:02:46Z,media,animal,,Mustela erminea,,,,,,,,,,,,,machine,Small_mammal_classification_model_version_2025,,,,
re_l_he_6_2024-07-06_0018_1,re_l_he_6,re_l_he_6_2024-07-06_0018.JPG,motion_sensor_1446,2024-01-28T00:22:39Z,2024-07-31T03:55:51Z,media,animal,,Aves,,,,,,,,,,,,,machine,Small_mammal_classification_model_version_2025,,,,
re_l_he_6_2024-07-06_0030_1,re_l_he_6,re_l_he_6_2024-07-06_0030.JPG,motion_sensor_1451,2024-01-29T07:50:02Z,2024-07-31T18:44:31Z,media,animal,,Mustela erminea,,,,,,,,,,,,,machine,Small_mammal_classification_model_version_2025,,,,
re_l_he_6_2024-07-06_0037_1,re_l_he_6,re_l_he_6_2024-07-06_0037.JPG,motion_sensor_1455,2024-01-31T07:19:57Z,2024-08-01T14:39:45Z,media,animal,,Lemmus lemmus,,,,,,,,,,,,,machine,Small_mammal_classification_model_version_2025,,,,
re_l_he_6_2024-07-12_0001_1,re_l_he_6,re_l_he_6_2024-07-12_0001.JPG,time_lapse_669,2024-07-08T11:00:00Z,2024-07-11T23:00:00Z,media,animal,,Aves,,,,,,,,,,,,,machine,Small_mammal_classification_model_version_2025,,,,
re_l_he_6_2024-07-20_0015_1,re_l_he_6,re_l_he_6_2024-07-20_0015.JPG,motion_sensor_1576,2024-03-01T08:57:24Z,2024-07-26T07:10:03Z,media,animal,,Aves,,,,,,,,,,,,,machine,Small_mammal_classification_model_version_2025,,,,
re_l_he_6_2024-07-24_0016_1,re_l_he_6,re_l_he_6_2024-07-24_0016.JPG,motion_sensor_1617,2024-03-12T08:16:05Z,2024-07-27T00:39:42Z,media,animal,,Lemmus lemmus,,,,,,,,,,,,,machine,Small_mammal_classification_model_version_2025,,,,
re_l_he_6_2024-07-26_0003_1,re_l_he_6,re_l_he_6_2024-07-26_0003.JPG,motion_sensor_1633,2024-03-17T03:40:14Z,2024-07-27T09:43:41Z,media,animal,,Aves,,,,,,,,,,,,,machine,Small_mammal_classification_model_version_2025,,,,
re_l_he_6_2024-08-10_0001_1,re_l_he_6,re_l_he_6_2024-08-10_0001.JPG,time_lapse_727,2024-08-06T11:00:00Z,2024-08-09T23:00:00Z,media,animal,,Lemmus lemmus,,,,,,,,,,,,,machine,Small_mammal_classification_model_version_2025,,,,
re_l_he_6_2024-08-10_0007_1,re_l_he_6,re_l_he_6_2024-08-10_0007.JPG,motion_sensor_1703,2024-04-05T06:55:28Z,2024-08-10T18:05:12Z,media,animal,,Mustela nivalis,,,,,,,,,,,,,machine,Small_mammal_classification_model_version_2025,,,,
re_l_he_6_2024-08-14_0001_1,re_l_he_6,re_l_he_6_2024-08-14_0001.JPG,motion_sensor_1716,2024-04-07T10:30:02Z,2024-08-13T22:25:14Z,media,animal,,Aves,,,,,,,,,,,,,machine,Small_mammal_classification_model_version_2025,,,,
re_l_he_6_2024-08-14_0010_1,re_l_he_6,re_l_he_6_2024-08-14_0010.JPG,motion_sensor_1720,2024-04-09T19:29:18Z,2024-08-14T06:03:51Z,media,animal,,Cricetidae,,,,,,,,,,,,,machine,Small_mammal_classification_model_version_2025,,0.999981045722961,,
re_l_hu_1_2023-09-13_0002_1,re_l_hu_1,re_l_hu_1_2023-09-13_0002.JPG,time_lapse_70,2023-09-12T23:00:00Z,2023-09-16T11:00:00Z,media,animal,,Mustela erminea,,,,,,,,,,,,,machine,Small_mammal_classification_model_version_2025,,,,
re_l_hu_1_2023-10-09_0001_1,re_l_hu_1,re_l_hu_1_2023-10-09_0001.JPG,time_lapse_121,2023-10-08T11:00:00Z,2023-10-11T23:00:00Z,media,animal,,Mustela nivalis,,,,,,,,,,,,,machine,Small_mammal_classification_model_version_2025,,,,
re_l_hu_1_2023-10-10_0002_1,re_l_hu_1,re_l_hu_1_2023-10-10_0002.JPG,time_lapse_124,2023-10-09T23:00:00Z,2023-10-13T11:00:00Z,media,animal,,Mustela erminea,,,,,,,,,,,,,machine,Small_mammal_classification_model_version_2025,,,,
re_l_hu_1_2023-10-15_0002_1,re_l_hu_1,re_l_hu_1_2023-10-15_0002.JPG,motion_sensor_33,2023-08-12T05:32:00Z,2024-08-08T00:50:13Z,media,animal,,Aves,,,,,,,,,,,,,machine,Small_mammal_classification_model_version_2025,,,,
re_l_hu_1_2023-10-17_0010_1,re_l_hu_1,re_l_hu_1_2023-10-17_0010.JPG,motion_sensor_45,2023-08-12T13:12:13Z,2024-07-29T14:13:53Z,media,blank,,,,,,,,,,,,,,,machine,Small_mammal_classification_model_version_2025,,0.987769186496735,,
re_l_hu_1_2023-10-22_0008_1,re_l_hu_1,re_l_hu_1_2023-10-22_0008.JPG,motion_sensor_58,2023-08-12T14:38:07Z,2024-08-08T14:51:48Z,media,animal,,Cricetidae,,,,,,,,,,,,,machine,Small_mammal_classification_model_version_2025,,,,
re_l_hu_1_2023-11-23_0002_1,re_l_hu_1,re_l_hu_1_2023-11-23_0002.JPG,time_lapse_212,2023-11-22T23:00:00Z,2023-11-26T11:00:00Z,media,animal,,Sorex spp.,,,,,,,,,,,,,machine,Small_mammal_classification_model_version_2025,,,,
re_l_hu_1_2023-12-12_0002_1,re_l_hu_1,re_l_hu_1_2023-12-12_0002.JPG,time_lapse_250,2023-12-11T23:00:00Z,2023-12-15T11:00:00Z,media,animal,,Mustela erminea,,,,,,,,,,,,,machine,Small_mammal_classification_model_version_2025,,,,
re_l_hu_1_2023-12-18_0002_1,re_l_hu_1,re_l_hu_1_2023-12-18_0002.JPG,time_lapse_262,2023-12-17T23:00:00Z,2023-12-21T11:00:00Z,media,animal,,Lemmus lemmus,,,,,,,,,,,,,machine,Small_mammal_classification_model_version_2025,,,,
re_l_hu_1_2024-01-18_0002_1,re_l_hu_1,re_l_hu_1_2024-01-18_0002.JPG,time_lapse_324,2024-01-17T23:00:00Z,2024-01-21T11:00:00Z,media,animal,,Mustela nivalis,,,,,,,,,,,,,machine,Small_mammal_classification_model_version_2025,,,,
re_l_hu_1_2024-02-02_0002_1,re_l_hu_1,re_l_hu_1_2024-02-02_0002.JPG,time_lapse_354,2024-02-01T23:00:00Z,2024-02-05T11:00:00Z,media,animal,,Mustela erminea,,,,,,,,,,,,,machine,Small_mammal_classification_model_version_2025,,,,
re_l_hu_1_2024-02-11_0043_1,re_l_hu_1,re_l_hu_1_2024-02-11_0043.JPG,motion_sensor_157,2023-08-17T13:31:22Z,2024-08-10T22:45:30Z,media,animal,,,,,,,,,,,,,,,machine,Small_mammal_classification_model_version_2025,,,,
re_l_hu_1_2024-02-12_0008_1,re_l_hu_1,re_l_hu_1_2024-02-12_0008.JPG,motion_sensor_162,2023-08-18T05:30:14Z,2024-08-15T22:46:46Z,media,animal,,,,,,,,,,,,,,,machine,Small_mammal_classification_model_version_2025,,,,
re_l_hu_1_2024-02-16_0003_1,re_l_hu_1,re_l_hu_1_2024-02-16_0003.JPG,motion_sensor_169,2023-08-18T17:03:31Z,2024-08-15T22:56:49Z,media,animal,,Cricetidae,,,,,,,,,,,,,machine,Small_mammal_classification_model_version_2025,,,,
re_l_hu_1_2024-03-02_0005_1,re_l_hu_1,re_l_hu_1_2024-03-02_0005.JPG,motion_sensor_187,2023-08-21T08:08:44Z,2024-08-14T08:21:10Z,media,animal,,Aves,,,,,,,,,,,,,human,efk,,,,confidence_below_09
re_l_hu_1_2024-05-05_0006_1,re_l_hu_1,re_l_hu_1_2024-05-05_0006.JPG,motion_sensor_400,2023-09-07T16:00:16Z,2024-08-09T23:55:30Z,media,animal,,,,,,,,,,,,,,,machine,Small_mammal_classification_model_version_2025,,,,
re_l_hu_1_2024-05-14_0002_1,re_l_hu_1,re_l_hu_1_2024-05-14_0002.JPG,motion_sensor_443,2023-09-10T12:33:34Z,2024-08-12T14:55:15Z,media,animal,,Sorex spp.,,,,,,,,,,,,,machine,Small_mammal_classification_model_version_2025,,,,
re_l_hu_1_2024-05-16_0004_1,re_l_hu_1,re_l_hu_1_2024-05-16_0004.JPG,motion_sensor_452,2023-09-11T02:12:51Z,2024-08-15T11:08:23Z,media,animal,,Cricetidae,,,,,,,,,,,,,machine,Small_mammal_classification_model_version_2025,,0.986891090869904,,
re_l_hu_1_2024-05-23_0010_1,re_l_hu_1,re_l_hu_1_2024-05-23_0010.JPG,motion_sensor_530,2023-09-16T14:37:02Z,2024-08-16T15:52:01Z,media,blank,,,,,,,,,,,,,,,machine,Small_mammal_classification_model_version_2025,,,,
re_l_hu_1_2024-05-28_0002_1,re_l_hu_1,re_l_hu_1_2024-05-28_0002.JPG,motion_sensor_576,2023-09-20T12:30:49Z,2024-08-13T23:43:02Z,media,animal,,Aves,,,,,,,,,,,,,machine,Small_mammal_classification_model_version_2025,,,,
re_l_hu_1_2024-05-28_0005_1,re_l_hu_1,re_l_hu_1_2024-05-28_0005.JPG,motion_sensor_577,2023-09-20T12:50:35Z,2024-08-13T23:47:38Z,media,animal,,Mustela erminea,,,,,,,,,,,,,machine,Small_mammal_classification_model_version_2025,,,,
re_l_hu_1_2024-05-30_0005_1,re_l_hu_1,re_l_hu_1_2024-05-30_0005.JPG,motion_sensor_593,2023-09-21T10:06:14Z,2024-08-14T11:22:12Z,media,unknown,,,,,,,,,,,,,,,machine,Small_mammal_classification_model_version_2025,,,,
re_l_hu_1_2024-06-01_0012_1,re_l_hu_1,re_l_hu_1_2024-06-01_0012.JPG,motion_sensor_607,2023-09-22T00:20:28Z,2024-07-26T15:34:24Z,media,unknown,,,,,,,,,,,,,,,machine,Small_mammal_classification_model_version_2025,,,,
re_l_hu_1_2024-06-07_0008_1,re_l_hu_1,re_l_hu_1_2024-06-07_0008.JPG,motion_sensor_631,2023-09-22T19:32:41Z,2024-07-27T11:46:11Z,media,animal,,,,,,,,,,,,,,,human,hb,,,,quality_check_classes
re_l_hu_1_2024-06-08_0009_1,re_l_hu_1,re_l_hu_1_2024-06-08_0009.JPG,motion_sensor_652,2023-09-23T09:31:26Z,2024-07-27T17:39:09Z,media,blank,,,,,,,,,,,,,,,machine,Small_mammal_classification_model_version_2025,,0.955487847328186,,
re_l_hu_1_2024-06-11_0004_1,re_l_hu_1,re_l_hu_1_2024-06-11_0004.JPG,motion_sensor_671,2023-09-24T22:13:32Z,2024-07-28T09:18:04Z,media,blank,,,,,,,,,,,,,,,machine,Small_mammal_classification_model_version_2025,,0.924423813819885,,
re_l_hu_1_2024-06-13_0004_1,re_l_hu_1,re_l_hu_1_2024-06-13_0004.JPG,motion_sensor_687,2023-09-26T01:50:54Z,2024-07-28T15:54:48Z,media,animal,,Cricetidae,,,,,,,,,,,,,machine,Small_mammal_classification_model_version_2025,,,,
re_l_hu_1_2024-06-14_0001_1,re_l_hu_1,re_l_hu_1_2024-06-14_0001.JPG,time_lapse_619,2024-06-13T11:00:00Z,2024-06-16T23:00:00Z,media,animal,,Aves,,,,,,,,,,,,,machine,Small_mammal_classification_model_version_2025,,,,
re_l_hu_1_2024-06-18_0017_1,re_l_hu_1,re_l_hu_1_2024-06-18_0017.JPG,motion_sensor_729,2023-09-30T09:52:58Z,2024-08-03T18:40:11Z,media,unknown,,,,,,,,,,,,,,,machine,Small_mammal_classification_model_version_2025,,,,
re_l_hu_1_2024-06-25_0001_1,re_l_hu_1,re_l_hu_1_2024-06-25_0001.JPG,time_lapse_641,2024-06-24T11:00:00Z,2024-06-27T23:00:00Z,media,animal,,Sorex spp.,,,,,,,,,,,,,machine,Small_mammal_classification_model_version_2025,,,,
re_l_hu_1_2024-07-03_0001_1,re_l_hu_1,re_l_hu_1_2024-07-03_0001.JPG,time_lapse_657,2024-07-02T11:00:00Z,2024-07-05T23:00:00Z,media,blank,,,,,,,,,,,,,,,machine,Small_mammal_classification_model_version_2025,,0.999979853630066,,
re_l_hu_1_2024-07-08_0005_1,re_l_hu_1,re_l_hu_1_2024-07-08_0005.JPG,motion_sensor_835,2023-10-18T01:45:09Z,2024-08-08T04:31:26Z,media,animal,,Aves,,,,,,,,,,,,,machine,Small_mammal_classification_model_version_2025,,,,
re_l_hu_1_2024-07-17_0003_1,re_l_hu_1,re_l_hu_1_2024-07-17_0003.JPG,motion_sensor_855,2023-10-20T06:38:08Z,2024-08-08T12:13:47Z,media,animal,,Lemmus lemmus,,,,,,,,,,,,,machine,Small_mammal_classification_model_version_2025,,0.998700499534607,,
re_l_hu_1_2024-07-29_0010_1,re_l_hu_1,re_l_hu_1_2024-07-29_0010.JPG,motion_sensor_970,2023-11-06T02:16:02Z,2024-08-15T00:25:01Z,media,animal,,Mustela nivalis,,,,,,,,,,,,,machine,Small_mammal_classification_model_version_2025,,,,
re_l_hu_1_2024-07-29_0014_1,re_l_hu_1,re_l_hu_1_2024-07-29_0014.JPG,motion_sensor_972,2023-11-06T06:32:20Z,2024-08-15T00:36:35Z,media,animal,,Mustela erminea,,,,,,,,,,,,,machine,Small_mammal_classification_model_version_2025,,,,
re_l_hu_1_2024-07-31_0009_1,re_l_hu_1,re_l_hu_1_2024-07-31_0009.JPG,motion_sensor_985,2023-11-07T21:05:32Z,2024-08-15T10:44:36Z,media,unknown,,,,,,,,,,,,,,,machine,Small_mammal_classification_model_version_2025,,,,
re_l_hu_1_2024-08-05_0001_1,re_l_hu_1,re_l_hu_1_2024-08-05_0001.JPG,time_lapse_723,2024-08-04T11:00:00Z,2024-08-07T23:00:00Z,media,unknown,,,,,,,,,,,,,,,machine,Small_mammal_classification_model_version_2025,,,,
re_l_hu_1_2024-08-07_0016_1,re_l_hu_1,re_l_hu_1_2024-08-07_0016.JPG,motion_sensor_1001,2023-11-10T02:45:38Z,2024-08-11T00:19:09Z,media,animal,,Sorex spp.,,,,,,,,,,,,,machine,Small_mammal_classification_model_version_2025,,,,
re_l_hu_1_2024-08-10_0020_1,re_l_hu_1,re_l_hu_1_2024-08-10_0020.JPG,motion_sensor_1016,2023-11-14T16:02:04Z,2024-08-13T10:09:24Z,media,animal,,Aves,,,,,,,,,,,,,machine,Small_mammal_classification_model_version_2025,,,,
re_l_hu_2_2023-09-25_0002_1,re_l_hu_2,re_l_hu_2_2023-09-25_0002.JPG,time_lapse_94,2023-09-24T23:00:00Z,2023-09-28T11:00:00Z,media,animal,,Mustela erminea,,,,,,,,,,,,,machine,Small_mammal_classification_model_version_2025,,,,
re_l_hu_2_2023-10-20_0006_1,re_l_hu_2,re_l_hu_2_2023-10-20_0006.JPG,time_lapse_144,2023-10-19T23:00:00Z,2023-10-23T11:00:00Z,media,animal,,Sorex spp.,,,,,,,,,,,,,machine,Small_mammal_classification_model_version_2025,,,,
re_l_hu_2_2023-11-22_0001_1,re_l_hu_2,re_l_hu_2_2023-11-22_0001.JPG,time_lapse_209,2023-11-21T11:00:00Z,2023-11-24T23:00:00Z,media,animal,,Mustela erminea,,,,,,,,,,,,,machine,Small_mammal_classification_model_version_2025,,,,
re_l_hu_2_2024-03-22_0013_1,re_l_hu_2,re_l_hu_2_2024-03-22_0013.JPG,motion_sensor_27,2023-08-11T20:47:41Z,2024-07-03T15:43:59Z,media,animal,,Cricetidae,,,,,,,,,,,,,machine,Small_mammal_classification_model_version_2025,,0.999967813491821,,
re_l_hu_2_2024-03-23_0042_1,re_l_hu_2,re_l_hu_2_2024-03-23_0042.JPG,motion_sensor_49,2023-08-12T13:50:32Z,2024-07-31T12:04:06Z,media,animal,,Mustela nivalis,,,,,,,,,,,,,machine,Small_mammal_classification_model_version_2025,,,,
re_l_hu_2_2024-03-23_0054_1,re_l_hu_2,re_l_hu_2_2024-03-23_0054.JPG,time_lapse_454,2024-03-22T23:00:00Z,2024-03-26T11:00:00Z,media,animal,,,,,,,,,,,,,,,machine,Small_mammal_classification_model_version_2025,,,,
re_l_hu_2_2024-03-24_0016_1,re_l_hu_2,re_l_hu_2_2024-03-24_0016.JPG,motion_sensor_74,2023-08-12T23:13:25Z,2024-08-15T00:51:31Z,media,animal,,Sorex spp.,,,,,,,,,,,,,machine,Small_mammal_classification_model_version_2025,,,,
re_l_hu_2_2024-03-28_0011_1,re_l_hu_2,re_l_hu_2_2024-03-28_0011.JPG,motion_sensor_122,2023-08-13T17:29:26Z,2024-07-30T00:49:04Z,media,animal,,Lemmus lemmus,,,,,,,,,,,,,machine,Small_mammal_classification_model_version_2025,,,,
re_l_hu_2_2024-03-31_0006_1,re_l_hu_2,re_l_hu_2_2024-03-31_0006.JPG,motion_sensor_141,2023-08-14T09:21:00Z,2024-07-31T23:44:09Z,media,unknown,,,,,,,,,,,,,,,machine,Small_mammal_classification_model_version_2025,,,,
re_l_hu_2_2024-04-01_0007_1,re_l_hu_2,re_l_hu_2_2024-04-01_0007.JPG,motion_sensor_145,2023-08-14T13:55:40Z,2024-08-01T00:17:07Z,media,animal,,,,,,,,,,,,,,,machine,Small_mammal_classification_model_version_2025,,,,
re_l_hu_2_2024-04-01_0017_1,re_l_hu_2,re_l_hu_2_2024-04-01_0017.JPG,motion_sensor_150,2023-08-15T13:20:55Z,2024-08-01T10:58:12Z,media,animal,,Sorex spp.,,,,,,,,,,,,,machine,Small_mammal_classification_model_version_2025,,,,
re_l_hu_2_2024-04-03_0017_1,re_l_hu_2,re_l_hu_2_2024-04-03_0017.JPG,motion_sensor_169,2023-08-18T17:03:31Z,2024-08-15T22:56:49Z,media,animal,,Aves,,,,,,,,,,,,,machine,Small_mammal_classification_model_version_2025,,,,
re_l_hu_2_2024-04-06_0001_1,re_l_hu_2,re_l_hu_2_2024-04-06_0001.JPG,time_lapse_481,2024-04-05T11:00:00Z,2024-04-08T23:00:00Z,media,animal,,Cricetidae,,,,,,,,,,,,,machine,Small_mammal_classification_model_version_2025,,,,
re_l_hu_2_2024-04-23_0027_1,re_l_hu_2,re_l_hu_2_2024-04-23_0027.JPG,motion_sensor_269,2023-08-27T03:01:06Z,2024-08-06T17:43:49Z,media,animal,,Cricetidae,,,,,,,,,,,,,machine,Small_mammal_classification_model_version_2025,,0.999989867210388,,
re_l_hu_2_2024-05-14_0013_1,re_l_hu_2,re_l_hu_2_2024-05-14_0013.JPG,motion_sensor_322,2023-09-02T01:14:16Z,2024-08-05T05:05:56Z,media,animal,,Sorex spp.,,,,,,,,,,,,,machine,Small_mammal_classification_model_version_2025,,,,
re_l_hu_2_2024-05-15_0001_1,re_l_hu_2,re_l_hu_2_2024-05-15_0001.JPG,motion_sensor_374,2023-09-05T12:07:18Z,2024-08-09T21:16:41Z,media,animal,,Cricetidae,,,,,,,,,,,,,machine,Small_mammal_classification_model_version_2025,,0.999999523162842,,
re_l_hu_2_2024-05-15_0161_1,re_l_hu_2,re_l_hu_2_2024-05-15_0161.JPG,motion_sensor_453,2023-09-11T06:10:04Z,2024-08-12T16:21:29Z,media,animal,,Mustela erminea,,,,,,,,,,,,,machine,Small_mammal_classification_model_version_2025,,,,
re_l_hu_2_2024-05-15_0229_1,re_l_hu_2,re_l_hu_2_2024-05-15_0229.JPG,motion_sensor_487,2023-09-12T14:40:34Z,2024-08-13T16:19:57Z,media,animal,,Lemmus lemmus,,,,,,,,,,,,,machine,Small_mammal_classification_model_version_2025,,,,
re_l_hu_2_2024-05-15_0255_1,re_l_hu_2,re_l_hu_2_2024-05-15_0255.JPG,motion_sensor_500,2023-09-13T14:18:16Z,2024-08-14T07:31:23Z,media,animal,,Cricetidae,,,,,,,,,,,,,machine,Small_mammal_classification_model_version_2025,,,,
re_l_hu_2_2024-05-15_0381_1,re_l_hu_2,re_l_hu_2_2024-05-15_0381.JPG,motion_sensor_563,2023-09-19T08:02:01Z,2024-08-13T21:17:19Z,media,animal,,Lemmus lemmus,,,,,,,,,,,,,machine,Small_mammal_classification_model_version_2025,,,,
re_l_hu_2_2024-05-16_0026_1,re_l_hu_2,re_l_hu_2_2024-05-16_0026.JPG,motion_sensor_584,2023-09-20T23:53:46Z,2024-08-14T03:25:16Z,media,animal,,Lemmus lemmus,,,,,,,,,,,,,machine,Small_mammal_classification_model_version_2025,,,,
re_l_hu_2_2024-05-16_0048_1,re_l_hu_2,re_l_hu_2_2024-05-16_0048.JPG,motion_sensor_595,2023-09-21T12:47:05Z,2024-08-14T11:24:37Z,media,animal,,Cricetidae,,,,,,,,,,,,,machine,Small_mammal_classification_model_version_2025,,0.999992251396179,,
re_l_hu_2_2024-05-16_0165_1,re_l_hu_2,re_l_hu_2_2024-05-16_0165.JPG,motion_sensor_653,2023-09-23T13:30:57Z,2024-07-27T17:49:45Z,media,animal,,Mustela nivalis,,,,,,,,,,,,,human,efk,,,,confidence_below_09
re_l_hu_2_2024-05-16_0217_1,re_l_hu_2,re_l_hu_2_2024-05-16_0217.JPG,motion_sensor_679,2023-09-25T15:37:13Z,2024-07-28T13:21:12Z,media,blank,,,,,,,,,,,,,,,machine,Small_mammal_classification_model_version_2025,,,,
re_l_hu_2_2024-05-16_0422_1,re_l_hu_2,re_l_hu_2_2024-05-16_0422.JPG,motion_sensor_781,2023-10-09T10:29:01Z,2024-08-06T18:50:12Z,media,animal,,Mustela nivalis,,,,,,,,,,,,,human,efk,,,,confidence_below_09
re_l_hu_2_2024-05-17_0059_1,re_l_hu_2,re_l_hu_2_2024-05-17_0059.JPG,motion_sensor_835,2023-10-18T01:45:09Z,2024-08-08T04:31:26Z,media,unknown,,,,,,,,,,,,,,,machine,Small_mammal_classification_model_version_2025,,,,
re_l_hu_2_2024-05-17_0125_1,re_l_hu_2,re_l_hu_2_2024-05-17_0125.JPG,motion_sensor_868,2023-10-21T12:20:13Z,2024-08-08T19:41:43Z,media,animal,,,,,,,,,,,,,,,machine,Small_mammal_classification_model_version_2025,,,,
re_l_hu_2_2024-05-17_0126_1,re_l_hu_2,re_l_hu_2_2024-05-17_0126.JPG,motion_sensor_869,2023-10-21T22:05:35Z,2024-08-09T06:37:36Z,media,animal,,Mustela erminea,,,,,,,,,,,,,machine,Small_mammal_classification_model_version_2025,,,,
re_l_hu_2_2024-05-17_0324_1,re_l_hu_2,re_l_hu_2_2024-05-17_0324.JPG,motion_sensor_967,2023-11-05T14:05:44Z,2024-08-14T21:20:28Z,media,animal,,Mustela erminea,,,,,,,,,,,,,machine,Small_mammal_classification_model_version_2025,,,,
re_l_hu_2_2024-05-18_0011_1,re_l_hu_2,re_l_hu_2_2024-05-18_0011.JPG,motion_sensor_982,2023-11-07T10:13:43Z,2024-08-15T10:03:07Z,media,animal,,Cricetidae,,,,,,,,,,,,,machine,Small_mammal_classification_model_version_2025,,0.999800980091095,,
re_l_hu_2_2024-07-06_0001_1,re_l_hu_2,re_l_hu_2_2024-07-06_0001.JPG,time_lapse_663,2024-07-05T11:00:00Z,2024-07-08T23:00:00Z,media,animal,,Aves,,,,,,,,,,,,,machine,Small_mammal_classification_model_version_2025,,,,
re_l_hu_2_2024-07-27_0001_1,re_l_hu_2,re_l_hu_2_2024-07-27_0001.JPG,time_lapse_705,2024-07-26T11:00:00Z,2024-07-29T23:00:00Z,media,unknown,,,,,,,,,,,,,,,machine,Small_mammal_classification_model_version_2025,,,,
re_l_hu_2_2024-07-30_0014_1,re_l_hu_2,re_l_hu_2_2024-07-30_0014.JPG,motion_sensor_993,2023-11-08T20:32:50Z,2024-08-06T16:51:45Z,media,animal,,Aves,,,,,,,,,,,,,machine,Small_mammal_classification_model_version_2025,,,,
re_l_hu_2_2024-08-01_0003_1,re_l_hu_2,re_l_hu_2_2024-08-01_0003.JPG,motion_sensor_1002,2023-11-10T02:46:45Z,2024-08-11T00:37:17Z,media,animal,,Aves,,,,,,,,,,,,,machine,Small_mammal_classification_model_version_2025,,,,
re_l_hu_2_2024-08-08_0027_1,re_l_hu_2,re_l_hu_2_2024-08-08_0027.JPG,motion_sensor_1058,2023-11-23T06:30:10Z,2024-08-12T23:47:01Z,media,animal,,Lemmus lemmus,,,,,,,,,,,,,machine,Small_mammal_classification_model_version_2025,,,,
re_l_hu_3_2023-08-30_0002_1,re_l_hu_3,re_l_hu_3_2023-08-30_0002.JPG,time_lapse_41,2023-08-29T11:00:00Z,2023-09-01T23:00:00Z,media,animal,,Aves,,,,,,,,,,,,,machine,Small_mammal_classification_model_version_2025,,,,
re_l_hu_3_2023-10-08_0002_1,re_l_hu_3,re_l_hu_3_2023-10-08_0002.JPG,time_lapse_119,2023-10-07T11:00:00Z,2023-10-10T23:00:00Z,media,animal,,Lemmus lemmus,,,,,,,,,,,,,machine,Small_mammal_classification_model_version_2025,,,,
re_l_hu_3_2023-10-16_0001_1,re_l_hu_3,re_l_hu_3_2023-10-16_0001.JPG,time_lapse_134,2023-10-14T23:00:00Z,2023-10-18T11:00:00Z,media,animal,,Cricetidae,,,,,,,,,,,,,machine,Small_mammal_classification_model_version_2025,,,,
re_l_hu_3_2023-11-10_0001_1,re_l_hu_3,re_l_hu_3_2023-11-10_0001.JPG,time_lapse_184,2023-11-08T23:00:00Z,2023-11-12T11:00:00Z,media,animal,,,,,,,,,,,,,,,machine,Small_mammal_classification_model_version_2025,,,,
re_l_hu_3_2023-12-10_0002_1,re_l_hu_3,re_l_hu_3_2023-12-10_0002.JPG,time_lapse_245,2023-12-09T11:00:00Z,2023-12-12T23:00:00Z,media,animal,,Cricetidae,,,,,,,,,,,,,machine,Small_mammal_classification_model_version_2025,,,,
re_l_hu_3_2023-12-16_0002_1,re_l_hu_3,re_l_hu_3_2023-12-16_0002.JPG,time_lapse_257,2023-12-15T11:00:00Z,2023-12-18T23:00:00Z,media,animal,,Sorex spp.,,,,,,,,,,,,,machine,Small_mammal_classification_model_version_2025,,,,
re_l_hu_3_2024-01-01_0001_1,re_l_hu_3,re_l_hu_3_2024-01-01_0001.JPG,time_lapse_288,2023-12-30T23:00:00Z,2024-01-03T11:00:00Z,media,animal,,,,,,,,,,,,,,,machine,Small_mammal_classification_model_version_2025,,,,
re_l_hu_3_2024-02-08_0001_1,re_l_hu_3,re_l_hu_3_2024-02-08_0001.JPG,time_lapse_364,2024-02-06T23:00:00Z,2024-02-10T11:00:00Z,media,animal,,Aves,,,,,,,,,,,,,machine,Small_mammal_classification_model_version_2025,,,,
re_l_hu_3_2024-02-17_0002_1,re_l_hu_3,re_l_hu_3_2024-02-17_0002.JPG,time_lapse_383,2024-02-16T11:00:00Z,2024-02-19T23:00:00Z,media,animal,,Mustela erminea,,,,,,,,,,,,,machine,Small_mammal_classification_model_version_2025,,,,
re_l_hu_3_2024-02-25_0002_1,re_l_hu_3,re_l_hu_3_2024-02-25_0002.JPG,time_lapse_399,2024-02-24T11:00:00Z,2024-02-27T23:00:00Z,media,animal,,Mustela erminea,,,,,,,,,,,,,machine,Small_mammal_classification_model_version_2025,,,,
re_l_hu_3_2024-03-03_0002_1,re_l_hu_3,re_l_hu_3_2024-03-03_0002.JPG,time_lapse_413,2024-03-02T11:00:00Z,2024-03-05T23:00:00Z,media,animal,,Cricetidae,,,,,,,,,,,,,machine,Small_mammal_classification_model_version_2025,,,,
re_l_hu_3_2024-03-20_0002_1,re_l_hu_3,re_l_hu_3_2024-03-20_0002.JPG,time_lapse_447,2024-03-19T11:00:00Z,2024-03-22T23:00:00Z,media,animal,,Mustela erminea,,,,,,,,,,,,,machine,Small_mammal_classification_model_version_2025,,,,
re_l_hu_3_2024-05-03_0004_1,re_l_hu_3,re_l_hu_3_2024-05-03_0004.JPG,motion_sensor_32,2023-08-11T22:31:44Z,2024-08-08T00:48:04Z,media,animal,,Cricetidae,,,,,,,,,,,,,machine,Small_mammal_classification_model_version_2025,,0.999283373355865,,
re_l_hu_3_2024-05-13_0015_1,re_l_hu_3,re_l_hu_3_2024-05-13_0015.JPG,motion_sensor_79,2023-08-13T01:49:36Z,2024-08-16T13:02:30Z,media,animal,,Mustela nivalis,,,,,,,,,,,,,machine,Small_mammal_classification_model_version_2025,,,,
re_l_hu_3_2024-05-19_0007_1,re_l_hu_3,re_l_hu_3_2024-05-19_0007.JPG,motion_sensor_123,2023-08-13T19:43:46Z,2024-07-30T05:16:35Z,media,animal,,Aves,,,,,,,,,,,,,machine,Small_mammal_classification_model_version_2025,,,,
re_l_hu_3_2024-05-26_0001_1,re_l_hu_3,re_l_hu_3_2024-05-26_0001.JPG,time_lapse_580,2024-05-24T23:00:00Z,2024-05-28T11:00:00Z,media,animal,,Mustela erminea,,,,,,,,,,,,,machine,Small_mammal_classification_model_version_2025,,,,
re_l_hu_3_2024-05-29_0025_1,re_l_hu_3,re_l_hu_3_2024-05-29_0025.JPG,motion_sensor_170,2023-08-19T08:57:32Z,2024-08-15T22:58:28Z,media,animal,,Mustela nivalis,,,,,,,,,,,,,machine,Small_mammal_classification_model_version_2025,,,,
re_l_hu_3_2024-05-29_0034_1,re_l_hu_3,re_l_hu_3_2024-05-29_0034.JPG,motion_sensor_174,2023-08-19T16:56:37Z,2024-08-16T08:31:10Z,media,animal,,,,,,,,,,,,,,,human,hb,,,,quality_check_classes
re_l_hu_3_2024-05-30_0026_1,re_l_hu_3,re_l_hu_3_2024-05-30_0026.JPG,motion_sensor_212,2023-08-23T09:08:28Z,2024-08-05T07:12:05Z,media,unknown,,,,,,,,,,,,,,,machine,Small_mammal_classification_model_version_2025,,,,
re_l_hu_3_2024-05-30_0047_1,re_l_hu_3,re_l_hu_3_2024-05-30_0047.JPG,motion_sensor_223,2023-08-23T16:09:27Z,2024-08-09T20:36:59Z,media,blank,,,,,,,,,,,,,,,machine,Small_mammal_classification_model_version_2025,,,,
re_l_hu_3_2024-05-30_0053_1,re_l_hu_3,re_l_hu_3_2024-05-30_0053.JPG,motion_sensor_226,2023-08-24T02:45:25Z,2024-08-10T08:48:42Z,media,blank,,,,,,,,,,,,,,,machine,Small_mammal_classification_model_version_2025,,,,
re_l_hu_3_2024-05-31_0004_1,re_l_hu_3,re_l_hu_3_2024-05-31_0004.JPG,time_lapse_591,2024-05-30T11:00:00Z,2024-06-02T23:00:00Z,media,animal,,Aves,,,,,,,,,,,,,machine,Small_mammal_classification_model_version_2025,,,,
re_l_hu_3_2024-06-02_0002_1,re_l_hu_3,re_l_hu_3_2024-06-02_0002.JPG,time_lapse_595,2024-06-01T11:00:00Z,2024-06-04T23:00:00Z,media,animal,,,,,,,,,,,,,,,machine,Small_mammal_classification_model_version_2025,,,,
re_l_hu_3_2024-07-08_0001_1,re_l_hu_3,re_l_hu_3_2024-07-08_0001.JPG,time_lapse_666,2024-07-06T23:00:00Z,2024-07-10T11:00:00Z,media,animal,,Lemmus lemmus,,,,,,,,,,,,,machine,Small_mammal_classification_model_version_2025,,,,
re_l_hu_3_2024-07-20_0001_1,re_l_hu_3,re_l_hu_3_2024-07-20_0001.JPG,time_lapse_690,2024-07-18T23:00:00Z,2024-07-22T11:00:00Z,media,animal,,Aves,,,,,,,,,,,,,machine,Small_mammal_classification_model_version_2025,,,,
re_l_hu_4_2023-08-21_0004_1,re_l_hu_4,re_l_hu_4_2023-08-21_0004.JPG,motion_sensor_9,2023-08-10T18:03:17Z,2024-07-22T19:24:31Z,media,animal,,Mustela erminea,,,,,,,,,,,,,machine,Small_mammal_classification_model_version_2025,,,,
re_l_hu_4_2023-08-22_0001_1,re_l_hu_4,re_l_hu_4_2023-08-22_0001.JPG,time_lapse_23,2023-08-20T11:00:00Z,2023-08-23T23:00:00Z,media,animal,,,,,,,,,,,,,,,machine,Small_mammal_classification_model_version_2025,,,,
re_l_hu_4_2023-08-23_0002_1,re_l_hu_4,re_l_hu_4_2023-08-23_0002.JPG,time_lapse_26,2023-08-21T23:00:00Z,2023-08-25T11:00:00Z,media,animal,,,,,,,,,,,,,,,machine,Small_mammal_classification_model_version_2025,,,,
re_l_hu_4_2023-08-26_0007_1,re_l_hu_4,re_l_hu_4_2023-08-26_0007.JPG,motion_sensor_17,2023-08-11T10:40:57Z,2024-08-06T08:04:54Z,media,animal,,Lemmus lemmus,,,,,,,,,,,,,machine,Small_mammal_classification_model_version_2025,,,,
re_l_hu_4_2023-08-26_0008_1,re_l_hu_4,re_l_hu_4_2023-08-26_0008.JPG,time_lapse_32,2023-08-24T23:00:00Z,2023-08-28T11:00:00Z,media,animal,,Mustela nivalis,,,,,,,,,,,,,machine,Small_mammal_classification_model_version_2025,,,,
re_l_hu_4_2023-08-30_0010_1,re_l_hu_4,re_l_hu_4_2023-08-30_0010.JPG,motion_sensor_24,2023-08-11T20:40:41Z,2024-07-03T14:35:42Z,media,animal,,Lemmus lemmus,,,,,,,,,,,,,machine,Small_mammal_classification_model_version_2025,,,,
re_l_hu_4_2023-09-19_0001_1,re_l_hu_4,re_l_hu_4_2023-09-19_0001.JPG,time_lapse_79,2023-09-17T11:00:00Z,2023-09-20T23:00:00Z,media,animal,,Aves,,,,,,,,,,,,,machine,Small_mammal_classification_model_version_2025,,,,
re_l_hu_4_2023-09-21_0005_1,re_l_hu_4,re_l_hu_4_2023-09-21_0005.JPG,motion_sensor_58,2023-08-12T14:38:07Z,2024-08-08T14:51:48Z,media,animal,,Cricetidae,,,,,,,,,,,,,machine,Small_mammal_classification_model_version_2025,,,,
re_l_hu_4_2023-09-27_0003_1,re_l_hu_4,re_l_hu_4_2023-09-27_0003.JPG,motion_sensor_93,2023-08-13T05:52:50Z,2024-07-23T23:03:13Z,media,animal,,Mustela nivalis,,,,,,,,,,,,,machine,Small_mammal_classification_model_version_2025,,,,
re_l_hu_4_2023-10-13_0015_1,re_l_hu_4,re_l_hu_4_2023-10-13_0015.JPG,motion_sensor_145,2023-08-14T13:55:40Z,2024-08-01T00:17:07Z,media,unknown,,,,,,,,,,,,,,,machine,Small_mammal_classification_model_version_2025,,,,
re_l_hu_4_2023-10-30_0001_1,re_l_hu_4,re_l_hu_4_2023-10-30_0001.JPG,time_lapse_161,2023-10-28T11:00:00Z,2023-10-31T23:00:00Z,media,blank,,,,,,,,,,,,,,,machine,Small_mammal_classification_model_version_2025,,0.999992370605469,,
re_l_hu_4_2023-11-05_0020_1,re_l_hu_4,re_l_hu_4_2023-11-05_0020.JPG,motion_sensor_164,2023-08-18T09:04:11Z,2024-08-15T22:48:55Z,media,blank,,,,,,,,,,,,,,,machine,Small_mammal_classification_model_version_2025,,,,
re_l_hu_4_2023-11-10_0001_1,re_l_hu_4,re_l_hu_4_2023-11-10_0001.JPG,time_lapse_183,2023-11-08T11:00:00Z,2023-11-11T23:00:00Z,media,animal,,Sorex spp.,,,,,,,,,,,,,machine,Small_mammal_classification_model_version_2025,,,,
re_l_hu_4_2023-11-29_0001_1,re_l_hu_4,re_l_hu_4_2023-11-29_0001.JPG,time_lapse_221,2023-11-27T11:00:00Z,2023-11-30T23:00:00Z,media,animal,,,,,,,,,,,,,,,machine,Small_mammal_classification_model_version_2025,,,,
re_l_hu_4_2023-12-01_0003_1,re_l_hu_4,re_l_hu_4_2023-12-01_0003.JPG,motion_sensor_194,2023-08-21T11:30:58Z,2024-08-14T12:09:47Z,media,animal,,Mustela erminea,,,,,,,,,,,,,machine,Small_mammal_classification_model_version_2025,,,,
re_l_hu_4_2024-03-24_0001_1,re_l_hu_4,re_l_hu_4_2024-03-24_0001.JPG,time_lapse_453,2024-03-22T11:00:00Z,2024-03-25T23:00:00Z,media,animal,,Cricetidae,,,,,,,,,,,,,machine,Small_mammal_classification_model_version_2025,,,,
re_l_hu_4_2024-03-28_0001_1,re_l_hu_4,re_l_hu_4_2024-03-28_0001.JPG,time_lapse_461,2024-03-26T11:00:00Z,2024-03-29T23:00:00Z,media,animal,,,,,,,,,,,,,,,machine,Small_mammal_classification_model_version_2025,,,,
re_l_hu_4_2024-04-10_0002_1,re_l_hu_4,re_l_hu_4_2024-04-10_0002.JPG,time_lapse_488,2024-04-08T23:00:00Z,2024-04-12T11:00:00Z,media,animal,,Mustela nivalis,,,,,,,,,,,,,machine,Small_mammal_classification_model_version_2025,,,,
re_l_hu_4_2024-05-30_0001_1,re_l_hu_4,re_l_hu_4_2024-05-30_0001.JPG,time_lapse_587,2024-05-28T11:00:00Z,2024-05-31T23:00:00Z,media,animal,,Sorex spp.,,,,,,,,,,,,,machine,Small_mammal_classification_model_version_2025,,,,
re_l_hu_4_2024-06-05_0004_1,re_l_hu_4,re_l_hu_4_2024-06-05_0004.JPG,motion_sensor_208,2023-08-23T09:01:44Z,2024-08-04T18:22:57Z,media,blank,,,,,,,,,,,,,,,machine,Small_mammal_classification_model_version_2025,,,,
re_l_hu_4_2024-06-06_0015_1,re_l_hu_4,re_l_hu_4_2024-06-06_0015.JPG,motion_sensor_219,2023-08-23T15:22:04Z,2024-08-05T16:13:48Z,media,animal,,Sorex spp.,,,,,,,,,,,,,machine,Small_mammal_classification_model_version_2025,,,,
re_l_hu_4_2024-06-07_0028_1,re_l_hu_4,re_l_hu_4_2024-06-07_0028.JPG,motion_sensor_243,2023-08-25T08:47:05Z,2024-08-13T10:36:30Z,media,blank,,,,,,,,,,,,,,,machine,Small_mammal_classification_model_version_2025,,,,
re_l_hu_4_2024-06-07_0030_1,re_l_hu_4,re_l_hu_4_2024-06-07_0030.JPG,motion_sensor_244,2023-08-25T12:33:05Z,2024-08-13T10:38:18Z,media,animal,,Mustela erminea,,,,,,,,,,,,,machine,Small_mammal_classification_model_version_2025,,,,
re_l_hu_4_2024-06-12_0002_1,re_l_hu_4,re_l_hu_4_2024-06-12_0002.JPG,motion_sensor_281,2023-08-28T08:52:58Z,2024-08-09T17:53:32Z,media,animal,,Lemmus lemmus,,,,,,,,,,,,,machine,Small_mammal_classification_model_version_2025,,1,,
re_l_hu_4_2024-06-12_0031_1,re_l_hu_4,re_l_hu_4_2024-06-12_0031.JPG,motion_sensor_295,2023-08-30T05:24:24Z,2024-08-13T18:46:18Z,media,animal,,Aves,,,,,,,,,,,,,machine,Small_mammal_classification_model_version_2025,,,,
re_l_hu_4_2024-06-13_0002_1,re_l_hu_4,re_l_hu_4_2024-06-13_0002.JPG,motion_sensor_304,2023-08-30T23:42:42Z,2024-08-14T09:54:37Z,media,unknown,,,,,,,,,,,,,,,machine,Small_mammal_classification_model_version_2025,,,,
re_l_hu_4_2024-06-13_0045_1,re_l_hu_4,re_l_hu_4_2024-06-13_0045.JPG,motion_sensor_325,2023-09-02T10:42:21Z,2024-08-05T06:27:07Z,media,animal,,Sorex spp.,,,,,,,,,,,,,machine,Small_mammal_classification_model_version_2025,,,,
re_l_hu_4_2024-06-28_0012_1,re_l_hu_4,re_l_hu_4_2024-06-28_0012.JPG,time_lapse_646,2024-06-26T23:00:00Z,2024-06-30T11:00:00Z,media,animal,,,,,,,,,,,,,,,machine,Small_mammal_classification_model_version_2025,,,,
re_l_hu_4_2024-07-05_0004_1,re_l_hu_4,re_l_hu_4_2024-07-05_0004.JPG,time_lapse_660,2024-07-03T23:00:00Z,2024-07-07T11:00:00Z,media,animal,,Mustela nivalis,,,,,,,,,,,,,machine,Small_mammal_classification_model_version_2025,,,,
re_l_hu_4_2024-07-07_0001_1,re_l_hu_4,re_l_hu_4_2024-07-07_0001.JPG,time_lapse_663,2024-07-05T11:00:00Z,2024-07-08T23:00:00Z,media,animal,,Cricetidae,,,,,,,,,,,,,machine,Small_mammal_classification_model_version_2025,,,,
re_l_hu_4_2024-07-11_0004_1,re_l_hu_4,re_l_hu_4_2024-07-11_0004.JPG,time_lapse_672,2024-07-09T23:00:00Z,2024-07-13T11:00:00Z,media,animal,,Sorex spp.,,,,,,,,,,,,,machine,Small_mammal_classification_model_version_2025,,,,
re_l_hu_4_2024-07-30_0001_1,re_l_hu_4,re_l_hu_4_2024-07-30_0001.JPG,time_lapse_709,2024-07-28T11:00:00Z,2024-07-31T23:00:00Z,media,animal,,Sorex spp.,,,,,,,,,,,,,machine,Small_mammal_classification_model_version_2025,,,,
re_l_hu_4_2024-08-04_0002_1,re_l_hu_4,re_l_hu_4_2024-08-04_0002.JPG,motion_sensor_424,2023-09-09T02:50:47Z,2024-08-15T11:45:50Z,media,animal,,,,,,,,,,,,,,,machine,Small_mammal_classification_model_version_2025,,,,
re_l_hu_5_2023-08-15_0006_1,re_l_hu_5,re_l_hu_5_2023-08-15_0006.JPG,motion_sensor_3,2023-08-10T08:30:06Z,2023-10-03T02:21:29Z,media,animal,,Mustela nivalis,,,,,,,,,,,,,machine,Small_mammal_classification_model_version_2025,,,,
re_l_hu_5_2023-08-20_0002_1,re_l_hu_5,re_l_hu_5_2023-08-20_0002.JPG,time_lapse_20,2023-08-18T23:00:00Z,2023-08-22T11:00:00Z,media,animal,,Mustela nivalis,,,,,,,,,,,,,machine,Small_mammal_classification_model_version_2025,,,,
re_l_hu_5_2023-08-31_0023_1,re_l_hu_5,re_l_hu_5_2023-08-31_0023.JPG,motion_sensor_44,2023-08-12T11:54:02Z,2024-07-29T14:11:41Z,media,animal,,Lemmus lemmus,,,,,,,,,,,,,machine,Small_mammal_classification_model_version_2025,,,,
re_l_hu_5_2023-09-17_0018_1,re_l_hu_5,re_l_hu_5_2023-09-17_0018.JPG,motion_sensor_112,2023-08-13T14:49:19Z,2024-07-26T04:40:44Z,media,blank,,,,,,,,,,,,,,,machine,Small_mammal_classification_model_version_2025,,0.915107846260071,,
re_l_hu_5_2023-09-18_0058_1,re_l_hu_5,re_l_hu_5_2023-09-18_0058.JPG,motion_sensor_145,2023-08-14T13:55:40Z,2024-08-01T00:17:07Z,media,unknown,,,,,,,,,,,,,,,human,efk,,,,confidence_below_09
re_l_hu_5_2023-09-23_0009_1,re_l_hu_5,re_l_hu_5_2023-09-23_0009.JPG,motion_sensor_175,2023-08-19T16:57:40Z,2024-08-16T08:55:28Z,media,animal,,Mustela erminea,,,,,,,,,,,,,machine,Small_mammal_classification_model_version_2025,,,,
re_l_hu_5_2023-09-30_0011_1,re_l_hu_5,re_l_hu_5_2023-09-30_0011.JPG,motion_sensor_216,2023-08-23T12:03:46Z,2024-08-05T14:15:26Z,media,blank,,,,,,,,,,,,,,,human,efk,,0.899086177349091,,confidence_below_09
re_l_hu_5_2023-10-01_0001_1,re_l_hu_5,re_l_hu_5_2023-10-01_0001.JPG,time_lapse_103,2023-09-29T11:00:00Z,2023-10-02T23:00:00Z,media,animal,,Aves,,,,,,,,,,,,,machine,Small_mammal_classification_model_version_2025,,,,
re_l_hu_5_2023-10-01_0004_1,re_l_hu_5,re_l_hu_5_2023-10-01_0004.JPG,motion_sensor_218,2023-08-23T15:02:06Z,2024-08-05T16:04:51Z,media,animal,,Cricetidae,,,,,,,,,,,,,machine,Small_mammal_classification_model_version_2025,,0.995471358299255,,
re_l_hu_5_2023-10-05_0010_1,re_l_hu_5,re_l_hu_5_2023-10-05_0010.JPG,motion_sensor_264,2023-08-26T19:37:50Z,2024-08-06T09:16:45Z,media,animal,,Aves,,,,,,,,,,,,,machine,Small_mammal_classification_model_version_2025,,,,
re_l_hu_5_2023-10-06_0014_1,re_l_hu_5,re_l_hu_5_2023-10-06_0014.JPG,motion_sensor_271,2023-08-27T06:02:06Z,2024-08-07T05:48:50Z,media,animal,,Aves,,,,,,,,,,,,,machine,Small_mammal_classification_model_version_2025,,,,
re_l_hu_5_2023-10-09_0001_1,re_l_hu_5,re_l_hu_5_2023-10-09_0001.JPG,time_lapse_119,2023-10-07T11:00:00Z,2023-10-10T23:00:00Z,media,animal,,,,,,,,,,,,,,,machine,Small_mammal_classification_model_version_2025,,,,
re_l_hu_5_2023-10-14_0011_1,re_l_hu_5,re_l_hu_5_2023-10-14_0011.JPG,motion_sensor_317,2023-09-01T12:40:33Z,2024-08-04T22:13:26Z,media,blank,,,,,,,,,,,,,,,machine,Small_mammal_classification_model_version_2025,,,,
re_l_hu_5_2023-10-15_0031_1,re_l_hu_5,re_l_hu_5_2023-10-15_0031.JPG,motion_sensor_347,2023-09-04T08:23:33Z,2024-08-06T11:11:36Z,media,animal,,Aves,,,,,,,,,,,,,machine,Small_mammal_classification_model_version_2025,,,,
re_l_hu_5_2023-10-19_0009_1,re_l_hu_5,re_l_hu_5_2023-10-19_0009.JPG,motion_sensor_379,2023-09-05T17:27:19Z,2024-08-09T21:50:56Z,media,blank,,,,,,,,,,,,,,,machine,Small_mammal_classification_model_version_2025,,0.931693732738495,,
re_l_hu_5_2023-10-20_0010_1,re_l_hu_5,re_l_hu_5_2023-10-20_0010.JPG,time_lapse_142,2023-10-18T23:00:00Z,2023-10-22T11:00:00Z,media,blank,,,,,,,,,,,,,,,machine,Small_mammal_classification_model_version_2025,,0.999962568283081,,
re_l_hu_5_2023-10-25_0009_1,re_l_hu_5,re_l_hu_5_2023-10-25_0009.JPG,motion_sensor_427,2023-09-09T10:30:07Z,2024-08-15T18:27:24Z,media,animal,,Lemmus lemmus,,,,,,,,,,,,,machine,Small_mammal_classification_model_version_2025,,,,
re_l_hu_5_2023-11-06_0007_1,re_l_hu_5,re_l_hu_5_2023-11-06_0007.JPG,motion_sensor_467,2023-09-11T14:54:30Z,2024-08-13T08:11:46Z,media,animal,,Mustela nivalis,,,,,,,,,,,,,machine,Small_mammal_classification_model_version_2025,,,,
re_l_hu_5_2023-11-09_0001_1,re_l_hu_5,re_l_hu_5_2023-11-09_0001.JPG,time_lapse_181,2023-11-07T11:00:00Z,2023-11-10T23:00:00Z,media,animal,,Cricetidae,,,,,,,,,,,,,machine,Small_mammal_classification_model_version_2025,,,,
re_l_hu_5_2023-11-13_0005_1,re_l_hu_5,re_l_hu_5_2023-11-13_0005.JPG,motion_sensor_476,2023-09-12T06:18:36Z,2024-08-13T13:27:32Z,media,unknown,,,,,,,,,,,,,,,machine,Small_mammal_classification_model_version_2025,,,,
re_l_hu_5_2023-12-19_0008_1,re_l_hu_5,re_l_hu_5_2023-12-19_0008.JPG,motion_sensor_618,2023-09-22T12:17:49Z,2024-07-27T05:26:02Z,media,animal,,Lemmus lemmus,,,,,,,,,,,,,machine,Small_mammal_classification_model_version_2025,,,,
re_l_hu_5_2023-12-27_0005_1,re_l_hu_5,re_l_hu_5_2023-12-27_0005.JPG,motion_sensor_630,2023-09-22T19:29:35Z,2024-07-27T11:11:43Z,media,animal,,Aves,,,,,,,,,,,,,machine,Small_mammal_classification_model_version_2025,,,,
re_l_hu_5_2024-01-18_0001_1,re_l_hu_5,re_l_hu_5_2024-01-18_0001.JPG,time_lapse_321,2024-01-16T11:00:00Z,2024-01-19T23:00:00Z,media,animal,,Mustela nivalis,,,,,,,,,,,,,machine,Small_mammal_classification_model_version_2025,,,,
re_l_hu_5_2024-02-08_0001_1,re_l_hu_5,re_l_hu_5_2024-02-08_0001.JPG,time_lapse_363,2024-02-06T11:00:00Z,2024-02-09T23:00:00Z,media,blank,,,,,,,,,,,,,,,machine,Small_mammal_classification_model_version_2025,,0.999983072280884,,
re_l_hu_5_2024-04-01_0001_1,re_l_hu_5,re_l_hu_5_2024-04-01_0001.JPG,time_lapse_469,2024-03-30T11:00:00Z,2024-04-02T23:00:00Z,media,blank,,,,,,,,,,,,,,,machine,Small_mammal_classification_model_version_2025,,0.999984502792358,,
re_l_hu_5_2024-04-06_0001_1,re_l_hu_5,re_l_hu_5_2024-04-06_0001.JPG,time_lapse_479,2024-04-04T11:00:00Z,2024-04-07T23:00:00Z,media,animal,,Mustela erminea,,,,,,,,,,,,,machine,Small_mammal_classification_model_version_2025,,,,
re_l_hu_5_2024-04-14_0003_1,re_l_hu_5,re_l_hu_5_2024-04-14_0003.JPG,motion_sensor_756,2023-10-03T13:01:46Z,2024-08-06T09:26:25Z,media,animal,,Sorex spp.,,,,,,,,,,,,,machine,Small_mammal_classification_model_version_2025,,,,
re_l_hu_5_2024-04-15_0029_1,re_l_hu_5,re_l_hu_5_2024-04-15_0029.JPG,motion_sensor_788,2023-10-10T13:02:16Z,2024-08-07T00:03:31Z,media,animal,,Mustela erminea,,,,,,,,,,,,,machine,Small_mammal_classification_model_version_2025,,,,
re_l_hu_5_2024-04-17_0004_1,re_l_hu_5,re_l_hu_5_2024-04-17_0004.JPG,motion_sensor_802,2023-10-13T10:58:03Z,2024-08-07T11:39:06Z,media,animal,,,,,,,,,,,,,,,human,efk,,,,confidence_below_09
re_l_hu_5_2024-04-18_0010_1,re_l_hu_5,re_l_hu_5_2024-04-18_0010.JPG,motion_sensor_813,2023-10-13T22:01:55Z,2024-08-07T14:30:59Z,media,blank,,,,,,,,,,,,,,,machine,Small_mammal_classification_model_version_2025,,,,
re_l_hu_5_2024-04-23_0008_1,re_l_hu_5,re_l_hu_5_2024-04-23_0008.JPG,time_lapse_514,2024-04-21T23:00:00Z,2024-04-25T11:00:00Z,media,blank,,,,,,,,,,,,,,,machine,Small_mammal_classification_model_version_2025,,0.999961256980896,,
re_l_hu_5_2024-04-23_0013_1,re_l_hu_5,re_l_hu_5_2024-04-23_0013.JPG,motion_sensor_845,2023-10-19T09:11:14Z,2024-08-08T06:49:37Z,media,animal,,Mustela erminea,,,,,,,,,,,,,machine,Small_mammal_classification_model_version_2025,,,,
re_l_hu_5_2024-04-23_0015_1,re_l_hu_5,re_l_hu_5_2024-04-23_0015.JPG,motion_sensor_846,2023-10-19T09:43:11Z,2024-08-08T06:50:58Z,media,animal,,Mustela erminea,,,,,,,,,,,,,machine,Small_mammal_classification_model_version_2025,,,,
re_l_hu_5_2024-04-28_0020_1,re_l_hu_5,re_l_hu_5_2024-04-28_0020.JPG,motion_sensor_897,2023-10-26T15:24:25Z,2024-08-10T15:59:57Z,media,blank,,,,,,,,,,,,,,,machine,Small_mammal_classification_model_version_2025,,,,
re_l_hu_5_2024-05-08_0004_1,re_l_hu_5,re_l_hu_5_2024-05-08_0004.JPG,motion_sensor_936,2023-11-01T02:20:39Z,2024-08-13T09:57:48Z,media,unknown,,,,,,,,,,,,,,,machine,Small_mammal_classification_model_version_2025,,,,
re_l_hu_5_2024-05-14_0065_1,re_l_hu_5,re_l_hu_5_2024-05-14_0065.JPG,motion_sensor_974,2023-11-06T08:26:29Z,2024-08-15T01:19:53Z,media,animal,,Aves,,,,,,,,,,,,,machine,Small_mammal_classification_model_version_2025,,,,
re_l_hu_5_2024-05-15_0010_1,re_l_hu_5,re_l_hu_5_2024-05-15_0010.JPG,motion_sensor_980,2023-11-07T04:42:55Z,2024-08-15T09:42:39Z,media,animal,,Sorex spp.,,,,,,,,,,,,,machine,Small_mammal_classification_model_version_2025,,,,
re_l_hu_5_2024-05-15_0013_1,re_l_hu_5,re_l_hu_5_2024-05-15_0013.JPG,motion_sensor_981,2023-11-07T06:49:13Z,2024-08-15T10:00:08Z,media,animal,,Aves,,,,,,,,,,,,,machine,Small_mammal_classification_model_version_2025,,,,
re_l_hu_5_2024-05-19_0011_1,re_l_hu_5,re_l_hu_5_2024-05-19_0011.JPG,motion_sensor_1009,2023-11-11T16:43:24Z,2024-08-12T11:40:04Z,media,animal,,Sorex spp.,,,,,,,,,,,,,machine,Small_mammal_classification_model_version_2025,,,,
re_l_hu_5_2024-05-27_0038_1,re_l_hu_5,re_l_hu_5_2024-05-27_0038.JPG,motion_sensor_1091,2023-11-29T12:14:39Z,2024-08-08T19:38:45Z,media,blank,,,,,,,,,,,,,,,machine,Small_mammal_classification_model_version_2025,,0.987600684165955,,
re_l_hu_5_2024-05-28_0021_1,re_l_hu_5,re_l_hu_5_2024-05-28_0021.JPG,motion_sensor_1111,2023-12-02T19:37:43Z,2024-07-29T23:59:54Z,media,animal,,Aves,,,,,,,,,,,,,machine,Small_mammal_classification_model_version_2025,,,,
re_l_hu_5_2024-05-29_0002_1,re_l_hu_5,re_l_hu_5_2024-05-29_0002.JPG,motion_sensor_1117,2023-12-04T19:53:29Z,2024-07-30T10:13:37Z,media,animal,,Cricetidae,,,,,,,,,,,,,machine,Small_mammal_classification_model_version_2025,,,,
re_l_hu_5_2024-05-29_0030_1,re_l_hu_5,re_l_hu_5_2024-05-29_0030.JPG,motion_sensor_1130,2023-12-06T18:42:44Z,2024-08-02T10:46:56Z,media,animal,,,,,,,,,,,,,,,machine,Small_mammal_classification_model_version_2025,,,,
re_l_hu_5_2024-05-31_0008_1,re_l_hu_5,re_l_hu_5_2024-05-31_0008.JPG,motion_sensor_1142,2023-12-09T12:51:31Z,2024-08-06T22:42:43Z,media,animal,,Aves,,,,,,,,,,,,,machine,Small_mammal_classification_model_version_2025,,,,
re_l_hu_5_2024-06-17_0003_1,re_l_hu_5,re_l_hu_5_2024-06-17_0003.JPG,motion_sensor_1182,2023-12-17T03:13:29Z,2024-07-31T19:25:07Z,media,animal,,Mustela erminea,,,,,,,,,,,,,machine,Small_mammal_classification_model_version_2025,,,,
re_l_hu_5_2024-06-24_0002_1,re_l_hu_5,re_l_hu_5_2024-06-24_0002.JPG,time_lapse_638,2024-06-22T23:00:00Z,2024-06-26T11:00:00Z,media,animal,,,,,,,,,,,,,,,machine,Small_mammal_classification_model_version_2025,,,,
re_l_hu_5_2024-06-30_0028_1,re_l_hu_5,re_l_hu_5_2024-06-30_0028.JPG,motion_sensor_1233,2023-12-21T10:39:03Z,2024-08-10T16:43:22Z,media,animal,,Sorex spp.,,,,,,,,,,,,,machine,Small_mammal_classification_model_version_2025,,,,
re_l_hu_5_2024-07-06_0002_1,re_l_hu_5,re_l_hu_5_2024-07-06_0002.JPG,motion_sensor_1261,2023-12-25T20:54:35Z,2024-08-14T20:25:17Z,media,animal,,Aves,,,,,,,,,,,,,machine,Small_mammal_classification_model_version_2025,,,,
re_l_hu_5_2024-07-20_0001_1,re_l_hu_5,re_l_hu_5_2024-07-20_0001.JPG,time_lapse_689,2024-07-18T11:00:00Z,2024-07-21T23:00:00Z,media,animal,,Aves,,,,,,,,,,,,,machine,Small_mammal_classification_model_version_2025,,,,
re_l_hu_5_2024-07-21_0011_1,re_l_hu_5,re_l_hu_5_2024-07-21_0011.JPG,motion_sensor_1306,2024-01-02T06:39:55Z,2024-07-21T13:10:19Z,media,unknown,,,,,,,,,,,,,,,machine,Small_mammal_classification_model_version_2025,,,,
re_l_hu_5_2024-08-02_0006_1,re_l_hu_5,re_l_hu_5_2024-08-02_0006.JPG,motion_sensor_1368,2024-01-11T11:12:08Z,2024-08-02T08:00:26Z,media,animal,,Mustela erminea,,,,,,,,,,,,,machine,Small_mammal_classification_model_version_2025,,,,
re_l_hu_5_2024-08-04_0001_1,re_l_hu_5,re_l_hu_5_2024-08-04_0001.JPG,time_lapse_719,2024-08-02T11:00:00Z,2024-08-05T23:00:00Z,media,animal,,,,,,,,,,,,,,,machine,Small_mammal_classification_model_version_2025,,,,
re_l_hu_5_2024-08-07_0002_1,re_l_hu_5,re_l_hu_5_2024-08-07_0002.JPG,motion_sensor_1372,2024-01-12T01:43:47Z,2024-08-07T00:25:40Z,media,blank,,,,,,,,,,,,,,,machine,Small_mammal_classification_model_version_2025,,0.981552958488464,,
re_l_hu_6_2023-09-05_0006_1,re_l_hu_6,re_l_hu_6_2023-09-05_0006.JPG,time_lapse_52,2023-09-03T23:00:00Z,2023-09-07T11:00:00Z,media,animal,,,,,,,,,,,,,,,machine,Small_mammal_classification_model_version_2025,,,,
re_l_hu_6_2023-09-08_0007_1,re_l_hu_6,re_l_hu_6_2023-09-08_0007.JPG,motion_sensor_64,2023-08-12T16:54:48Z,2024-08-11T01:34:49Z,media,animal,,Lemmus lemmus,,,,,,,,,,,,,machine,Small_mammal_classification_model_version_2025,,,,
re_l_hu_6_2023-09-19_0023_1,re_l_hu_6,re_l_hu_6_2023-09-19_0023.JPG,motion_sensor_144,2023-08-14T13:52:44Z,2024-08-01T00:06:42Z,media,animal,,,,,,,,,,,,,,,machine,Small_mammal_classification_model_version_2025,,,,
re_l_hu_6_2023-09-26_0003_1,re_l_hu_6,re_l_hu_6_2023-09-26_0003.JPG,motion_sensor_177,2023-08-20T05:21:29Z,2024-08-16T09:22:10Z,media,animal,,Cricetidae,,,,,,,,,,,,,machine,Small_mammal_classification_model_version_2025,,0.998905301094055,,
re_l_hu_6_2023-10-04_0018_1,re_l_hu_6,re_l_hu_6_2023-10-04_0018.JPG,motion_sensor_205,2023-08-23T06:32:32Z,2024-08-04T12:24:09Z,media,animal,,Mustela erminea,,,,,,,,,,,,,machine,Small_mammal_classification_model_version_2025,,,,
re_l_hu_6_2023-10-10_0018_1,re_l_hu_6,re_l_hu_6_2023-10-10_0018.JPG,motion_sensor_237,2023-08-24T22:14:57Z,2024-08-12T22:12:06Z,media,animal,,Cricetidae,,,,,,,,,,,,,machine,Small_mammal_classification_model_version_2025,,0.999992728233337,,
re_l_hu_6_2023-10-10_0040_1,re_l_hu_6,re_l_hu_6_2023-10-10_0040.JPG,motion_sensor_247,2023-08-25T19:48:54Z,2024-08-14T11:53:20Z,media,animal,,Mustela nivalis,,,,,,,,,,,,,machine,Small_mammal_classification_model_version_2025,,,,
re_l_hu_6_2023-10-10_0050_1,re_l_hu_6,re_l_hu_6_2023-10-10_0050.JPG,motion_sensor_252,2023-08-25T22:22:05Z,2024-08-02T18:23:10Z,media,animal,,Cricetidae,,,,,,,,,,,,,human,efk,,0.801996171474457,,confidence_below_09
re_l_hu_6_2023-10-12_0012_1,re_l_hu_6,re_l_hu_6_2023-10-12_0012.JPG,motion_sensor_262,2023-08-26T14:38:12Z,2024-08-05T08:50:24Z,media,unknown,,,,,,,,,,,,,,,machine,Small_mammal_classification_model_version_2025,,,,
re_l_hu_6_2023-10-22_0010_1,re_l_hu_6,re_l_hu_6_2023-10-22_0010.JPG,motion_sensor_367,2023-09-05T00:37:13Z,2024-08-09T20:44:03Z,media,animal,,Cricetidae,,,,,,,,,,,,,machine,Small_mammal_classification_model_version_2025,,0.999986529350281,,
re_l_hu_6_2023-10-22_0052_1,re_l_hu_6,re_l_hu_6_2023-10-22_0052.JPG,motion_sensor_387,2023-09-06T07:21:36Z,2024-08-09T23:31:35Z,media,animal,,,,,,,,,,,,,,,machine,Small_mammal_classification_model_version_2025,,,,
re_l_hu_6_2023-10-23_0006_1,re_l_hu_6,re_l_hu_6_2023-10-23_0006.JPG,motion_sensor_392,2023-09-07T03:28:01Z,2024-08-09T23:40:01Z,media,animal,,Cricetidae,,,,,,,,,,,,,machine,Small_mammal_classification_model_version_2025,,0.999980807304382,,
re_l_hu_6_2023-10-26_0033_1,re_l_hu_6,re_l_hu_6_2023-10-26_0033.JPG,motion_sensor_475,2023-09-12T03:10:13Z,2024-08-13T12:26:28Z,media,unknown,,,,,,,,,,,,,,,machine,Small_mammal_classification_model_version_2025,,,,
re_l_hu_6_2023-10-28_0013_1,re_l_hu_6,re_l_hu_6_2023-10-28_0013.JPG,motion_sensor_512,2023-09-15T05:33:30Z,2024-08-15T06:10:04Z,media,animal,,Sorex spp.,,,,,,,,,,,,,machine,Small_mammal_classification_model_version_2025,,,,
re_l_hu_6_2023-10-28_0017_1,re_l_hu_6,re_l_hu_6_2023-10-28_0017.JPG,motion_sensor_514,2023-09-15T09:25:00Z,2024-08-16T00:57:34Z,media,unknown,,,,,,,,,,,,,,,machine,Small_mammal_classification_model_version_2025,,,,
re_l_hu_6_2023-10-28_0031_1,re_l_hu_6,re_l_hu_6_2023-10-28_0031.JPG,motion_sensor_521,2023-09-15T22:10:20Z,2024-08-16T06:00:32Z,media,animal,,Lemmus lemmus,,,,,,,,,,,,,machine,Small_mammal_classification_model_version_2025,,,,
re_l_hu_6_2023-10-30_0003_1,re_l_hu_6,re_l_hu_6_2023-10-30_0003.JPG,motion_sensor_543,2023-09-18T01:18:43Z,2024-08-13T05:01:34Z,media,animal,,Aves,,,,,,,,,,,,,machine,Small_mammal_classification_model_version_2025,,,,
re_l_hu_6_2023-10-30_0014_1,re_l_hu_6,re_l_hu_6_2023-10-30_0014.JPG,motion_sensor_548,2023-09-18T09:30:03Z,2024-08-13T09:52:36Z,media,animal,,Lemmus lemmus,,,,,,,,,,,,,machine,Small_mammal_classification_model_version_2025,,,,
re_l_hu_6_2023-11-03_0042_1,re_l_hu_6,re_l_hu_6_2023-11-03_0042.JPG,motion_sensor_648,2023-09-23T04:05:24Z,2024-07-27T17:32:24Z,media,animal,,Sorex spp.,,,,,,,,,,,,,machine,Small_mammal_classification_model_version_2025,,,,
re_l_hu_6_2023-11-05_0027_1,re_l_hu_6,re_l_hu_6_2023-11-05_0027.JPG,motion_sensor_692,2023-09-26T13:11:56Z,2024-07-28T17:48:37Z,media,unknown,,,,,,,,,,,,,,,machine,Small_mammal_classification_model_version_2025,,,,
re_l_hu_6_2023-11-07_0008_1,re_l_hu_6,re_l_hu_6_2023-11-07_0008.JPG,motion_sensor_707,2023-09-28T10:08:02Z,2024-07-31T05:03:28Z,media,animal,,Cricetidae,,,,,,,,,,,,,machine,Small_mammal_classification_model_version_2025,,0.999979257583618,,
re_l_hu_6_2023-11-07_0019_1,re_l_hu_6,re_l_hu_6_2023-11-07_0019.JPG,motion_sensor_712,2023-09-28T17:01:35Z,2024-07-31T11:42:16Z,media,animal,,Mustela erminea,,,,,,,,,,,,,machine,Small_mammal_classification_model_version_2025,,,,
re_l_hu_6_2023-11-27_0002_1,re_l_hu_6,re_l_hu_6_2023-11-27_0002.JPG,time_lapse_218,2023-11-25T23:00:00Z,2023-11-29T11:00:00Z,media,animal,,Mustela erminea,,,,,,,,,,,,,machine,Small_mammal_classification_model_version_2025,,,,
re_l_hu_6_2024-01-12_0003_1,re_l_hu_6,re_l_hu_6_2024-01-12_0003.JPG,motion_sensor_797,2023-10-12T17:42:09Z,2024-08-07T09:29:50Z,media,animal,,Sorex spp.,,,,,,,,,,,,,machine,Small_mammal_classification_model_version_2025,,,,
re_l_hu_6_2024-01-13_0003_1,re_l_hu_6,re_l_hu_6_2024-01-13_0003.JPG,motion_sensor_798,2023-10-13T07:49:53Z,2024-08-07T09:34:14Z,media,animal,,Mustela erminea,,,,,,,,,,,,,machine,Small_mammal_classification_model_version_2025,,,,
re_l_hu_6_2024-02-22_0002_1,re_l_hu_6,re_l_hu_6_2024-02-22_0002.JPG,time_lapse_392,2024-02-20T23:00:00Z,2024-02-24T11:00:00Z,media,animal,,Mustela erminea,,,,,,,,,,,,,machine,Small_mammal_classification_model_version_2025,,,,
re_l_hu_6_2024-03-03_0001_1,re_l_hu_6,re_l_hu_6_2024-03-03_0001.JPG,time_lapse_411,2024-03-01T11:00:00Z,2024-03-04T23:00:00Z,media,animal,,Sorex spp.,,,,,,,,,,,,,machine,Small_mammal_classification_model_version_2025,,,,
re_l_hu_6_2024-03-27_0002_1,re_l_hu_6,re_l_hu_6_2024-03-27_0002.JPG,time_lapse_460,2024-03-25T23:00:00Z,2024-03-29T11:00:00Z,media,animal,,,,,,,,,,,,,,,machine,Small_mammal_classification_model_version_2025,,,,
re_l_hu_6_2024-04-03_0001_1,re_l_hu_6,re_l_hu_6_2024-04-03_0001.JPG,time_lapse_473,2024-04-01T11:00:00Z,2024-04-04T23:00:00Z,media,animal,,Mustela nivalis,,,,,,,,,,,,,machine,Small_mammal_classification_model_version_2025,,,,
re_l_hu_6_2024-04-12_0002_1,re_l_hu_6,re_l_hu_6_2024-04-12_0002.JPG,time_lapse_492,2024-04-10T23:00:00Z,2024-04-14T11:00:00Z,media,animal,,,,,,,,,,,,,,,machine,Small_mammal_classification_model_version_2025,,,,
re_l_hu_6_2024-04-15_0004_1,re_l_hu_6,re_l_hu_6_2024-04-15_0004.JPG,motion_sensor_856,2023-10-20T09:21:37Z,2024-08-08T13:12:34Z,media,animal,,Cricetidae,,,,,,,,,,,,,machine,Small_mammal_classification_model_version_2025,,0.999933242797852,,
re_l_hu_6_2024-05-25_0014_1,re_l_hu_6,re_l_hu_6_2024-05-25_0014.JPG,motion_sensor_913,2023-10-28T02:19:36Z,2024-08-11T16:11:04Z,media,animal,,Mustela erminea,,,,,,,,,,,,,machine,Small_mammal_classification_model_version_2025,,,,
re_l_hu_6_2024-05-27_0004_1,re_l_hu_6,re_l_hu_6_2024-05-27_0004.JPG,time_lapse_582,2024-05-25T23:00:00Z,2024-05-29T11:00:00Z,media,animal,,Aves,,,,,,,,,,,,,machine,Small_mammal_classification_model_version_2025,,,,
re_l_hu_6_2024-05-28_0002_1,re_l_hu_6,re_l_hu_6_2024-05-28_0002.JPG,motion_sensor_932,2023-10-31T08:21:06Z,2024-08-12T19:43:30Z,media,animal,,Lemmus lemmus,,,,,,,,,,,,,machine,Small_mammal_classification_model_version_2025,,,,
re_l_hu_6_2024-07-26_0020_1,re_l_hu_6,re_l_hu_6_2024-07-26_0020.JPG,motion_sensor_1080,2023-11-27T10:17:48Z,2024-08-14T13:44:22Z,media,animal,,,,,,,,,,,,,,,machine,Small_mammal_classification_model_version_2025,,,,
re_l_hu_6_2024-08-15_0009_1,re_l_hu_6,re_l_hu_6_2024-08-15_0009.JPG,motion_sensor_1156,2023-12-12T18:00:24Z,2024-08-15T01:40:25Z,media,animal,,Sorex spp.,,,,,,,,,,,,,machine,Small_mammal_classification_model_version_2025,,,,
re_l_sn_1_2023-09-22_0007_1,re_l_sn_1,re_l_sn_1_2023-09-22_0007.JPG,motion_sensor_35,2023-08-12T08:43:16Z,2024-08-09T20:42:48Z,media,animal,,Mustela erminea,,,,,,,,,,,,,machine,Small_mammal_classification_model_version_2025,,,,
re_l_sn_1_2023-09-24_0013_1,re_l_sn_1,re_l_sn_1_2023-09-24_0013.JPG,motion_sensor_47,2023-08-12T13:44:06Z,2024-07-29T14:32:35Z,media,animal,,Aves,,,,,,,,,,,,,machine,Small_mammal_classification_model_version_2025,,,,
re_l_sn_1_2023-09-26_0007_1,re_l_sn_1,re_l_sn_1_2023-09-26_0007.JPG,motion_sensor_57,2023-08-12T14:32:34Z,2024-08-08T14:34:27Z,media,unknown,,,,,,,,,,,,,,,machine,Small_mammal_classification_model_version_2025,,,,
re_l_sn_1_2023-10-25_0003_1,re_l_sn_1,re_l_sn_1_2023-10-25_0003.JPG,motion_sensor_75,2023-08-12T23:16:16Z,2024-08-15T02:09:53Z,media,animal,,Cricetidae,,,,,,,,,,,,,machine,Small_mammal_classification_model_version_2025,,,,
re_l_sn_1_2023-10-27_0002_1,re_l_sn_1,re_l_sn_1_2023-10-27_0002.JPG,time_lapse_159,2023-10-27T11:00:00Z,2023-10-30T23:00:00Z,media,animal,,,,,,,,,,,,,,,machine,Small_mammal_classification_model_version_2025,,,,
re_l_sn_1_2023-10-30_0002_1,re_l_sn_1,re_l_sn_1_2023-10-30_0002.JPG,time_lapse_165,2023-10-30T11:00:00Z,2023-11-02T23:00:00Z,media,unknown,,,,,,,,,,,,,,,machine,Small_mammal_classification_model_version_2025,,,,
re_l_sn_1_2023-11-05_0015_1,re_l_sn_1,re_l_sn_1_2023-11-05_0015.JPG,motion_sensor_90,2023-08-13T05:18:09Z,2024-07-22T22:40:12Z,media,animal,,Mustela nivalis,,,,,,,,,,,,,machine,Small_mammal_classification_model_version_2025,,,,
re_l_sn_1_2023-11-10_0001_1,re_l_sn_1,re_l_sn_1_2023-11-10_0001.JPG,time_lapse_186,2023-11-09T23:00:00Z,2023-11-13T11:00:00Z,media,animal,,Aves,,,,,,,,,,,,,machine,Small_mammal_classification_model_version_2025,,,,
re_l_sn_1_2023-11-10_0002_1,re_l_sn_1,re_l_sn_1_2023-11-10_0002.JPG,motion_sensor_109,2023-08-13T14:33:36Z,2024-07-25T21:31:49Z,media,animal,,,,,,,,,,,,,,,machine,Small_mammal_classification_model_version_2025,,,,
re_l_sn_1_2023-11-21_0006_1,re_l_sn_1,re_l_sn_1_2023-11-21_0006.JPG,motion_sensor_124,2023-08-13T19:51:48Z,2024-07-30T05:17:46Z,media,animal,,Cricetidae,,,,,,,,,,,,,machine,Small_mammal_classification_model_version_2025,,0.999683260917664,,
re_l_sn_1_2023-11-29_0001_1,re_l_sn_1,re_l_sn_1_2023-11-29_0001.JPG,time_lapse_224,2023-11-28T23:00:00Z,2023-12-02T11:00:00Z,media,animal,,Lemmus lemmus,,,,,,,,,,,,,machine,Small_mammal_classification_model_version_2025,,,,
re_l_sn_1_2023-12-11_0004_1,re_l_sn_1,re_l_sn_1_2023-12-11_0004.JPG,motion_sensor_167,2023-08-18T16:24:08Z,2024-08-15T22:54:12Z,media,animal,,Sorex spp.,,,,,,,,,,,,,machine,Small_mammal_classification_model_version_2025,,,,
re_l_sn_1_2024-01-15_0006_1,re_l_sn_1,re_l_sn_1_2024-01-15_0006.JPG,time_lapse_319,2024-01-15T11:00:00Z,2024-01-18T23:00:00Z,media,animal,,Mustela erminea,,,,,,,,,,,,,machine,Small_mammal_classification_model_version_2025,,,,
re_l_sn_1_2024-01-19_0001_1,re_l_sn_1,re_l_sn_1_2024-01-19_0001.JPG,motion_sensor_201,2023-08-23T00:02:28Z,2024-08-04T08:26:11Z,media,unknown,,,,,,,,,,,,,,,machine,Small_mammal_classification_model_version_2025,,,,
re_l_sn_1_2024-01-20_0002_1,re_l_sn_1,re_l_sn_1_2024-01-20_0002.JPG,time_lapse_329,2024-01-20T11:00:00Z,2024-01-23T23:00:00Z,media,animal,,Cricetidae,,,,,,,,,,,,,machine,Small_mammal_classification_model_version_2025,,,,
re_l_sn_1_2024-01-26_0005_1,re_l_sn_1,re_l_sn_1_2024-01-26_0005.JPG,motion_sensor_210,2023-08-23T09:06:23Z,2024-08-05T00:10:17Z,media,animal,,,,,,,,,,,,,,,machine,Small_mammal_classification_model_version_2025,,,,
re_l_sn_1_2024-02-01_0004_1,re_l_sn_1,re_l_sn_1_2024-02-01_0004.JPG,motion_sensor_224,2023-08-23T22:55:04Z,2024-08-09T23:26:15Z,media,unknown,,,,,,,,,,,,,,,machine,Small_mammal_classification_model_version_2025,,,,
re_l_sn_1_2024-03-31_0001_1,re_l_sn_1,re_l_sn_1_2024-03-31_0001.JPG,time_lapse_470,2024-03-30T23:00:00Z,2024-04-03T11:00:00Z,media,unknown,,,,,,,,,,,,,,,machine,Small_mammal_classification_model_version_2025,,,,
re_l_sn_1_2024-04-13_0003_1,re_l_sn_1,re_l_sn_1_2024-04-13_0003.JPG,motion_sensor_260,2023-08-26T08:22:49Z,2024-08-04T22:38:26Z,media,animal,,Mustela erminea,,,,,,,,,,,,,machine,Small_mammal_classification_model_version_2025,,,,
re_l_sn_1_2024-05-06_0006_1,re_l_sn_1,re_l_sn_1_2024-05-06_0006.JPG,motion_sensor_280,2023-08-28T08:51:36Z,2024-08-15T15:36:52Z,media,animal,,Lemmus lemmus,,,,,,,,,,,,,machine,Small_mammal_classification_model_version_2025,,,,
re_l_sn_1_2024-06-22_0006_1,re_l_sn_1,re_l_sn_1_2024-06-22_0006.JPG,time_lapse_637,2024-06-22T11:00:00Z,2024-06-25T23:00:00Z,media,animal,,Mustela erminea,,,,,,,,,,,,,machine,Small_mammal_classification_model_version_2025,,,,
re_l_sn_1_2024-06-23_0004_1,re_l_sn_1,re_l_sn_1_2024-06-23_0004.JPG,motion_sensor_324,2023-09-02T07:38:25Z,2024-08-05T05:53:05Z,media,animal,,Aves,,,,,,,,,,,,,machine,Small_mammal_classification_model_version_2025,,,,
re_l_sn_1_2024-06-25_0012_1,re_l_sn_1,re_l_sn_1_2024-06-25_0012.JPG,motion_sensor_353,2023-09-04T12:29:43Z,2024-08-08T03:46:00Z,media,unknown,,,,,,,,,,,,,,,machine,Small_mammal_classification_model_version_2025,,,,
re_l_sn_1_2024-06-26_0019_1,re_l_sn_1,re_l_sn_1_2024-06-26_0019.JPG,motion_sensor_366,2023-09-04T22:42:03Z,2024-08-09T20:42:47Z,media,animal,,Mustela erminea,,,,,,,,,,,,,machine,Small_mammal_classification_model_version_2025,,,,
re_l_sn_1_2024-06-28_0003_1,re_l_sn_1,re_l_sn_1_2024-06-28_0003.JPG,motion_sensor_378,2023-09-05T15:24:12Z,2024-08-09T21:45:09Z,media,animal,,Lemmus lemmus,,,,,,,,,,,,,machine,Small_mammal_classification_model_version_2025,,,,
re_l_sn_1_2024-06-29_0015_1,re_l_sn_1,re_l_sn_1_2024-06-29_0015.JPG,motion_sensor_389,2023-09-06T12:53:54Z,2024-08-09T23:35:07Z,media,animal,,Cricetidae,,,,,,,,,,,,,machine,Small_mammal_classification_model_version_2025,,,,
re_l_sn_1_2024-07-04_0021_1,re_l_sn_1,re_l_sn_1_2024-07-04_0021.JPG,motion_sensor_429,2023-09-09T14:30:23Z,2024-08-16T04:36:50Z,media,animal,,Mustela erminea,,,,,,,,,,,,,machine,Small_mammal_classification_model_version_2025,,,,
re_l_sn_1_2024-07-04_0036_1,re_l_sn_1,re_l_sn_1_2024-07-04_0036.JPG,motion_sensor_436,2023-09-10T06:37:27Z,2024-08-12T12:19:03Z,media,blank,,,,,,,,,,,,,,,machine,Small_mammal_classification_model_version_2025,,0.994588255882263,,
re_l_sn_1_2024-07-04_0044_1,re_l_sn_1,re_l_sn_1_2024-07-04_0044.JPG,motion_sensor_440,2023-09-10T09:26:23Z,2024-08-12T14:29:32Z,media,animal,,Lemmus lemmus,,,,,,,,,,,,,machine,Small_mammal_classification_model_version_2025,,,,
re_l_sn_1_2024-07-05_0003_1,re_l_sn_1,re_l_sn_1_2024-07-05_0003.JPG,motion_sensor_441,2023-09-10T09:29:10Z,2024-08-12T14:35:40Z,media,animal,,,,,,,,,,,,,,,machine,Small_mammal_classification_model_version_2025,,,,
re_l_sn_1_2024-07-05_0008_1,re_l_sn_1,re_l_sn_1_2024-07-05_0008.JPG,motion_sensor_444,2023-09-10T12:36:32Z,2024-08-12T14:58:28Z,media,animal,,,,,,,,,,,,,,,machine,Small_mammal_classification_model_version_2025,,,,
re_l_sn_1_2024-07-05_0017_1,re_l_sn_1,re_l_sn_1_2024-07-05_0017.JPG,motion_sensor_448,2023-09-10T15:05:54Z,2024-08-12T15:24:35Z,media,animal,,Lemmus lemmus,,,,,,,,,,,,,machine,Small_mammal_classification_model_version_2025,,1,,
re_l_sn_1_2024-07-05_0018_1,re_l_sn_1,re_l_sn_1_2024-07-05_0018.JPG,time_lapse_663,2024-07-05T11:00:00Z,2024-07-08T23:00:00Z,media,animal,,Mustela erminea,,,,,,,,,,,,,machine,Small_mammal_classification_model_version_2025,,,,
re_l_sn_1_2024-07-11_0021_1,re_l_sn_1,re_l_sn_1_2024-07-11_0021.JPG,motion_sensor_565,2023-09-19T12:39:26Z,2024-08-13T21:25:16Z,media,animal,,Cricetidae,,,,,,,,,,,,,machine,Small_mammal_classification_model_version_2025,,0.999618768692017,,
re_l_sn_1_2024-07-12_0007_1,re_l_sn_1,re_l_sn_1_2024-07-12_0007.JPG,motion_sensor_569,2023-09-19T18:28:05Z,2024-08-13T21:52:06Z,media,animal,,,,,,,,,,,,,,,machine,Small_mammal_classification_model_version_2025,,,,
re_l_sn_1_2024-07-14_0006_1,re_l_sn_1,re_l_sn_1_2024-07-14_0006.JPG,motion_sensor_601,2023-09-21T18:37:46Z,2024-08-14T08:09:34Z,media,animal,,Lemmus lemmus,,,,,,,,,,,,,machine,Small_mammal_classification_model_version_2025,,,,
re_l_sn_1_2024-07-16_0007_1,re_l_sn_1,re_l_sn_1_2024-07-16_0007.JPG,motion_sensor_666,2023-09-24T12:40:44Z,2024-07-28T06:06:36Z,media,animal,,Aves,,,,,,,,,,,,,human,hb,,,,quality_check_confidence_level
re_l_sn_1_2024-07-16_0068_1,re_l_sn_1,re_l_sn_1_2024-07-16_0068.JPG,motion_sensor_696,2023-09-26T16:08:28Z,2024-07-29T17:57:01Z,media,blank,,,,,,,,,,,,,,,machine,Small_mammal_classification_model_version_2025,,0.988782584667206,,
re_l_sn_1_2024-07-17_0011_1,re_l_sn_1,re_l_sn_1_2024-07-17_0011.JPG,motion_sensor_701,2023-09-27T16:49:31Z,2024-07-30T11:56:16Z,media,unknown,,,,,,,,,,,,,,,machine,Small_mammal_classification_model_version_2025,,,,
re_l_sn_1_2024-07-17_0047_1,re_l_sn_1,re_l_sn_1_2024-07-17_0047.JPG,motion_sensor_719,2023-09-29T13:51:15Z,2024-08-01T14:41:12Z,media,animal,,Sorex spp.,,,,,,,,,,,,,machine,Small_mammal_classification_model_version_2025,,,,
re_l_sn_1_2024-07-23_0020_1,re_l_sn_1,re_l_sn_1_2024-07-23_0020.JPG,motion_sensor_771,2023-10-05T13:19:02Z,2024-08-06T17:44:09Z,media,unknown,,,,,,,,,,,,,,,machine,Small_mammal_classification_model_version_2025,,,,
re_l_sn_1_2024-07-26_0005_1,re_l_sn_1,re_l_sn_1_2024-07-26_0005.JPG,motion_sensor_795,2023-10-12T15:59:36Z,2024-08-07T09:07:19Z,media,animal,,Mustela erminea,,,,,,,,,,,,,machine,Small_mammal_classification_model_version_2025,,,,
re_l_sn_1_2024-07-31_0008_1,re_l_sn_1,re_l_sn_1_2024-07-31_0008.JPG,motion_sensor_825,2023-10-16T04:18:20Z,2024-08-07T17:29:29Z,media,animal,,Mustela nivalis,,,,,,,,,,,,,machine,Small_mammal_classification_model_version_2025,,,,
re_l_sn_1_2024-08-01_0011_1,re_l_sn_1,re_l_sn_1_2024-08-01_0011.JPG,motion_sensor_835,2023-10-18T01:45:09Z,2024-08-08T04:31:26Z,media,animal,,Sorex spp.,,,,,,,,,,,,,machine,Small_mammal_classification_model_version_2025,,,,
re_l_sn_1_2024-08-03_0009_1,re_l_sn_1,re_l_sn_1_2024-08-03_0009.JPG,motion_sensor_839,2023-10-18T06:15:05Z,2024-08-08T04:43:27Z,media,blank,,,,,,,,,,,,,,,machine,Small_mammal_classification_model_version_2025,,0.995720684528351,,
re_l_sn_1_2024-08-06_0005_1,re_l_sn_1,re_l_sn_1_2024-08-06_0005.JPG,motion_sensor_863,2023-10-21T02:59:57Z,2024-08-08T14:00:57Z,media,unknown,,,,,,,,,,,,,,,human,efk,,,,confidence_below_09
re_l_sn_1_2024-08-07_0009_1,re_l_sn_1,re_l_sn_1_2024-08-07_0009.JPG,motion_sensor_872,2023-10-22T11:35:08Z,2024-08-09T23:33:59Z,media,animal,,Lemmus lemmus,,,,,,,,,,,,,machine,Small_mammal_classification_model_version_2025,,,,
re_l_sn_1_2024-08-08_0015_1,re_l_sn_1,re_l_sn_1_2024-08-08_0015.JPG,motion_sensor_880,2023-10-25T06:25:40Z,2024-08-10T07:46:12Z,media,animal,,Lemmus lemmus,,,,,,,,,,,,,machine,Small_mammal_classification_model_version_2025,,,,
re_l_sn_1_2024-08-10_0051_1,re_l_sn_1,re_l_sn_1_2024-08-10_0051.JPG,motion_sensor_919,2023-10-29T12:30:21Z,2024-08-12T09:11:15Z,media,blank,,,,,,,,,,,,,,,machine,Small_mammal_classification_model_version_2025,,,,
re_l_sn_1_2024-08-10_0061_1,re_l_sn_1,re_l_sn_1_2024-08-10_0061.JPG,motion_sensor_924,2023-10-30T02:51:31Z,2024-08-12T14:33:01Z,media,animal,,Sorex spp.,,,,,,,,,,,,,machine,Small_mammal_classification_model_version_2025,,,,
re_l_sn_1_2024-08-10_0065_1,re_l_sn_1,re_l_sn_1_2024-08-10_0065.JPG,motion_sensor_926,2023-10-30T11:36:28Z,2024-08-12T15:01:12Z,media,animal,,,,,,,,,,,,,,,human,efk,,,,confidence_below_09
re_l_sn_1_2024-08-12_0011_1,re_l_sn_1,re_l_sn_1_2024-08-12_0011.JPG,motion_sensor_943,2023-11-02T02:38:59Z,2024-08-13T16:05:49Z,media,animal,,Sorex spp.,,,,,,,,,,,,,machine,Small_mammal_classification_model_version_2025,,,,
re_l_sn_2_2023-08-11_0012_1,re_l_sn_2,re_l_sn_2_2023-08-11_0012.JPG,motion_sensor_8,2023-08-10T18:01:33Z,2024-07-20T00:01:47Z,media,animal,,Cricetidae,,,,,,,,,,,,,machine,Small_mammal_classification_model_version_2025,,0.999987959861755,,
re_l_sn_2_2023-08-27_0002_1,re_l_sn_2,re_l_sn_2_2023-08-27_0002.JPG,time_lapse_37,2023-08-27T11:00:00Z,2023-08-30T23:00:00Z,media,blank,,,,,,,,,,,,,,,machine,Small_mammal_classification_model_version_2025,,0.999999165534973,,
re_l_sn_2_2023-09-01_0003_1,re_l_sn_2,re_l_sn_2_2023-09-01_0003.JPG,motion_sensor_92,2023-08-13T05:42:37Z,2024-07-22T22:51:28Z,media,unknown,,,,,,,,,,,,,,,machine,Small_mammal_classification_model_version_2025,,,,
re_l_sn_2_2023-11-27_0001_1,re_l_sn_2,re_l_sn_2_2023-11-27_0001.JPG,time_lapse_220,2023-11-26T23:00:00Z,2023-11-30T11:00:00Z,media,animal,,Sorex spp.,,,,,,,,,,,,,machine,Small_mammal_classification_model_version_2025,,,,
re_l_sn_2_2023-12-24_0001_1,re_l_sn_2,re_l_sn_2_2023-12-24_0001.JPG,time_lapse_274,2023-12-23T23:00:00Z,2023-12-27T11:00:00Z,media,animal,,Aves,,,,,,,,,,,,,machine,Small_mammal_classification_model_version_2025,,,,
re_l_sn_2_2024-04-08_0001_1,re_l_sn_2,re_l_sn_2_2024-04-08_0001.JPG,time_lapse_486,2024-04-07T23:00:00Z,2024-04-11T11:00:00Z,media,animal,,Sorex spp.,,,,,,,,,,,,,machine,Small_mammal_classification_model_version_2025,,,,
re_l_sn_2_2024-06-10_0001_1,re_l_sn_2,re_l_sn_2_2024-06-10_0001.JPG,time_lapse_612,2024-06-09T23:00:00Z,2024-06-13T11:00:00Z,media,animal,,Mustela nivalis,,,,,,,,,,,,,machine,Small_mammal_classification_model_version_2025,,,,
re_l_sn_2_2024-07-19_0010_1,re_l_sn_2,re_l_sn_2_2024-07-19_0010.JPG,time_lapse_691,2024-07-19T11:00:00Z,2024-07-22T23:00:00Z,media,animal,,,,,,,,,,,,,,,machine,Small_mammal_classification_model_version_2025,,,,
re_l_sn_2_2024-07-23_0002_1,re_l_sn_2,re_l_sn_2_2024-07-23_0002.JPG,time_lapse_699,2024-07-23T11:00:00Z,2024-07-26T23:00:00Z,media,animal,,Lemmus lemmus,,,,,,,,,,,,,machine,Small_mammal_classification_model_version_2025,,,,
re_l_sn_2_2024-07-25_0002_1,re_l_sn_2,re_l_sn_2_2024-07-25_0002.JPG,time_lapse_703,2024-07-25T11:00:00Z,2024-07-28T23:00:00Z,media,animal,,Mustela nivalis,,,,,,,,,,,,,machine,Small_mammal_classification_model_version_2025,,,,
re_l_sn_2_2024-07-27_0002_1,re_l_sn_2,re_l_sn_2_2024-07-27_0002.JPG,time_lapse_707,2024-07-27T11:00:00Z,2024-07-30T23:00:00Z,media,animal,,Lemmus lemmus,,,,,,,,,,,,,machine,Small_mammal_classification_model_version_2025,,,,
re_l_sn_2_2024-08-01_0026_1,re_l_sn_2,re_l_sn_2_2024-08-01_0026.JPG,motion_sensor_173,2023-08-19T16:55:01Z,2024-08-16T08:16:52Z,media,blank,,,,,,,,,,,,,,,machine,Small_mammal_classification_model_version_2025,,,,
re_l_sn_2_2024-08-04_0070_1,re_l_sn_2,re_l_sn_2_2024-08-04_0070.JPG,motion_sensor_316,2023-09-01T12:11:02Z,2024-08-04T21:59:23Z,media,animal,,,,,,,,,,,,,,,machine,Small_mammal_classification_model_version_2025,,,,
re_l_sn_2_2024-08-05_0024_1,re_l_sn_2,re_l_sn_2_2024-08-05_0024.JPG,motion_sensor_328,2023-09-03T07:44:00Z,2024-08-05T08:44:58Z,media,animal,,Mustela erminea,,,,,,,,,,,,,machine,Small_mammal_classification_model_version_2025,,,,
re_l_sn_2_2024-08-10_0029_1,re_l_sn_2,re_l_sn_2_2024-08-10_0029.JPG,motion_sensor_394,2023-09-07T12:05:01Z,2024-08-09T23:42:21Z,media,animal,,,,,,,,,,,,,,,machine,Small_mammal_classification_model_version_2025,,,,
re_l_sn_2_2024-08-10_0057_1,re_l_sn_2,re_l_sn_2_2024-08-10_0057.JPG,motion_sensor_408,2023-09-08T08:02:17Z,2024-08-10T01:51:34Z,media,animal,,Sorex spp.,,,,,,,,,,,,,machine,Small_mammal_classification_model_version_2025,,,,
re_l_sn_2_2024-08-12_0026_1,re_l_sn_2,re_l_sn_2_2024-08-12_0026.JPG,motion_sensor_494,2023-09-13T09:18:55Z,2024-08-13T21:25:53Z,media,animal,,Lemmus lemmus,,,,,,,,,,,,,machine,Small_mammal_classification_model_version_2025,,,,
re_l_sn_2_2024-08-13_0060_1,re_l_sn_2,re_l_sn_2_2024-08-13_0060.JPG,motion_sensor_562,2023-09-19T07:29:54Z,2024-08-13T21:16:18Z,media,animal,,Sorex spp.,,,,,,,,,,,,,machine,Small_mammal_classification_model_version_2025,,,,
re_l_sn_2_2024-08-14_0003_1,re_l_sn_2,re_l_sn_2_2024-08-14_0003.JPG,motion_sensor_571,2023-09-20T06:53:19Z,2024-08-13T22:08:44Z,media,animal,,Lemmus lemmus,,,,,,,,,,,,,machine,Small_mammal_classification_model_version_2025,,,,
re_l_sn_3_2023-10-10_0003_1,re_l_sn_3,re_l_sn_3_2023-10-10_0003.JPG,motion_sensor_48,2023-08-12T13:47:23Z,2024-07-31T11:54:14Z,media,animal,,Aves,,,,,,,,,,,,,machine,Small_mammal_classification_model_version_2025,,,,
re_l_sn_3_2023-12-04_0002_1,re_l_sn_3,re_l_sn_3_2023-12-04_0002.JPG,time_lapse_234,2023-12-03T23:00:00Z,2023-12-07T11:00:00Z,media,animal,,Mustela erminea,,,,,,,,,,,,,machine,Small_mammal_classification_model_version_2025,,,,
re_l_sn_3_2024-01-10_0001_1,re_l_sn_3,re_l_sn_3_2024-01-10_0001.JPG,time_lapse_307,2024-01-09T11:00:00Z,2024-01-12T23:00:00Z,media,animal,,Aves,,,,,,,,,,,,,machine,Small_mammal_classification_model_version_2025,,,,
re_l_sn_3_2024-02-04_0001_1,re_l_sn_3,re_l_sn_3_2024-02-04_0001.JPG,time_lapse_357,2024-02-03T11:00:00Z,2024-02-06T23:00:00Z,media,animal,,Cricetidae,,,,,,,,,,,,,machine,Small_mammal_classification_model_version_2025,,,,
re_l_sn_3_2024-03-03_0002_1,re_l_sn_3,re_l_sn_3_2024-03-03_0002.JPG,time_lapse_414,2024-03-02T23:00:00Z,2024-03-06T11:00:00Z,media,animal,,Mustela nivalis,,,,,,,,,,,,,machine,Small_mammal_classification_model_version_2025,,,,
re_l_sn_3_2024-03-09_0002_1,re_l_sn_3,re_l_sn_3_2024-03-09_0002.JPG,time_lapse_426,2024-03-08T23:00:00Z,2024-03-12T11:00:00Z,media,animal,,,,,,,,,,,,,,,machine,Small_mammal_classification_model_version_2025,,,,
re_l_sn_3_2024-03-22_0001_1,re_l_sn_3,re_l_sn_3_2024-03-22_0001.JPG,time_lapse_451,2024-03-21T11:00:00Z,2024-03-24T23:00:00Z,media,animal,,Cricetidae,,,,,,,,,,,,,machine,Small_mammal_classification_model_version_2025,,,,
re_l_sn_3_2024-06-16_0002_1,re_l_sn_3,re_l_sn_3_2024-06-16_0002.JPG,time_lapse_624,2024-06-15T23:00:00Z,2024-06-19T11:00:00Z,media,animal,,Mustela erminea,,,,,,,,,,,,,machine,Small_mammal_classification_model_version_2025,,,,
re_l_sn_3_2024-06-20_0002_1,re_l_sn_3,re_l_sn_3_2024-06-20_0002.JPG,time_lapse_632,2024-06-19T23:00:00Z,2024-06-23T11:00:00Z,media,animal,,Mustela nivalis,,,,,,,,,,,,,machine,Small_mammal_classification_model_version_2025,,,,
re_l_sn_3_2024-07-09_0003_1,re_l_sn_3,re_l_sn_3_2024-07-09_0003.JPG,motion_sensor_109,2023-08-13T14:33:36Z,2024-07-25T21:31:49Z,media,animal,,Cricetidae,,,,,,,,,,,,,machine,Small_mammal_classification_model_version_2025,,0.999872326850891,,
re_l_sn_3_2024-07-23_0003_1,re_l_sn_3,re_l_sn_3_2024-07-23_0003.JPG,motion_sensor_149,2023-08-15T13:08:42Z,2024-08-01T07:51:27Z,media,animal,,Cricetidae,,,,,,,,,,,,,machine,Small_mammal_classification_model_version_2025,,0.999960541725159,,
re_l_sn_3_2024-07-24_0001_1,re_l_sn_3,re_l_sn_3_2024-07-24_0001.JPG,time_lapse_699,2024-07-23T11:00:00Z,2024-07-26T23:00:00Z,media,blank,,,,,,,,,,,,,,,machine,Small_mammal_classification_model_version_2025,,0.999991893768311,,
re_l_sn_3_2024-08-04_0018_1,re_l_sn_3,re_l_sn_3_2024-08-04_0018.JPG,motion_sensor_201,2023-08-23T00:02:28Z,2024-08-04T08:26:11Z,media,animal,,Sorex spp.,,,,,,,,,,,,,machine,Small_mammal_classification_model_version_2025,,,,
re_l_sn_3_2024-08-04_0032_1,re_l_sn_3,re_l_sn_3_2024-08-04_0032.JPG,motion_sensor_207,2023-08-23T08:54:27Z,2024-08-04T17:37:42Z,media,animal,,,,,,,,,,,,,,,machine,Small_mammal_classification_model_version_2025,,,,
re_l_sn_3_2024-08-12_0003_1,re_l_sn_3,re_l_sn_3_2024-08-12_0003.JPG,motion_sensor_234,2023-08-24T19:21:41Z,2024-08-12T00:07:15Z,media,unknown,,,,,,,,,,,,,,,machine,Small_mammal_classification_model_version_2025,,,,
re_l_sn_4_2023-08-21_0001_1,re_l_sn_4,re_l_sn_4_2023-08-21_0001.JPG,time_lapse_22,2023-08-19T23:00:00Z,2023-08-23T11:00:00Z,media,unknown,,,,,,,,,,,,,,,machine,Small_mammal_classification_model_version_2025,,,,
re_l_sn_4_2023-09-04_0006_1,re_l_sn_4,re_l_sn_4_2023-09-04_0006.JPG,motion_sensor_43,2023-08-12T11:29:23Z,2024-07-28T21:33:31Z,media,animal,,Mustela nivalis,,,,,,,,,,,,,human,hb,,,,quality_check_classes
re_l_sn_4_2023-09-04_0046_1,re_l_sn_4,re_l_sn_4_2023-09-04_0046.JPG,motion_sensor_63,2023-08-12T16:49:07Z,2024-08-10T09:00:54Z,media,animal,,,,,,,,,,,,,,,human,hb,,,,mustelid
re_l_sn_4_2023-10-15_0001_1,re_l_sn_4,re_l_sn_4_2023-10-15_0001.JPG,time_lapse_132,2023-10-13T23:00:00Z,2023-10-17T11:00:00Z,media,animal,,Aves,,,,,,,,,,,,,machine,Small_mammal_classification_model_version_2025,,,,
re_l_sn_4_2023-12-24_0002_1,re_l_sn_4,re_l_sn_4_2023-12-24_0002.JPG,time_lapse_273,2023-12-23T11:00:00Z,2023-12-26T23:00:00Z,media,animal,,Lemmus lemmus,,,,,,,,,,,,,machine,Small_mammal_classification_model_version_2025,,,,
re_l_sn_4_2024-01-31_0002_1,re_l_sn_4,re_l_sn_4_2024-01-31_0002.JPG,time_lapse_349,2024-01-30T11:00:00Z,2024-02-02T23:00:00Z,media,animal,,Aves,,,,,,,,,,,,,machine,Small_mammal_classification_model_version_2025,,,,
re_l_sn_4_2024-04-01_0002_1,re_l_sn_4,re_l_sn_4_2024-04-01_0002.JPG,time_lapse_471,2024-03-31T11:00:00Z,2024-04-03T23:00:00Z,media,animal,,Aves,,,,,,,,,,,,,machine,Small_mammal_classification_model_version_2025,,,,
re_l_sn_4_2024-05-18_0002_1,re_l_sn_4,re_l_sn_4_2024-05-18_0002.JPG,time_lapse_565,2024-05-17T11:00:00Z,2024-05-20T23:00:00Z,media,animal,,Aves,,,,,,,,,,,,,machine,Small_mammal_classification_model_version_2025,,,,
re_l_sn_4_2024-06-04_0001_1,re_l_sn_4,re_l_sn_4_2024-06-04_0001.JPG,time_lapse_598,2024-06-02T23:00:00Z,2024-06-06T11:00:00Z,media,animal,,Aves,,,,,,,,,,,,,machine,Small_mammal_classification_model_version_2025,,,,
re_l_sn_4_2024-07-09_0002_1,re_l_sn_4,re_l_sn_4_2024-07-09_0002.JPG,time_lapse_669,2024-07-08T11:00:00Z,2024-07-11T23:00:00Z,media,animal,,Mustela nivalis,,,,,,,,,,,,,machine,Small_mammal_classification_model_version_2025,,,,
re_l_sn_4_2024-07-30_0003_1,re_l_sn_4,re_l_sn_4_2024-07-30_0003.JPG,motion_sensor_122,2023-08-13T17:29:26Z,2024-07-30T00:49:04Z,media,animal,,Mustela nivalis,,,,,,,,,,,,,human,hb,,,,mustelid
re_l_sn_4_2024-07-30_0013_1,re_l_sn_4,re_l_sn_4_2024-07-30_0013.JPG,motion_sensor_127,2023-08-13T23:08:33Z,2024-07-30T06:23:15Z,media,unknown,,,,,,,,,,,,,,,human,hb,,,,quality_check_classes
re_l_sn_4_2024-07-30_0066_1,re_l_sn_4,re_l_sn_4_2024-07-30_0066.JPG,motion_sensor_154,2023-08-16T13:42:28Z,2024-08-02T15:50:54Z,media,unknown,,,,,,,,,,,,,,,human,hb,,,,mustelid
re_l_sn_4_2024-07-30_0105_1,re_l_sn_4,re_l_sn_4_2024-07-30_0105.JPG,motion_sensor_173,2023-08-19T16:55:01Z,2024-08-16T08:16:52Z,media,animal,,Sorex spp.,,,,,,,,,,,,,machine,Small_mammal_classification_model_version_2025,,,,
re_l_sn_4_2024-07-30_0111_1,re_l_sn_4,re_l_sn_4_2024-07-30_0111.JPG,motion_sensor_176,2023-08-20T05:19:38Z,2024-08-16T09:20:37Z,media,animal,,Aves,,,,,,,,,,,,,machine,Small_mammal_classification_model_version_2025,,,,
re_l_sn_4_2024-07-30_0140_1,re_l_sn_4,re_l_sn_4_2024-07-30_0140.JPG,motion_sensor_190,2023-08-21T08:14:18Z,2024-08-13T09:24:46Z,media,animal,,Lemmus lemmus,,,,,,,,,,,,,machine,Small_mammal_classification_model_version_2025,,,,
re_l_sn_4_2024-07-31_0019_1,re_l_sn_4,re_l_sn_4_2024-07-31_0019.JPG,motion_sensor_233,2023-08-24T19:19:14Z,2024-08-11T14:27:29Z,media,animal,,Sorex spp.,,,,,,,,,,,,,machine,Small_mammal_classification_model_version_2025,,,,
re_l_sn_4_2024-07-31_0031_1,re_l_sn_4,re_l_sn_4_2024-07-31_0031.JPG,motion_sensor_239,2023-08-25T05:19:03Z,2024-08-13T00:39:44Z,media,animal,,Cricetidae,,,,,,,,,,,,,machine,Small_mammal_classification_model_version_2025,,,,
re_l_sn_4_2024-08-04_0018_1,re_l_sn_4,re_l_sn_4_2024-08-04_0018.JPG,motion_sensor_268,2023-08-26T23:48:41Z,2024-08-06T17:42:07Z,media,animal,,Aves,,,,,,,,,,,,,machine,Small_mammal_classification_model_version_2025,,,,
re_l_sn_5_2023-09-05_0001_1,re_l_sn_5,re_l_sn_5_2023-09-05_0001.JPG,time_lapse_52,2023-09-03T23:00:00Z,2023-09-07T11:00:00Z,media,blank,,,,,,,,,,,,,,,machine,Small_mammal_classification_model_version_2025,,0.99999463558197,,
re_l_sn_5_2023-10-08_0002_1,re_l_sn_5,re_l_sn_5_2023-10-08_0002.JPG,time_lapse_119,2023-10-07T11:00:00Z,2023-10-10T23:00:00Z,media,animal,,Aves,,,,,,,,,,,,,machine,Small_mammal_classification_model_version_2025,,,,
re_l_sn_5_2023-10-26_0001_1,re_l_sn_5,re_l_sn_5_2023-10-26_0001.JPG,time_lapse_154,2023-10-24T23:00:00Z,2023-10-28T11:00:00Z,media,animal,,Sorex spp.,,,,,,,,,,,,,machine,Small_mammal_classification_model_version_2025,,,,
re_l_sn_5_2023-11-18_0001_1,re_l_sn_5,re_l_sn_5_2023-11-18_0001.JPG,time_lapse_200,2023-11-16T23:00:00Z,2023-11-20T11:00:00Z,media,animal,,Cricetidae,,,,,,,,,,,,,machine,Small_mammal_classification_model_version_2025,,,,
re_l_sn_5_2023-11-27_0002_1,re_l_sn_5,re_l_sn_5_2023-11-27_0002.JPG,time_lapse_219,2023-11-26T11:00:00Z,2023-11-29T23:00:00Z,media,animal,,Cricetidae,,,,,,,,,,,,,machine,Small_mammal_classification_model_version_2025,,,,
re_l_sn_5_2024-01-07_0001_1,re_l_sn_5,re_l_sn_5_2024-01-07_0001.JPG,time_lapse_300,2024-01-05T23:00:00Z,2024-01-09T11:00:00Z,media,unknown,,,,,,,,,,,,,,,machine,Small_mammal_classification_model_version_2025,,,,
re_l_sn_5_2024-01-23_0001_1,re_l_sn_5,re_l_sn_5_2024-01-23_0001.JPG,time_lapse_332,2024-01-21T23:00:00Z,2024-01-25T11:00:00Z,media,animal,,Aves,,,,,,,,,,,,,machine,Small_mammal_classification_model_version_2025,,,,
re_l_sn_5_2024-02-16_0002_1,re_l_sn_5,re_l_sn_5_2024-02-16_0002.JPG,time_lapse_381,2024-02-15T11:00:00Z,2024-02-18T23:00:00Z,media,blank,,,,,,,,,,,,,,,machine,Small_mammal_classification_model_version_2025,,0.99999988079071,,
re_l_sn_5_2024-03-01_0001_1,re_l_sn_5,re_l_sn_5_2024-03-01_0001.JPG,time_lapse_408,2024-02-28T23:00:00Z,2024-03-03T11:00:00Z,media,animal,,Cricetidae,,,,,,,,,,,,,machine,Small_mammal_classification_model_version_2025,,,,
re_l_sn_5_2024-03-09_0001_1,re_l_sn_5,re_l_sn_5_2024-03-09_0001.JPG,time_lapse_424,2024-03-07T23:00:00Z,2024-03-11T11:00:00Z,media,animal,,Cricetidae,,,,,,,,,,,,,machine,Small_mammal_classification_model_version_2025,,,,
re_l_sn_5_2024-04-19_0001_1,re_l_sn_5,re_l_sn_5_2024-04-19_0001.JPG,time_lapse_506,2024-04-17T23:00:00Z,2024-04-21T11:00:00Z,media,animal,,Mustela erminea,,,,,,,,,,,,,machine,Small_mammal_classification_model_version_2025,,,,
re_l_sn_5_2024-06-12_0001_1,re_l_sn_5,re_l_sn_5_2024-06-12_0001.JPG,time_lapse_614,2024-06-10T23:00:00Z,2024-06-14T11:00:00Z,media,animal,,Aves,,,,,,,,,,,,,machine,Small_mammal_classification_model_version_2025,,,,
re_l_sn_5_2024-08-13_0002_1,re_l_sn_5,re_l_sn_5_2024-08-13_0002.JPG,time_lapse_739,2024-08-12T11:00:00Z,2024-08-15T23:00:00Z,media,unknown,,,,,,,,,,,,,,,machine,Small_mammal_classification_model_version_2025,,,,
re_l_sn_6_2023-09-27_0001_1,re_l_sn_6,re_l_sn_6_2023-09-27_0001.JPG,time_lapse_91,2023-09-23T11:00:00Z,2023-09-26T23:00:00Z,media,animal,,Aves,,,,,,,,,,,,,machine,Small_mammal_classification_model_version_2025,,,,
re_l_sn_6_2023-09-29_0003_1,re_l_sn_6,re_l_sn_6_2023-09-29_0003.JPG,motion_sensor_17,2023-08-11T10:40:57Z,2024-08-06T08:04:54Z,media,animal,,Mustela nivalis,,,,,,,,,,,,,human,efk,,,,confidence_below_09
re_l_sn_6_2023-10-19_0002_1,re_l_sn_6,re_l_sn_6_2023-10-19_0002.JPG,time_lapse_136,2023-10-15T23:00:00Z,2023-10-19T11:00:00Z,media,blank,,,,,,,,,,,,,,,machine,Small_mammal_classification_model_version_2025,,0.999998927116394,,
re_l_sn_6_2023-11-12_0002_1,re_l_sn_6,re_l_sn_6_2023-11-12_0002.JPG,time_lapse_184,2023-11-08T23:00:00Z,2023-11-12T11:00:00Z,media,animal,,,,,,,,,,,,,,,machine,Small_mammal_classification_model_version_2025,,,,
re_l_sn_6_2023-12-08_0001_1,re_l_sn_6,re_l_sn_6_2023-12-08_0001.JPG,time_lapse_235,2023-12-04T11:00:00Z,2023-12-07T23:00:00Z,media,animal,,Lemmus lemmus,,,,,,,,,,,,,machine,Small_mammal_classification_model_version_2025,,,,
re_l_sn_6_2023-12-23_0031_1,re_l_sn_6,re_l_sn_6_2023-12-23_0031.JPG,motion_sensor_35,2023-08-12T08:43:16Z,2024-08-09T20:42:48Z,media,animal,,Mustela nivalis,,,,,,,,,,,,,machine,Small_mammal_classification_model_version_2025,,,,
re_l_sn_6_2023-12-24_0001_1,re_l_sn_6,re_l_sn_6_2023-12-24_0001.JPG,motion_sensor_38,2023-08-12T11:16:00Z,2024-08-15T10:16:04Z,media,unknown,,,,,,,,,,,,,,,machine,Small_mammal_classification_model_version_2025,,,,
re_l_sn_6_2023-12-24_0020_1,re_l_sn_6,re_l_sn_6_2023-12-24_0020.JPG,motion_sensor_46,2023-08-12T13:18:46Z,2024-07-29T14:23:55Z,media,unknown,,,,,,,,,,,,,,,machine,Small_mammal_classification_model_version_2025,,,,
re_l_sn_6_2023-12-26_0001_1,re_l_sn_6,re_l_sn_6_2023-12-26_0001.JPG,time_lapse_271,2023-12-22T11:00:00Z,2023-12-25T23:00:00Z,media,animal,,,,,,,,,,,,,,,machine,Small_mammal_classification_model_version_2025,,,,
re_l_sn_6_2023-12-31_0010_1,re_l_sn_6,re_l_sn_6_2023-12-31_0010.JPG,motion_sensor_92,2023-08-13T05:42:37Z,2024-07-22T22:51:28Z,media,animal,,Lemmus lemmus,,,,,,,,,,,,,machine,Small_mammal_classification_model_version_2025,,,,
re_l_sn_6_2024-01-03_0010_1,re_l_sn_6,re_l_sn_6_2024-01-03_0010.JPG,time_lapse_288,2023-12-30T23:00:00Z,2024-01-03T11:00:00Z,media,animal,,Lemmus lemmus,,,,,,,,,,,,,machine,Small_mammal_classification_model_version_2025,,,,
re_l_sn_6_2024-01-09_0004_1,re_l_sn_6,re_l_sn_6_2024-01-09_0004.JPG,motion_sensor_127,2023-08-13T23:08:33Z,2024-07-30T06:23:15Z,media,animal,,Lemmus lemmus,,,,,,,,,,,,,machine,Small_mammal_classification_model_version_2025,,,,
re_l_sn_6_2024-01-27_0002_1,re_l_sn_6,re_l_sn_6_2024-01-27_0002.JPG,time_lapse_336,2024-01-23T23:00:00Z,2024-01-27T11:00:00Z,media,animal,,Mustela erminea,,,,,,,,,,,,,machine,Small_mammal_classification_model_version_2025,,,,
re_l_sn_6_2024-03-13_0002_1,re_l_sn_6,re_l_sn_6_2024-03-13_0002.JPG,time_lapse_428,2024-03-09T23:00:00Z,2024-03-13T11:00:00Z,media,animal,,,,,,,,,,,,,,,machine,Small_mammal_classification_model_version_2025,,,,
re_l_sn_6_2024-03-20_0001_1,re_l_sn_6,re_l_sn_6_2024-03-20_0001.JPG,time_lapse_441,2024-03-16T11:00:00Z,2024-03-19T23:00:00Z,media,animal,,,,,,,,,,,,,,,machine,Small_mammal_classification_model_version_2025,,,,
re_l_sn_6_2024-07-06_0001_1,re_l_sn_6,re_l_sn_6_2024-07-06_0001.JPG,time_lapse_657,2024-07-02T11:00:00Z,2024-07-05T23:00:00Z,media,animal,,Mustela erminea,,,,,,,,,,,,,machine,Small_mammal_classification_model_version_2025,,,,
re_l_sn_6_2024-07-12_0003_1,re_l_sn_6,re_l_sn_6_2024-07-12_0003.JPG,motion_sensor_221,2023-08-23T15:27:01Z,2024-08-06T18:46:11Z,media,animal,,Aves,,,,,,,,,,,,,machine,Small_mammal_classification_model_version_2025,,,,
re_l_sn_6_2024-07-16_0005_1,re_l_sn_6,re_l_sn_6_2024-07-16_0005.JPG,motion_sensor_264,2023-08-26T19:37:50Z,2024-08-06T09:16:45Z,media,animal,,Lemmus lemmus,,,,,,,,,,,,,machine,Small_mammal_classification_model_version_2025,,,,
re_l_sn_6_2024-07-18_0027_1,re_l_sn_6,re_l_sn_6_2024-07-18_0027.JPG,motion_sensor_296,2023-08-30T08:36:46Z,2024-08-13T19:00:51Z,media,animal,,Cricetidae,,,,,,,,,,,,,machine,Small_mammal_classification_model_version_2025,,0.999725759029388,,
re_l_sn_6_2024-07-18_0031_1,re_l_sn_6,re_l_sn_6_2024-07-18_0031.JPG,motion_sensor_298,2023-08-30T09:10:48Z,2024-08-13T19:03:15Z,media,animal,,Lemmus lemmus,,,,,,,,,,,,,machine,Small_mammal_classification_model_version_2025,,,,
re_l_sn_6_2024-07-19_0007_1,re_l_sn_6,re_l_sn_6_2024-07-19_0007.JPG,motion_sensor_314,2023-09-01T08:38:48Z,2024-08-04T18:24:29Z,media,animal,,Lemmus lemmus,,,,,,,,,,,,,machine,Small_mammal_classification_model_version_2025,,,,
re_l_sn_6_2024-07-20_0018_1,re_l_sn_6,re_l_sn_6_2024-07-20_0018.JPG,motion_sensor_337,2023-09-03T21:55:50Z,2024-08-05T11:11:32Z,media,animal,,Lemmus lemmus,,,,,,,,,,,,,machine,Small_mammal_classification_model_version_2025,,,,
re_l_sn_6_2024-07-21_0004_1,re_l_sn_6,re_l_sn_6_2024-07-21_0004.JPG,motion_sensor_348,2023-09-04T08:46:04Z,2024-08-06T16:34:55Z,media,blank,,,,,,,,,,,,,,,machine,Small_mammal_classification_model_version_2025,,0.99245023727417,,
re_l_sn_6_2024-07-23_0014_1,re_l_sn_6,re_l_sn_6_2024-07-23_0014.JPG,motion_sensor_370,2023-09-05T03:12:22Z,2024-08-09T21:10:54Z,media,animal,,Cricetidae,,,,,,,,,,,,,machine,Small_mammal_classification_model_version_2025,,,,
re_l_sn_6_2024-07-25_0004_1,re_l_sn_6,re_l_sn_6_2024-07-25_0004.JPG,motion_sensor_382,2023-09-05T18:44:50Z,2024-08-09T22:05:05Z,media,animal,,Mustela nivalis,,,,,,,,,,,,,machine,Small_mammal_classification_model_version_2025,,,,
re_l_sn_6_2024-07-26_0002_1,re_l_sn_6,re_l_sn_6_2024-07-26_0002.JPG,motion_sensor_391,2023-09-06T19:32:43Z,2024-08-09T23:37:13Z,media,unknown,,,,,,,,,,,,,,,machine,Small_mammal_classification_model_version_2025,,,,
re_l_sn_6_2024-08-07_0036_1,re_l_sn_6,re_l_sn_6_2024-08-07_0036.JPG,motion_sensor_531,2023-09-16T15:05:18Z,2024-08-16T15:56:24Z,media,animal,,Sorex spp.,,,,,,,,,,,,,human,hb,,,,mustelid
re_l_sn_6_2024-08-07_0063_1,re_l_sn_6,re_l_sn_6_2024-08-07_0063.JPG,motion_sensor_544,2023-09-18T06:40:00Z,2024-08-13T05:10:12Z,media,animal,,Aves,,,,,,,,,,,,,human,hb,,,,mustelid
re_l_sn_6_2024-08-09_0024_1,re_l_sn_6,re_l_sn_6_2024-08-09_0024.JPG,motion_sensor_569,2023-09-19T18:28:05Z,2024-08-13T21:52:06Z,media,animal,,Mustela erminea,,,,,,,,,,,,,human,hb,,0.993382453918457,,mustelid
re_m_hu_1_2023-08-17_0002_1,re_m_hu_1,re_m_hu_1_2023-08-17_0002.JPG,motion_sensor_5,2023-08-10T17:36:10Z,2024-07-10T22:26:45Z,media,animal,,Sorex spp.,,,,,,,,,,,,,machine,Small_mammal_classification_model_version_2025,,,,
re_m_hu_1_2023-08-19_0018_1,re_m_hu_1,re_m_hu_1_2023-08-19_0018.JPG,motion_sensor_18,2023-08-11T12:48:17Z,2024-08-08T00:57:21Z,media,animal,,Mustela nivalis,,,,,,,,,,,,,machine,Small_mammal_classification_model_version_2025,,,,
re_m_hu_1_2023-09-05_0003_1,re_m_hu_1,re_m_hu_1_2023-09-05_0003.JPG,motion_sensor_27,2023-08-11T20:47:41Z,2024-07-03T15:43:59Z,media,animal,,Lemmus lemmus,,,,,,,,,,,,,machine,Small_mammal_classification_model_version_2025,,,,
re_m_hu_1_2023-09-22_0015_1,re_m_hu_1,re_m_hu_1_2023-09-22_0015.JPG,motion_sensor_62,2023-08-12T16:16:53Z,2024-08-10T01:41:33Z,media,animal,,,,,,,,,,,,,,,machine,Small_mammal_classification_model_version_2025,,,,
re_m_hu_1_2023-10-02_0002_1,re_m_hu_1,re_m_hu_1_2023-10-02_0002.JPG,time_lapse_105,2023-09-30T11:00:00Z,2023-10-03T23:00:00Z,media,animal,,Lemmus lemmus,,,,,,,,,,,,,machine,Small_mammal_classification_model_version_2025,,,,
re_m_hu_1_2023-10-09_0002_1,re_m_hu_1,re_m_hu_1_2023-10-09_0002.JPG,time_lapse_119,2023-10-07T11:00:00Z,2023-10-10T23:00:00Z,media,animal,,Cricetidae,,,,,,,,,,,,,machine,Small_mammal_classification_model_version_2025,,,,
re_m_hu_1_2023-10-28_0002_1,re_m_hu_1,re_m_hu_1_2023-10-28_0002.JPG,time_lapse_157,2023-10-26T11:00:00Z,2023-10-29T23:00:00Z,media,animal,,Cricetidae,,,,,,,,,,,,,machine,Small_mammal_classification_model_version_2025,,,,
re_m_hu_1_2023-11-24_0001_1,re_m_hu_1,re_m_hu_1_2023-11-24_0001.JPG,time_lapse_210,2023-11-21T23:00:00Z,2023-11-25T11:00:00Z,media,animal,,Aves,,,,,,,,,,,,,machine,Small_mammal_classification_model_version_2025,,,,
re_m_hu_1_2023-12-21_0001_1,re_m_hu_1,re_m_hu_1_2023-12-21_0001.JPG,time_lapse_264,2023-12-18T23:00:00Z,2023-12-22T11:00:00Z,media,animal,,Aves,,,,,,,,,,,,,machine,Small_mammal_classification_model_version_2025,,,,
re_m_hu_1_2023-12-22_0001_1,re_m_hu_1,re_m_hu_1_2023-12-22_0001.JPG,time_lapse_266,2023-12-19T23:00:00Z,2023-12-23T11:00:00Z,media,animal,,Mustela erminea,,,,,,,,,,,,,machine,Small_mammal_classification_model_version_2025,,,,
re_m_hu_1_2024-01-16_0002_1,re_m_hu_1,re_m_hu_1_2024-01-16_0002.JPG,time_lapse_317,2024-01-14T11:00:00Z,2024-01-17T23:00:00Z,media,unknown,,,,,,,,,,,,,,,machine,Small_mammal_classification_model_version_2025,,,,
re_m_hu_1_2024-03-25_0002_1,re_m_hu_1,re_m_hu_1_2024-03-25_0002.JPG,time_lapse_455,2024-03-23T11:00:00Z,2024-03-26T23:00:00Z,media,animal,,Sorex spp.,,,,,,,,,,,,,machine,Small_mammal_classification_model_version_2025,,,,
re_m_hu_1_2024-05-13_0012_1,re_m_hu_1,re_m_hu_1_2024-05-13_0012.JPG,motion_sensor_109,2023-08-13T14:33:36Z,2024-07-25T21:31:49Z,media,animal,,,,,,,,,,,,,,,machine,Small_mammal_classification_model_version_2025,,,,
re_m_hu_1_2024-05-13_0017_1,re_m_hu_1,re_m_hu_1_2024-05-13_0017.JPG,motion_sensor_111,2023-08-13T14:41:11Z,2024-07-26T04:17:12Z,media,animal,,Cricetidae,,,,,,,,,,,,,machine,Small_mammal_classification_model_version_2025,,0.999612510204315,,
re_m_hu_1_2024-05-13_0053_1,re_m_hu_1,re_m_hu_1_2024-05-13_0053.JPG,motion_sensor_129,2023-08-14T00:45:31Z,2024-07-30T06:25:17Z,media,animal,,Lemmus lemmus,,,,,,,,,,,,,human,efk,,,,confidence_below_09
re_m_hu_1_2024-05-29_0036_1,re_m_hu_1,re_m_hu_1_2024-05-29_0036.JPG,motion_sensor_242,2023-08-25T08:39:14Z,2024-08-13T00:53:20Z,media,unknown,,,,,,,,,,,,,,,machine,Small_mammal_classification_model_version_2025,,,,
re_m_hu_1_2024-05-30_0003_1,re_m_hu_1,re_m_hu_1_2024-05-30_0003.JPG,motion_sensor_255,2023-08-25T23:40:08Z,2024-08-04T16:44:03Z,media,animal,,Mustela erminea,,,,,,,,,,,,,machine,Small_mammal_classification_model_version_2025,,,,
re_m_hu_1_2024-05-30_0018_1,re_m_hu_1,re_m_hu_1_2024-05-30_0018.JPG,motion_sensor_262,2023-08-26T14:38:12Z,2024-08-05T08:50:24Z,media,animal,,Aves,,,,,,,,,,,,,machine,Small_mammal_classification_model_version_2025,,,,
re_m_hu_1_2024-06-03_0018_1,re_m_hu_1,re_m_hu_1_2024-06-03_0018.JPG,motion_sensor_316,2023-09-01T12:11:02Z,2024-08-04T21:59:23Z,media,blank,,,,,,,,,,,,,,,machine,Small_mammal_classification_model_version_2025,,,,
re_m_hu_1_2024-06-05_0036_1,re_m_hu_1,re_m_hu_1_2024-06-05_0036.JPG,motion_sensor_354,2023-09-04T12:31:02Z,2024-08-08T03:51:36Z,media,animal,,Mustela erminea,,,,,,,,,,,,,machine,Small_mammal_classification_model_version_2025,,,,
re_m_hu_1_2024-06-10_0002_1,re_m_hu_1,re_m_hu_1_2024-06-10_0002.JPG,motion_sensor_384,2023-09-05T21:03:21Z,2024-08-09T22:07:29Z,media,animal,,Aves,,,,,,,,,,,,,machine,Small_mammal_classification_model_version_2025,,,,
re_m_hu_1_2024-06-12_0005_1,re_m_hu_1,re_m_hu_1_2024-06-12_0005.JPG,motion_sensor_388,2023-09-06T10:33:30Z,2024-08-09T23:34:01Z,media,animal,,Mustela erminea,,,,,,,,,,,,,machine,Small_mammal_classification_model_version_2025,,,,
re_m_hu_1_2024-07-05_0001_1,re_m_hu_1,re_m_hu_1_2024-07-05_0001.JPG,time_lapse_658,2024-07-02T23:00:00Z,2024-07-06T11:00:00Z,media,blank,,,,,,,,,,,,,,,machine,Small_mammal_classification_model_version_2025,,0.999999284744263,,
re_m_hu_1_2024-07-26_0001_1,re_m_hu_1,re_m_hu_1_2024-07-26_0001.JPG,time_lapse_700,2024-07-23T23:00:00Z,2024-07-27T11:00:00Z,media,animal,,Mustela erminea,,,,,,,,,,,,,machine,Small_mammal_classification_model_version_2025,,,,
re_m_hu_1_2024-08-14_0027_1,re_m_hu_1,re_m_hu_1_2024-08-14_0027.JPG,motion_sensor_507,2023-09-14T08:45:43Z,2024-08-14T16:14:49Z,media,animal,,Sorex spp.,,,,,,,,,,,,,machine,Small_mammal_classification_model_version_2025,,,,
re_m_hu_2_2023-09-11_0002_1,re_m_hu_2,re_m_hu_2_2023-09-11_0002.JPG,time_lapse_62,2023-09-08T23:00:00Z,2023-09-12T11:00:00Z,media,blank,,,,,,,,,,,,,,,machine,Small_mammal_classification_model_version_2025,,0.999999761581421,,
re_m_hu_2_2023-09-25_0015_1,re_m_hu_2,re_m_hu_2_2023-09-25_0015.JPG,motion_sensor_10,2023-08-10T18:04:42Z,2024-07-26T08:27:07Z,media,animal,,,,,,,,,,,,,,,machine,Small_mammal_classification_model_version_2025,,,,
re_m_hu_2_2023-10-11_0003_1,re_m_hu_2,re_m_hu_2_2023-10-11_0003.JPG,motion_sensor_17,2023-08-11T10:40:57Z,2024-08-06T08:04:54Z,media,animal,,Lemmus lemmus,,,,,,,,,,,,,machine,Small_mammal_classification_model_version_2025,,,,
re_m_hu_2_2023-11-07_0002_1,re_m_hu_2,re_m_hu_2_2023-11-07_0002.JPG,time_lapse_176,2023-11-04T23:00:00Z,2023-11-08T11:00:00Z,media,animal,,Sorex spp.,,,,,,,,,,,,,machine,Small_mammal_classification_model_version_2025,,,,
re_m_hu_2_2023-11-13_0002_1,re_m_hu_2,re_m_hu_2_2023-11-13_0002.JPG,time_lapse_188,2023-11-10T23:00:00Z,2023-11-14T11:00:00Z,media,unknown,,,,,,,,,,,,,,,machine,Small_mammal_classification_model_version_2025,,,,
re_m_hu_2_2023-11-26_0002_1,re_m_hu_2,re_m_hu_2_2023-11-26_0002.JPG,time_lapse_214,2023-11-23T23:00:00Z,2023-11-27T11:00:00Z,media,animal,,Mustela erminea,,,,,,,,,,,,,machine,Small_mammal_classification_model_version_2025,,,,
re_m_hu_2_2024-01-21_0002_1,re_m_hu_2,re_m_hu_2_2024-01-21_0002.JPG,time_lapse_326,2024-01-18T23:00:00Z,2024-01-22T11:00:00Z,media,animal,,Mustela nivalis,,,,,,,,,,,,,machine,Small_mammal_classification_model_version_2025,,,,
re_m_hu_2_2024-02-14_0002_1,re_m_hu_2,re_m_hu_2_2024-02-14_0002.JPG,time_lapse_374,2024-02-11T23:00:00Z,2024-02-15T11:00:00Z,media,animal,,Aves,,,,,,,,,,,,,machine,Small_mammal_classification_model_version_2025,,,,
re_m_hu_2_2024-02-21_0006_1,re_m_hu_2,re_m_hu_2_2024-02-21_0006.JPG,motion_sensor_47,2023-08-12T13:44:06Z,2024-07-29T14:32:35Z,media,blank,,,,,,,,,,,,,,,human,hb,,,,quality_check_random
re_m_hu_2_2024-02-27_0001_1,re_m_hu_2,re_m_hu_2_2024-02-27_0001.JPG,time_lapse_399,2024-02-24T11:00:00Z,2024-02-27T23:00:00Z,media,animal,,Sorex spp.,,,,,,,,,,,,,machine,Small_mammal_classification_model_version_2025,,,,
re_m_hu_2_2024-03-05_0001_1,re_m_hu_2,re_m_hu_2_2024-03-05_0001.JPG,time_lapse_413,2024-03-02T11:00:00Z,2024-03-05T23:00:00Z,media,animal,,Mustela nivalis,,,,,,,,,,,,,machine,Small_mammal_classification_model_version_2025,,,,
re_m_hu_2_2024-03-27_0001_1,re_m_hu_2,re_m_hu_2_2024-03-27_0001.JPG,time_lapse_457,2024-03-24T11:00:00Z,2024-03-27T23:00:00Z,media,animal,,,,,,,,,,,,,,,machine,Small_mammal_classification_model_version_2025,,,,
re_m_hu_2_2024-04-12_0003_1,re_m_hu_2,re_m_hu_2_2024-04-12_0003.JPG,motion_sensor_86,2023-08-13T03:32:57Z,2024-07-18T15:53:46Z,media,animal,,Cricetidae,,,,,,,,,,,,,machine,Small_mammal_classification_model_version_2025,,0.999953389167786,,
re_m_hu_2_2024-05-04_0004_1,re_m_hu_2,re_m_hu_2_2024-05-04_0004.JPG,motion_sensor_104,2023-08-13T13:35:47Z,2024-07-25T19:20:20Z,media,blank,,,,,,,,,,,,,,,machine,Small_mammal_classification_model_version_2025,,,,
re_m_hu_2_2024-05-15_0001_1,re_m_hu_2,re_m_hu_2_2024-05-15_0001.JPG,time_lapse_555,2024-05-12T11:00:00Z,2024-05-15T23:00:00Z,media,animal,,Mustela nivalis,,,,,,,,,,,,,machine,Small_mammal_classification_model_version_2025,,,,
re_m_hu_2_2024-05-24_0018_1,re_m_hu_2,re_m_hu_2_2024-05-24_0018.JPG,motion_sensor_151,2023-08-15T18:02:06Z,2024-08-02T15:46:07Z,media,animal,,,,,,,,,,,,,,,machine,Small_mammal_classification_model_version_2025,,,,
re_m_hu_2_2024-05-25_0003_1,re_m_hu_2,re_m_hu_2_2024-05-25_0003.JPG,motion_sensor_153,2023-08-16T10:11:55Z,2024-08-02T15:49:47Z,media,animal,,Sorex spp.,,,,,,,,,,,,,machine,Small_mammal_classification_model_version_2025,,,,
re_m_hu_2_2024-05-28_0002_1,re_m_hu_2,re_m_hu_2_2024-05-28_0002.JPG,time_lapse_582,2024-05-25T23:00:00Z,2024-05-29T11:00:00Z,media,animal,,Cricetidae,,,,,,,,,,,,,machine,Small_mammal_classification_model_version_2025,,,,
re_m_hu_3_2023-08-26_0002_1,re_m_hu_3,re_m_hu_3_2023-08-26_0002.JPG,time_lapse_30,2023-08-23T23:00:00Z,2023-08-27T11:00:00Z,media,animal,,Lemmus lemmus,,,,,,,,,,,,,machine,Small_mammal_classification_model_version_2025,,,,
re_m_hu_3_2023-09-05_0001_1,re_m_hu_3,re_m_hu_3_2023-09-05_0001.JPG,time_lapse_49,2023-09-02T11:00:00Z,2023-09-05T23:00:00Z,media,animal,,Sorex spp.,,,,,,,,,,,,,machine,Small_mammal_classification_model_version_2025,,,,
re_m_hu_3_2023-10-11_0002_1,re_m_hu_3,re_m_hu_3_2023-10-11_0002.JPG,time_lapse_122,2023-10-08T23:00:00Z,2023-10-12T11:00:00Z,media,animal,,Lemmus lemmus,,,,,,,,,,,,,machine,Small_mammal_classification_model_version_2025,,,,
re_m_hu_3_2023-12-24_0001_1,re_m_hu_3,re_m_hu_3_2023-12-24_0001.JPG,time_lapse_269,2023-12-21T11:00:00Z,2023-12-24T23:00:00Z,media,blank,,,,,,,,,,,,,,,machine,Small_mammal_classification_model_version_2025,,,,
re_m_hu_3_2024-01-20_0002_1,re_m_hu_3,re_m_hu_3_2024-01-20_0002.JPG,time_lapse_324,2024-01-17T23:00:00Z,2024-01-21T11:00:00Z,media,animal,,Mustela nivalis,,,,,,,,,,,,,machine,Small_mammal_classification_model_version_2025,,,,
re_m_hu_3_2024-02-05_0002_1,re_m_hu_3,re_m_hu_3_2024-02-05_0002.JPG,time_lapse_356,2024-02-02T23:00:00Z,2024-02-06T11:00:00Z,media,unknown,,,,,,,,,,,,,,,machine,Small_mammal_classification_model_version_2025,,1,,
re_m_hu_3_2024-02-14_0001_1,re_m_hu_3,re_m_hu_3_2024-02-14_0001.JPG,time_lapse_373,2024-02-11T11:00:00Z,2024-02-14T23:00:00Z,media,unknown,,,,,,,,,,,,,,,machine,Small_mammal_classification_model_version_2025,,1,,
re_m_hu_3_2024-03-19_0002_1,re_m_hu_3,re_m_hu_3_2024-03-19_0002.JPG,time_lapse_442,2024-03-16T23:00:00Z,2024-03-20T11:00:00Z,media,animal,,Mustela nivalis,,,,,,,,,,,,,machine,Small_mammal_classification_model_version_2025,,,,
re_m_hu_3_2024-04-10_0001_1,re_m_hu_3,re_m_hu_3_2024-04-10_0001.JPG,time_lapse_485,2024-04-07T11:00:00Z,2024-04-10T23:00:00Z,media,unknown,,,,,,,,,,,,,,,machine,Small_mammal_classification_model_version_2025,,1,,
re_m_hu_3_2024-06-16_0001_1,re_m_hu_3,re_m_hu_3_2024-06-16_0001.JPG,time_lapse_619,2024-06-13T11:00:00Z,2024-06-16T23:00:00Z,media,animal,,Mustela nivalis,,,,,,,,,,,,,machine,Small_mammal_classification_model_version_2025,,,,
re_m_hu_3_2024-06-29_0002_1,re_m_hu_3,re_m_hu_3_2024-06-29_0002.JPG,time_lapse_646,2024-06-26T23:00:00Z,2024-06-30T11:00:00Z,media,animal,,Aves,,,,,,,,,,,,,machine,Small_mammal_classification_model_version_2025,,,,
re_m_hu_3_2024-07-07_0002_1,re_m_hu_3,re_m_hu_3_2024-07-07_0002.JPG,time_lapse_662,2024-07-04T23:00:00Z,2024-07-08T11:00:00Z,media,animal,,,,,,,,,,,,,,,machine,Small_mammal_classification_model_version_2025,,,,
re_m_hu_3_2024-07-11_0025_1,re_m_hu_3,re_m_hu_3_2024-07-11_0025.JPG,motion_sensor_44,2023-08-12T11:54:02Z,2024-07-29T14:11:41Z,media,animal,,Sorex spp.,,,,,,,,,,,,,machine,Small_mammal_classification_model_version_2025,,,,
re_m_hu_3_2024-07-24_0008_1,re_m_hu_3,re_m_hu_3_2024-07-24_0008.JPG,motion_sensor_96,2023-08-13T08:48:36Z,2024-07-23T23:15:57Z,media,blank,,,,,,,,,,,,,,,machine,Small_mammal_classification_model_version_2025,,,,
re_m_hu_3_2024-07-27_0005_1,re_m_hu_3,re_m_hu_3_2024-07-27_0005.JPG,motion_sensor_120,2023-08-13T17:08:16Z,2024-07-28T21:03:48Z,media,animal,,,,,,,,,,,,,,,machine,Small_mammal_classification_model_version_2025,,,,
re_m_hu_3_2024-07-28_0010_1,re_m_hu_3,re_m_hu_3_2024-07-28_0010.JPG,motion_sensor_129,2023-08-14T00:45:31Z,2024-07-30T06:25:17Z,media,animal,,Mustela nivalis,,,,,,,,,,,,,machine,Small_mammal_classification_model_version_2025,,,,
re_m_hu_3_2024-08-01_0011_1,re_m_hu_3,re_m_hu_3_2024-08-01_0011.JPG,motion_sensor_143,2023-08-14T10:01:07Z,2024-07-31T23:46:42Z,media,unknown,,,,,,,,,,,,,,,machine,Small_mammal_classification_model_version_2025,,,,
re_m_hu_3_2024-08-06_0003_1,re_m_hu_3,re_m_hu_3_2024-08-06_0003.JPG,motion_sensor_171,2023-08-19T11:00:01Z,2024-08-16T04:56:19Z,media,animal,,,,,,,,,,,,,,,machine,Small_mammal_classification_model_version_2025,,,,
re_m_hu_4_2023-09-24_0004_1,re_m_hu_4,re_m_hu_4_2023-09-24_0004.JPG,motion_sensor_2,2023-08-09T09:35:16Z,2023-09-24T15:27:13Z,media,animal,,,,,,,,,,,,,,,machine,Small_mammal_classification_model_version_2025,,,,
re_m_hu_4_2023-10-17_0008_1,re_m_hu_4,re_m_hu_4_2023-10-17_0008.JPG,motion_sensor_36,2023-08-12T09:26:46Z,2024-08-10T00:27:13Z,media,unknown,,,,,,,,,,,,,,,human,efk,,0.522286355495453,,confidence_below_09
re_m_hu_4_2023-11-07_0001_1,re_m_hu_4,re_m_hu_4_2023-11-07_0001.JPG,time_lapse_174,2023-11-03T23:00:00Z,2023-11-07T11:00:00Z,media,unknown,,,,,,,,,,,,,,,machine,Small_mammal_classification_model_version_2025,,,,
re_m_hu_4_2023-12-01_0001_1,re_m_hu_4,re_m_hu_4_2023-12-01_0001.JPG,time_lapse_222,2023-11-27T23:00:00Z,2023-12-01T11:00:00Z,media,animal,,Lemmus lemmus,,,,,,,,,,,,,machine,Small_mammal_classification_model_version_2025,,,,
re_m_hu_4_2023-12-12_0001_1,re_m_hu_4,re_m_hu_4_2023-12-12_0001.JPG,time_lapse_244,2023-12-08T23:00:00Z,2023-12-12T11:00:00Z,media,animal,,Mustela nivalis,,,,,,,,,,,,,machine,Small_mammal_classification_model_version_2025,,,,
re_m_hu_4_2024-01-08_0002_1,re_m_hu_4,re_m_hu_4_2024-01-08_0002.JPG,time_lapse_299,2024-01-05T11:00:00Z,2024-01-08T23:00:00Z,media,animal,,Sorex spp.,,,,,,,,,,,,,machine,Small_mammal_classification_model_version_2025,,,,
re_m_hu_4_2024-01-11_0002_1,re_m_hu_4,re_m_hu_4_2024-01-11_0002.JPG,time_lapse_305,2024-01-08T11:00:00Z,2024-01-11T23:00:00Z,media,animal,,,,,,,,,,,,,,,machine,Small_mammal_classification_model_version_2025,,,,
re_m_hu_4_2024-02-01_0002_1,re_m_hu_4,re_m_hu_4_2024-02-01_0002.JPG,time_lapse_347,2024-01-29T11:00:00Z,2024-02-01T23:00:00Z,media,animal,,Sorex spp.,,,,,,,,,,,,,machine,Small_mammal_classification_model_version_2025,,,,
re_m_hu_4_2024-02-09_0012_1,re_m_hu_4,re_m_hu_4_2024-02-09_0012.JPG,motion_sensor_63,2023-08-12T16:49:07Z,2024-08-10T09:00:54Z,media,animal,,,,,,,,,,,,,,,machine,Small_mammal_classification_model_version_2025,,,,
re_m_hu_4_2024-02-14_0007_1,re_m_hu_4,re_m_hu_4_2024-02-14_0007.JPG,motion_sensor_90,2023-08-13T05:18:09Z,2024-07-22T22:40:12Z,media,unknown,,,,,,,,,,,,,,,machine,Small_mammal_classification_model_version_2025,,,,
re_m_hu_4_2024-02-15_0011_1,re_m_hu_4,re_m_hu_4_2024-02-15_0011.JPG,motion_sensor_95,2023-08-13T08:31:47Z,2024-07-23T23:10:39Z,media,animal,,Lemmus lemmus,,,,,,,,,,,,,machine,Small_mammal_classification_model_version_2025,,,,
re_m_hu_4_2024-02-19_0002_1,re_m_hu_4,re_m_hu_4_2024-02-19_0002.JPG,motion_sensor_128,2023-08-14T00:41:27Z,2024-07-30T06:24:16Z,media,blank,,,,,,,,,,,,,,,machine,Small_mammal_classification_model_version_2025,,0.9910928606987,,
re_m_hu_4_2024-02-27_0004_1,re_m_hu_4,re_m_hu_4_2024-02-27_0004.JPG,motion_sensor_166,2023-08-18T14:47:31Z,2024-08-15T22:52:15Z,media,animal,,Lemmus lemmus,,,,,,,,,,,,,machine,Small_mammal_classification_model_version_2025,,,,
re_m_hu_4_2024-02-28_0002_1,re_m_hu_4,re_m_hu_4_2024-02-28_0002.JPG,motion_sensor_171,2023-08-19T11:00:01Z,2024-08-16T04:56:19Z,media,animal,,Cricetidae,,,,,,,,,,,,,machine,Small_mammal_classification_model_version_2025,,,,
re_m_hu_4_2024-03-05_0005_1,re_m_hu_4,re_m_hu_4_2024-03-05_0005.JPG,motion_sensor_249,2023-08-25T21:20:26Z,2024-08-02T15:25:27Z,media,animal,,Cricetidae,,,,,,,,,,,,,machine,Small_mammal_classification_model_version_2025,,,,
re_m_hu_4_2024-03-06_0006_1,re_m_hu_4,re_m_hu_4_2024-03-06_0006.JPG,motion_sensor_255,2023-08-25T23:40:08Z,2024-08-04T16:44:03Z,media,blank,,,,,,,,,,,,,,,machine,Small_mammal_classification_model_version_2025,,,,
re_m_hu_4_2024-03-07_0009_1,re_m_hu_4,re_m_hu_4_2024-03-07_0009.JPG,motion_sensor_284,2023-08-29T00:04:24Z,2024-08-12T15:45:53Z,media,animal,,Sorex spp.,,,,,,,,,,,,,machine,Small_mammal_classification_model_version_2025,,,,
re_m_hu_4_2024-03-08_0018_1,re_m_hu_4,re_m_hu_4_2024-03-08_0018.JPG,motion_sensor_317,2023-09-01T12:40:33Z,2024-08-04T22:13:26Z,media,animal,,Mustela erminea,,,,,,,,,,,,,machine,Small_mammal_classification_model_version_2025,,,,
re_m_hu_4_2024-03-08_0025_1,re_m_hu_4,re_m_hu_4_2024-03-08_0025.JPG,motion_sensor_320,2023-09-01T18:58:42Z,2024-08-05T02:41:16Z,media,animal,,Aves,,,,,,,,,,,,,machine,Small_mammal_classification_model_version_2025,,,,
re_m_hu_4_2024-03-09_0008_1,re_m_hu_4,re_m_hu_4_2024-03-09_0008.JPG,motion_sensor_338,2023-09-04T00:19:59Z,2024-08-05T11:13:56Z,media,animal,,,,,,,,,,,,,,,human,efk,,,,confidence_below_09
re_m_hu_4_2024-03-10_0036_1,re_m_hu_4,re_m_hu_4_2024-03-10_0036.JPG,time_lapse_423,2024-03-07T11:00:00Z,2024-03-10T23:00:00Z,media,animal,,,,,,,,,,,,,,,machine,Small_mammal_classification_model_version_2025,,,,
re_m_hu_4_2024-03-10_0052_1,re_m_hu_4,re_m_hu_4_2024-03-10_0052.JPG,motion_sensor_389,2023-09-06T12:53:54Z,2024-08-09T23:35:07Z,media,blank,,,,,,,,,,,,,,,machine,Small_mammal_classification_model_version_2025,,0.994149208068848,,
re_m_hu_4_2024-03-10_0055_1,re_m_hu_4,re_m_hu_4_2024-03-10_0055.JPG,motion_sensor_391,2023-09-06T19:32:43Z,2024-08-09T23:37:13Z,media,animal,,Aves,,,,,,,,,,,,,machine,Small_mammal_classification_model_version_2025,,,,
re_m_hu_4_2024-03-11_0039_1,re_m_hu_4,re_m_hu_4_2024-03-11_0039.JPG,motion_sensor_410,2023-09-08T09:50:25Z,2024-08-11T16:17:47Z,media,animal,,Aves,,,,,,,,,,,,,machine,Small_mammal_classification_model_version_2025,,,,
re_m_hu_4_2024-04-05_0001_1,re_m_hu_4,re_m_hu_4_2024-04-05_0001.JPG,time_lapse_474,2024-04-01T23:00:00Z,2024-04-05T11:00:00Z,media,animal,,Aves,,,,,,,,,,,,,machine,Small_mammal_classification_model_version_2025,,,,
re_m_hu_4_2024-04-15_0003_1,re_m_hu_4,re_m_hu_4_2024-04-15_0003.JPG,time_lapse_494,2024-04-11T23:00:00Z,2024-04-15T11:00:00Z,media,animal,,Sorex spp.,,,,,,,,,,,,,machine,Small_mammal_classification_model_version_2025,,,,
re_m_hu_4_2024-06-05_0002_1,re_m_hu_4,re_m_hu_4_2024-06-05_0002.JPG,time_lapse_597,2024-06-02T11:00:00Z,2024-06-05T23:00:00Z,media,animal,,Cricetidae,,,,,,,,,,,,,machine,Small_mammal_classification_model_version_2025,,,,
re_m_hu_4_2024-06-14_0001_1,re_m_hu_4,re_m_hu_4_2024-06-14_0001.JPG,time_lapse_614,2024-06-10T23:00:00Z,2024-06-14T11:00:00Z,media,blank,,,,,,,,,,,,,,,machine,Small_mammal_classification_model_version_2025,,0.999993681907654,,
re_m_hu_4_2024-06-19_0004_1,re_m_hu_4,re_m_hu_4_2024-06-19_0004.JPG,motion_sensor_513,2023-09-15T09:22:37Z,2024-08-15T06:20:08Z,media,blank,,,,,,,,,,,,,,,human,efk,,0.633793294429779,,confidence_below_09
re_m_hu_4_2024-06-25_0005_1,re_m_hu_4,re_m_hu_4_2024-06-25_0005.JPG,motion_sensor_540,2023-09-17T20:49:40Z,2024-08-13T04:08:14Z,media,animal,,,,,,,,,,,,,,,machine,Small_mammal_classification_model_version_2025,,,,
re_m_hu_4_2024-07-21_0006_1,re_m_hu_4,re_m_hu_4_2024-07-21_0006.JPG,motion_sensor_552,2023-09-18T14:22:32Z,2024-08-13T13:40:31Z,media,blank,,,,,,,,,,,,,,,machine,Small_mammal_classification_model_version_2025,,,,
re_m_hu_4_2024-07-26_0006_1,re_m_hu_4,re_m_hu_4_2024-07-26_0006.JPG,motion_sensor_573,2023-09-20T09:47:00Z,2024-08-13T22:58:00Z,media,animal,,Mustela nivalis,,,,,,,,,,,,,machine,Small_mammal_classification_model_version_2025,,,,
re_m_hu_4_2024-07-27_0042_1,re_m_hu_4,re_m_hu_4_2024-07-27_0042.JPG,motion_sensor_636,2023-09-22T22:21:28Z,2024-07-27T15:00:20Z,media,animal,,Aves,,,,,,,,,,,,,machine,Small_mammal_classification_model_version_2025,,,,
re_m_hu_4_2024-07-27_0043_1,re_m_hu_4,re_m_hu_4_2024-07-27_0043.JPG,motion_sensor_637,2023-09-22T23:29:18Z,2024-07-27T16:49:34Z,media,blank,,,,,,,,,,,,,,,machine,Small_mammal_classification_model_version_2025,,,,
re_m_hu_4_2024-07-27_0072_1,re_m_hu_4,re_m_hu_4_2024-07-27_0072.JPG,motion_sensor_651,2023-09-23T09:18:55Z,2024-07-27T17:38:07Z,media,animal,,Cricetidae,,,,,,,,,,,,,machine,Small_mammal_classification_model_version_2025,,,,
re_m_hu_4_2024-07-28_0038_1,re_m_hu_4,re_m_hu_4_2024-07-28_0038.JPG,motion_sensor_679,2023-09-25T15:37:13Z,2024-07-28T13:21:12Z,media,animal,,Cricetidae,,,,,,,,,,,,,machine,Small_mammal_classification_model_version_2025,,0.99890398979187,,
re_m_hu_4_2024-08-02_0002_1,re_m_hu_4,re_m_hu_4_2024-08-02_0002.JPG,time_lapse_713,2024-07-30T11:00:00Z,2024-08-02T23:00:00Z,media,animal,,Cricetidae,,,,,,,,,,,,,machine,Small_mammal_classification_model_version_2025,,,,
re_m_hu_4_2024-08-03_0012_1,re_m_hu_4,re_m_hu_4_2024-08-03_0012.JPG,motion_sensor_727,2023-09-30T07:05:44Z,2024-08-03T18:25:02Z,media,animal,,Lemmus lemmus,,,,,,,,,,,,,machine,Small_mammal_classification_model_version_2025,,,,
re_m_hu_4_2024-08-03_0014_1,re_m_hu_4,re_m_hu_4_2024-08-03_0014.JPG,motion_sensor_728,2023-09-30T07:41:50Z,2024-08-03T18:31:00Z,media,unknown,,,,,,,,,,,,,,,machine,Small_mammal_classification_model_version_2025,,,,
re_m_hu_4_2024-08-05_0008_1,re_m_hu_4,re_m_hu_4_2024-08-05_0008.JPG,motion_sensor_742,2023-10-01T11:13:26Z,2024-08-05T08:07:14Z,media,animal,,Lemmus lemmus,,,,,,,,,,,,,machine,Small_mammal_classification_model_version_2025,,,,
re_m_hu_4_2024-08-06_0014_1,re_m_hu_4,re_m_hu_4_2024-08-06_0014.JPG,motion_sensor_754,2023-10-03T07:23:23Z,2024-08-06T07:44:57Z,media,unknown,,,,,,,,,,,,,,,machine,Small_mammal_classification_model_version_2025,,,,
re_m_hu_4_2024-08-07_0075_1,re_m_hu_4,re_m_hu_4_2024-08-07_0075.JPG,motion_sensor_820,2023-10-15T07:53:17Z,2024-08-07T16:28:34Z,media,animal,,Cricetidae,,,,,,,,,,,,,machine,Small_mammal_classification_model_version_2025,,0.999995350837708,,
re_m_hu_4_2024-08-08_0016_1,re_m_hu_4,re_m_hu_4_2024-08-08_0016.JPG,motion_sensor_839,2023-10-18T06:15:05Z,2024-08-08T04:43:27Z,media,animal,,,,,,,,,,,,,,,machine,Small_mammal_classification_model_version_2025,,,,
re_m_hu_4_2024-08-15_0011_1,re_m_hu_4,re_m_hu_4_2024-08-15_0011.JPG,motion_sensor_974,2023-11-06T08:26:29Z,2024-08-15T01:19:53Z,media,unknown,,,,,,,,,,,,,,,human,efk,,,,confidence_below_09
re_m_hu_4_2024-08-15_0016_1,re_m_hu_4,re_m_hu_4_2024-08-15_0016.JPG,motion_sensor_977,2023-11-06T20:11:01Z,2024-08-15T07:01:59Z,media,animal,,Lemmus lemmus,,,,,,,,,,,,,machine,Small_mammal_classification_model_version_2025,,,,
re_m_hu_5_2023-10-15_0002_1,re_m_hu_5,re_m_hu_5_2023-10-15_0002.JPG,time_lapse_129,2023-10-12T11:00:00Z,2023-10-15T23:00:00Z,media,animal,,Lemmus lemmus,,,,,,,,,,,,,machine,Small_mammal_classification_model_version_2025,,,,
re_m_hu_5_2023-12-30_0002_1,re_m_hu_5,re_m_hu_5_2023-12-30_0002.JPG,time_lapse_281,2023-12-27T11:00:00Z,2023-12-30T23:00:00Z,media,animal,,Lemmus lemmus,,,,,,,,,,,,,machine,Small_mammal_classification_model_version_2025,,,,
re_m_hu_5_2024-01-15_0002_1,re_m_hu_5,re_m_hu_5_2024-01-15_0002.JPG,time_lapse_313,2024-01-12T11:00:00Z,2024-01-15T23:00:00Z,media,unknown,,,,,,,,,,,,,,,machine,Small_mammal_classification_model_version_2025,,,,
re_m_hu_5_2024-04-05_0001_1,re_m_hu_5,re_m_hu_5_2024-04-05_0001.JPG,time_lapse_474,2024-04-01T23:00:00Z,2024-04-05T11:00:00Z,media,animal,,Lemmus lemmus,,,,,,,,,,,,,machine,Small_mammal_classification_model_version_2025,,,,
re_m_hu_5_2024-05-20_0009_1,re_m_hu_5,re_m_hu_5_2024-05-20_0009.JPG,motion_sensor_26,2023-08-11T20:43:09Z,2024-07-03T15:28:21Z,media,animal,,Mustela erminea,,,,,,,,,,,,,machine,Small_mammal_classification_model_version_2025,,,,
re_m_hu_5_2024-05-30_0005_1,re_m_hu_5,re_m_hu_5_2024-05-30_0005.JPG,motion_sensor_60,2023-08-12T14:55:05Z,2024-08-09T13:59:50Z,media,blank,,,,,,,,,,,,,,,machine,Small_mammal_classification_model_version_2025,,,,
re_m_hu_5_2024-05-30_0027_1,re_m_hu_5,re_m_hu_5_2024-05-30_0027.JPG,motion_sensor_71,2023-08-12T20:12:20Z,2024-08-14T01:13:49Z,media,animal,,Mustela nivalis,,,,,,,,,,,,,machine,Small_mammal_classification_model_version_2025,,,,
re_m_hu_5_2024-05-30_0056_1,re_m_hu_5,re_m_hu_5_2024-05-30_0056.JPG,motion_sensor_85,2023-08-13T03:31:57Z,2024-07-18T15:31:25Z,media,animal,,Mustela erminea,,,,,,,,,,,,,machine,Small_mammal_classification_model_version_2025,,,,
re_m_hu_5_2024-05-31_0059_1,re_m_hu_5,re_m_hu_5_2024-05-31_0059.JPG,motion_sensor_126,2023-08-13T22:12:06Z,2024-07-30T06:22:15Z,media,animal,,Mustela nivalis,,,,,,,,,,,,,machine,Small_mammal_classification_model_version_2025,,,,
re_m_hu_5_2024-06-03_0024_1,re_m_hu_5,re_m_hu_5_2024-06-03_0024.JPG,motion_sensor_186,2023-08-21T05:39:41Z,2024-08-13T16:11:15Z,media,animal,,Sorex spp.,,,,,,,,,,,,,machine,Small_mammal_classification_model_version_2025,,,,
re_m_hu_5_2024-06-05_0012_1,re_m_hu_5,re_m_hu_5_2024-06-05_0012.JPG,motion_sensor_196,2023-08-22T02:35:25Z,2024-08-16T14:21:58Z,media,animal,,Cricetidae,,,,,,,,,,,,,machine,Small_mammal_classification_model_version_2025,,0.999998450279236,,
re_m_hu_5_2024-06-06_0006_1,re_m_hu_5,re_m_hu_5_2024-06-06_0006.JPG,motion_sensor_243,2023-08-25T08:47:05Z,2024-08-13T10:36:30Z,media,animal,,Lemmus lemmus,,,,,,,,,,,,,machine,Small_mammal_classification_model_version_2025,,,,
re_m_hu_5_2024-06-06_0044_1,re_m_hu_5,re_m_hu_5_2024-06-06_0044.JPG,motion_sensor_261,2023-08-26T08:45:59Z,2024-08-05T08:38:02Z,media,animal,,Mustela erminea,,,,,,,,,,,,,machine,Small_mammal_classification_model_version_2025,,,,
re_m_hu_5_2024-06-07_0014_1,re_m_hu_5,re_m_hu_5_2024-06-07_0014.JPG,motion_sensor_284,2023-08-29T00:04:24Z,2024-08-12T15:45:53Z,media,animal,,Aves,,,,,,,,,,,,,machine,Small_mammal_classification_model_version_2025,,,,
re_m_hu_5_2024-06-07_0043_1,re_m_hu_5,re_m_hu_5_2024-06-07_0043.JPG,motion_sensor_298,2023-08-30T09:10:48Z,2024-08-13T19:03:15Z,media,animal,,,,,,,,,,,,,,,machine,Small_mammal_classification_model_version_2025,,,,
re_m_hu_5_2024-06-08_0005_1,re_m_hu_5,re_m_hu_5_2024-06-08_0005.JPG,motion_sensor_303,2023-08-30T22:58:09Z,2024-08-13T20:41:56Z,media,animal,,Aves,,,,,,,,,,,,,machine,Small_mammal_classification_model_version_2025,,,,
re_m_hu_5_2024-06-10_0011_1,re_m_hu_5,re_m_hu_5_2024-06-10_0011.JPG,motion_sensor_339,2023-09-04T00:25:38Z,2024-08-05T11:18:55Z,media,animal,,Lemmus lemmus,,,,,,,,,,,,,machine,Small_mammal_classification_model_version_2025,,,,
re_m_hu_5_2024-06-10_0083_1,re_m_hu_5,re_m_hu_5_2024-06-10_0083.JPG,motion_sensor_375,2023-09-05T12:14:06Z,2024-08-09T21:22:00Z,media,animal,,Aves,,,,,,,,,,,,,machine,Small_mammal_classification_model_version_2025,,,,
re_m_hu_5_2024-06-10_0087_1,re_m_hu_5,re_m_hu_5_2024-06-10_0087.JPG,motion_sensor_377,2023-09-05T15:20:51Z,2024-08-09T21:34:44Z,media,animal,,Aves,,,,,,,,,,,,,machine,Small_mammal_classification_model_version_2025,,,,
re_m_hu_5_2024-06-11_0011_1,re_m_hu_5,re_m_hu_5_2024-06-11_0011.JPG,motion_sensor_384,2023-09-05T21:03:21Z,2024-08-09T22:07:29Z,media,animal,,Lemmus lemmus,,,,,,,,,,,,,machine,Small_mammal_classification_model_version_2025,,,,
re_m_hu_5_2024-06-14_0002_1,re_m_hu_5,re_m_hu_5_2024-06-14_0002.JPG,motion_sensor_444,2023-09-10T12:36:32Z,2024-08-12T14:58:28Z,media,unknown,,,,,,,,,,,,,,,machine,Small_mammal_classification_model_version_2025,,,,
re_m_hu_5_2024-06-14_0013_1,re_m_hu_5,re_m_hu_5_2024-06-14_0013.JPG,motion_sensor_449,2023-09-10T15:24:02Z,2024-08-12T15:29:25Z,media,animal,,,,,,,,,,,,,,,machine,Small_mammal_classification_model_version_2025,,,,
re_m_hu_5_2024-06-15_0037_1,re_m_hu_5,re_m_hu_5_2024-06-15_0037.JPG,motion_sensor_509,2023-09-14T14:46:49Z,2024-08-14T16:36:51Z,media,blank,,,,,,,,,,,,,,,machine,Small_mammal_classification_model_version_2025,,,,
re_m_hu_5_2024-06-17_0045_1,re_m_hu_5,re_m_hu_5_2024-06-17_0045.JPG,motion_sensor_577,2023-09-20T12:50:35Z,2024-08-13T23:47:38Z,media,animal,,Cricetidae,,,,,,,,,,,,,machine,Small_mammal_classification_model_version_2025,,0.999999523162842,,
re_m_hu_5_2024-06-18_0027_1,re_m_hu_5,re_m_hu_5_2024-06-18_0027.JPG,motion_sensor_610,2023-09-22T01:43:05Z,2024-07-26T16:02:23Z,media,blank,,,,,,,,,,,,,,,machine,Small_mammal_classification_model_version_2025,,0.979909002780914,,
re_m_hu_5_2024-06-18_0045_1,re_m_hu_5,re_m_hu_5_2024-06-18_0045.JPG,motion_sensor_619,2023-09-22T12:33:45Z,2024-07-27T05:39:00Z,media,animal,,,,,,,,,,,,,,,machine,Small_mammal_classification_model_version_2025,,,,
re_m_hu_5_2024-06-19_0091_1,re_m_hu_5,re_m_hu_5_2024-06-19_0091.JPG,motion_sensor_666,2023-09-24T12:40:44Z,2024-07-28T06:06:36Z,media,animal,,Mustela nivalis,,,,,,,,,,,,,machine,Small_mammal_classification_model_version_2025,,,,
re_m_hu_5_2024-06-22_0030_1,re_m_hu_5,re_m_hu_5_2024-06-22_0030.JPG,motion_sensor_729,2023-09-30T09:52:58Z,2024-08-03T18:40:11Z,media,animal,,,,,,,,,,,,,,,machine,Small_mammal_classification_model_version_2025,,,,
re_m_hu_5_2024-06-23_0043_1,re_m_hu_5,re_m_hu_5_2024-06-23_0043.JPG,motion_sensor_772,2023-10-05T18:18:56Z,2024-08-06T17:56:58Z,media,animal,,,,,,,,,,,,,,,machine,Small_mammal_classification_model_version_2025,,,,
re_m_hu_5_2024-06-23_0074_1,re_m_hu_5,re_m_hu_5_2024-06-23_0074.JPG,motion_sensor_787,2023-10-10T13:01:14Z,2024-08-07T00:01:35Z,media,blank,,,,,,,,,,,,,,,machine,Small_mammal_classification_model_version_2025,,,,
re_m_hu_5_2024-06-24_0063_1,re_m_hu_5,re_m_hu_5_2024-06-24_0063.JPG,motion_sensor_829,2023-10-16T19:26:09Z,2024-08-07T17:56:56Z,media,animal,,Aves,,,,,,,,,,,,,machine,Small_mammal_classification_model_version_2025,,,,
re_m_hu_5_2024-06-26_0063_1,re_m_hu_5,re_m_hu_5_2024-06-26_0063.JPG,motion_sensor_904,2023-10-26T20:43:33Z,2024-08-11T04:39:43Z,media,animal,,Mustela nivalis,,,,,,,,,,,,,machine,Small_mammal_classification_model_version_2025,,,,
re_m_hu_5_2024-06-27_0027_1,re_m_hu_5,re_m_hu_5_2024-06-27_0027.JPG,motion_sensor_924,2023-10-30T02:51:31Z,2024-08-12T14:33:01Z,media,animal,,Cricetidae,,,,,,,,,,,,,machine,Small_mammal_classification_model_version_2025,,,,
re_m_hu_5_2024-06-28_0034_1,re_m_hu_5,re_m_hu_5_2024-06-28_0034.JPG,motion_sensor_969,2023-11-05T23:27:38Z,2024-08-14T21:22:36Z,media,animal,,,,,,,,,,,,,,,machine,Small_mammal_classification_model_version_2025,,,,
re_m_hu_5_2024-06-28_0045_1,re_m_hu_5,re_m_hu_5_2024-06-28_0045.JPG,motion_sensor_974,2023-11-06T08:26:29Z,2024-08-15T01:19:53Z,media,unknown,,,,,,,,,,,,,,,machine,Small_mammal_classification_model_version_2025,,,,
re_m_hu_5_2024-06-29_0026_1,re_m_hu_5,re_m_hu_5_2024-06-29_0026.JPG,motion_sensor_999,2023-11-09T13:26:51Z,2024-08-09T21:46:17Z,media,animal,,Sorex spp.,,,,,,,,,,,,,machine,Small_mammal_classification_model_version_2025,,,,
re_m_hu_5_2024-07-01_0030_1,re_m_hu_5,re_m_hu_5_2024-07-01_0030.JPG,motion_sensor_1055,2023-11-22T12:28:09Z,2024-08-12T20:35:06Z,media,unknown,,,,,,,,,,,,,,,machine,Small_mammal_classification_model_version_2025,,,,
re_m_hu_5_2024-07-08_0016_1,re_m_hu_5,re_m_hu_5_2024-07-08_0016.JPG,motion_sensor_1207,2023-12-18T17:45:18Z,2024-08-02T22:46:59Z,media,animal,,Sorex spp.,,,,,,,,,,,,,machine,Small_mammal_classification_model_version_2025,,,,
re_m_hu_5_2024-07-09_0024_1,re_m_hu_5,re_m_hu_5_2024-07-09_0024.JPG,motion_sensor_1228,2023-12-20T19:58:50Z,2024-08-10T08:08:41Z,media,animal,,,,,,,,,,,,,,,machine,Small_mammal_classification_model_version_2025,,,,
re_m_hu_5_2024-07-19_0018_1,re_m_hu_5,re_m_hu_5_2024-07-19_0018.JPG,motion_sensor_1291,2023-12-30T14:04:12Z,2024-07-20T12:54:58Z,media,unknown,,,,,,,,,,,,,,,machine,Small_mammal_classification_model_version_2025,,,,
re_m_hu_5_2024-07-19_0023_1,re_m_hu_5,re_m_hu_5_2024-07-19_0023.JPG,motion_sensor_1293,2023-12-30T22:00:26Z,2024-07-20T13:08:41Z,media,animal,,Mustela erminea,,,,,,,,,,,,,machine,Small_mammal_classification_model_version_2025,,,,
re_m_hu_5_2024-07-19_0037_1,re_m_hu_5,re_m_hu_5_2024-07-19_0037.JPG,motion_sensor_1300,2024-01-01T11:52:46Z,2024-07-20T18:48:56Z,media,animal,,Sorex spp.,,,,,,,,,,,,,machine,Small_mammal_classification_model_version_2025,,,,
re_m_hu_5_2024-07-19_0108_1,re_m_hu_5,re_m_hu_5_2024-07-19_0108.JPG,motion_sensor_1335,2024-01-07T13:43:58Z,2024-07-26T01:04:41Z,media,animal,,Aves,,,,,,,,,,,,,machine,Small_mammal_classification_model_version_2025,,,,
re_m_hu_5_2024-07-20_0018_1,re_m_hu_5,re_m_hu_5_2024-07-20_0018.JPG,motion_sensor_1373,2024-01-12T08:29:24Z,2024-08-07T01:20:18Z,media,animal,,Mustela erminea,,,,,,,,,,,,,machine,Small_mammal_classification_model_version_2025,,,,
re_m_hu_5_2024-07-20_0033_1,re_m_hu_5,re_m_hu_5_2024-07-20_0033.JPG,motion_sensor_1380,2024-01-13T10:34:16Z,2024-08-10T22:43:14Z,media,animal,,,,,,,,,,,,,,,machine,Small_mammal_classification_model_version_2025,,,,
re_m_hu_5_2024-07-20_0090_1,re_m_hu_5,re_m_hu_5_2024-07-20_0090.JPG,motion_sensor_1408,2024-01-20T05:43:13Z,2024-08-13T04:22:37Z,media,blank,,,,,,,,,,,,,,,machine,Small_mammal_classification_model_version_2025,,0.992577731609344,,
re_m_hu_5_2024-07-21_0010_1,re_m_hu_5,re_m_hu_5_2024-07-21_0010.JPG,motion_sensor_1420,2024-01-23T04:19:38Z,2024-07-21T04:13:35Z,media,animal,,Aves,,,,,,,,,,,,,machine,Small_mammal_classification_model_version_2025,,,,
re_m_hu_5_2024-07-23_0035_1,re_m_hu_5,re_m_hu_5_2024-07-23_0035.JPG,motion_sensor_1474,2024-02-05T07:40:49Z,2024-08-05T13:14:29Z,media,animal,,Aves,,,,,,,,,,,,,machine,Small_mammal_classification_model_version_2025,,,,
re_m_hu_5_2024-07-23_0052_1,re_m_hu_5,re_m_hu_5_2024-07-23_0052.JPG,motion_sensor_1482,2024-02-06T13:25:18Z,2024-08-05T22:29:23Z,media,unknown,,,,,,,,,,,,,,,machine,Small_mammal_classification_model_version_2025,,,,
re_m_hu_5_2024-07-23_0060_1,re_m_hu_5,re_m_hu_5_2024-07-23_0060.JPG,motion_sensor_1486,2024-02-07T11:33:11Z,2024-08-06T04:11:59Z,media,animal,,Cricetidae,,,,,,,,,,,,,machine,Small_mammal_classification_model_version_2025,,,,
re_m_hu_5_2024-07-23_0076_1,re_m_hu_5,re_m_hu_5_2024-07-23_0076.JPG,motion_sensor_1494,2024-02-09T03:34:17Z,2024-08-06T15:34:07Z,media,animal,,Sorex spp.,,,,,,,,,,,,,machine,Small_mammal_classification_model_version_2025,,,,
re_m_hu_5_2024-07-25_0009_1,re_m_hu_5,re_m_hu_5_2024-07-25_0009.JPG,motion_sensor_1529,2024-02-18T16:48:07Z,2024-08-11T12:06:09Z,media,animal,,Cricetidae,,,,,,,,,,,,,machine,Small_mammal_classification_model_version_2025,,,,
re_m_hu_5_2024-07-25_0024_1,re_m_hu_5,re_m_hu_5_2024-07-25_0024.JPG,motion_sensor_1537,2024-02-21T20:04:44Z,2024-08-12T11:51:33Z,media,animal,,,,,,,,,,,,,,,machine,Small_mammal_classification_model_version_2025,,,,
re_m_hu_5_2024-07-25_0058_1,re_m_hu_5,re_m_hu_5_2024-07-25_0058.JPG,motion_sensor_1553,2024-02-25T00:02:42Z,2024-08-15T09:41:15Z,media,animal,,Mustela nivalis,,,,,,,,,,,,,machine,Small_mammal_classification_model_version_2025,,,,
re_m_hu_5_2024-07-26_0024_1,re_m_hu_5,re_m_hu_5_2024-07-26_0024.JPG,motion_sensor_1573,2024-02-29T08:35:58Z,2024-07-26T06:38:09Z,media,animal,,Mustela nivalis,,,,,,,,,,,,,machine,Small_mammal_classification_model_version_2025,,,,
re_m_hu_5_2024-07-27_0048_1,re_m_hu_5,re_m_hu_5_2024-07-27_0048.JPG,motion_sensor_1630,2024-03-16T08:49:40Z,2024-07-27T07:08:30Z,media,blank,,,,,,,,,,,,,,,machine,Small_mammal_classification_model_version_2025,,,,
re_m_hu_5_2024-07-27_0077_1,re_m_hu_5,re_m_hu_5_2024-07-27_0077.JPG,motion_sensor_1644,2024-03-21T15:21:45Z,2024-07-27T19:59:30Z,media,animal,,Lemmus lemmus,,,,,,,,,,,,,machine,Small_mammal_classification_model_version_2025,,,,
re_m_hu_5_2024-07-28_0018_1,re_m_hu_5,re_m_hu_5_2024-07-28_0018.JPG,motion_sensor_1664,2024-03-28T14:52:08Z,2024-08-05T10:09:02Z,media,animal,,,,,,,,,,,,,,,machine,Small_mammal_classification_model_version_2025,,,,
re_m_hu_5_2024-07-30_0040_1,re_m_hu_5,re_m_hu_5_2024-07-30_0040.JPG,motion_sensor_1744,2024-04-14T05:34:29Z,2024-07-30T16:52:09Z,media,animal,,,,,,,,,,,,,,,machine,Small_mammal_classification_model_version_2025,,,,
re_m_hu_5_2024-07-30_0044_1,re_m_hu_5,re_m_hu_5_2024-07-30_0044.JPG,motion_sensor_1746,2024-04-14T11:38:59Z,2024-07-30T18:03:38Z,media,animal,,Lemmus lemmus,,,,,,,,,,,,,machine,Small_mammal_classification_model_version_2025,,,,
re_m_hu_5_2024-07-31_0011_1,re_m_hu_5,re_m_hu_5_2024-07-31_0011.JPG,motion_sensor_1753,2024-04-14T20:58:29Z,2024-07-31T15:50:47Z,media,animal,,Mustela nivalis,,,,,,,,,,,,,machine,Small_mammal_classification_model_version_2025,,,,
re_m_hu_5_2024-08-03_0013_1,re_m_hu_5,re_m_hu_5_2024-08-03_0013.JPG,motion_sensor_1787,2024-04-23T18:22:38Z,2024-08-03T10:27:45Z,media,blank,,,,,,,,,,,,,,,machine,Small_mammal_classification_model_version_2025,,,,
re_m_hu_5_2024-08-03_0029_1,re_m_hu_5,re_m_hu_5_2024-08-03_0029.JPG,motion_sensor_1795,2024-04-25T15:47:01Z,2024-08-03T16:59:42Z,media,animal,,Sorex spp.,,,,,,,,,,,,,machine,Small_mammal_classification_model_version_2025,,,,
re_m_hu_5_2024-08-05_0028_1,re_m_hu_5,re_m_hu_5_2024-08-05_0028.JPG,motion_sensor_1819,2024-04-30T04:34:47Z,2024-08-05T16:24:12Z,media,animal,,Aves,,,,,,,,,,,,,machine,Small_mammal_classification_model_version_2025,,,,
re_m_hu_5_2024-08-05_0032_1,re_m_hu_5,re_m_hu_5_2024-08-05_0032.JPG,motion_sensor_1821,2024-04-30T04:46:43Z,2024-08-05T16:47:13Z,media,animal,,Mustela erminea,,,,,,,,,,,,,machine,Small_mammal_classification_model_version_2025,,,,
re_m_hu_5_2024-08-06_0017_1,re_m_hu_5,re_m_hu_5_2024-08-06_0017.JPG,motion_sensor_1835,2024-05-02T02:51:11Z,2024-08-06T13:06:36Z,media,animal,,Sorex spp.,,,,,,,,,,,,,machine,Small_mammal_classification_model_version_2025,,,,
re_m_hu_5_2024-08-08_0030_1,re_m_hu_5,re_m_hu_5_2024-08-08_0030.JPG,motion_sensor_1858,2024-05-04T20:38:28Z,2024-08-08T18:04:50Z,media,animal,,Lemmus lemmus,,,,,,,,,,,,,machine,Small_mammal_classification_model_version_2025,,,,
re_m_hu_5_2024-08-09_0029_1,re_m_hu_5,re_m_hu_5_2024-08-09_0029.JPG,motion_sensor_1879,2024-05-06T15:45:19Z,2024-08-09T10:58:57Z,media,animal,,Aves,,,,,,,,,,,,,machine,Small_mammal_classification_model_version_2025,,,,
re_m_hu_5_2024-08-10_0037_1,re_m_hu_5,re_m_hu_5_2024-08-10_0037.JPG,motion_sensor_1922,2024-05-11T06:56:53Z,2024-08-10T09:51:35Z,media,animal,,,,,,,,,,,,,,,machine,Small_mammal_classification_model_version_2025,,,,
re_m_hu_5_2024-08-12_0031_1,re_m_hu_5,re_m_hu_5_2024-08-12_0031.JPG,motion_sensor_1972,2024-05-14T13:05:44Z,2024-08-12T10:33:38Z,media,unknown,,,,,,,,,,,,,,,machine,Small_mammal_classification_model_version_2025,,,,
re_m_hu_5_2024-08-12_0045_1,re_m_hu_5,re_m_hu_5_2024-08-12_0045.JPG,motion_sensor_1979,2024-05-15T14:37:51Z,2024-08-12T14:26:28Z,media,animal,,Mustela erminea,,,,,,,,,,,,,machine,Small_mammal_classification_model_version_2025,,,,
re_m_hu_6_2023-08-27_0001_1,re_m_hu_6,re_m_hu_6_2023-08-27_0001.JPG,time_lapse_29,2023-08-23T11:00:00Z,2023-08-26T23:00:00Z,media,animal,,,,,,,,,,,,,,,machine,Small_mammal_classification_model_version_2025,,,,
re_m_hu_6_2023-10-05_0009_1,re_m_hu_6,re_m_hu_6_2023-10-05_0009.JPG,motion_sensor_23,2023-08-11T17:13:24Z,2024-07-03T09:04:50Z,media,animal,,Aves,,,,,,,,,,,,,machine,Small_mammal_classification_model_version_2025,,,,
re_m_hu_6_2023-10-05_0097_1,re_m_hu_6,re_m_hu_6_2023-10-05_0097.JPG,motion_sensor_67,2023-08-12T19:19:45Z,2024-08-13T10:34:05Z,media,blank,,,,,,,,,,,,,,,machine,Small_mammal_classification_model_version_2025,,0.991221785545349,,
re_m_hu_6_2023-10-05_0113_1,re_m_hu_6,re_m_hu_6_2023-10-05_0113.JPG,motion_sensor_75,2023-08-12T23:16:16Z,2024-08-15T02:09:53Z,media,animal,,,,,,,,,,,,,,,machine,Small_mammal_classification_model_version_2025,,,,
re_m_hu_6_2023-10-06_0007_1,re_m_hu_6,re_m_hu_6_2023-10-06_0007.JPG,motion_sensor_95,2023-08-13T08:31:47Z,2024-07-23T23:10:39Z,media,animal,,Mustela nivalis,,,,,,,,,,,,,machine,Small_mammal_classification_model_version_2025,,,,
re_m_hu_6_2023-11-11_0001_1,re_m_hu_6,re_m_hu_6_2023-11-11_0001.JPG,time_lapse_181,2023-11-07T11:00:00Z,2023-11-10T23:00:00Z,media,animal,,Aves,,,,,,,,,,,,,machine,Small_mammal_classification_model_version_2025,,,,
re_m_hu_6_2023-12-08_0002_1,re_m_hu_6,re_m_hu_6_2023-12-08_0002.JPG,time_lapse_236,2023-12-04T23:00:00Z,2023-12-08T11:00:00Z,media,unknown,,,,,,,,,,,,,,,machine,Small_mammal_classification_model_version_2025,,,,
re_m_hu_6_2024-01-17_0002_1,re_m_hu_6,re_m_hu_6_2024-01-17_0002.JPG,time_lapse_316,2024-01-13T23:00:00Z,2024-01-17T11:00:00Z,media,animal,,Sorex spp.,,,,,,,,,,,,,machine,Small_mammal_classification_model_version_2025,,,,
re_m_hu_6_2024-01-18_0002_1,re_m_hu_6,re_m_hu_6_2024-01-18_0002.JPG,time_lapse_318,2024-01-14T23:00:00Z,2024-01-18T11:00:00Z,media,animal,,Sorex spp.,,,,,,,,,,,,,machine,Small_mammal_classification_model_version_2025,,,,
re_m_hu_6_2024-03-05_0001_1,re_m_hu_6,re_m_hu_6_2024-03-05_0001.JPG,time_lapse_411,2024-03-01T11:00:00Z,2024-03-04T23:00:00Z,media,animal,,Cricetidae,,,,,,,,,,,,,machine,Small_mammal_classification_model_version_2025,,,,
re_m_hu_6_2024-05-08_0002_1,re_m_hu_6,re_m_hu_6_2024-05-08_0002.JPG,time_lapse_540,2024-05-04T23:00:00Z,2024-05-08T11:00:00Z,media,animal,,,,,,,,,,,,,,,machine,Small_mammal_classification_model_version_2025,,,,
re_m_hu_6_2024-06-12_0001_1,re_m_hu_6,re_m_hu_6_2024-06-12_0001.JPG,time_lapse_609,2024-06-08T11:00:00Z,2024-06-11T23:00:00Z,media,animal,,Aves,,,,,,,,,,,,,machine,Small_mammal_classification_model_version_2025,,,,
re_m_hu_6_2024-07-31_0002_1,re_m_hu_6,re_m_hu_6_2024-07-31_0002.JPG,time_lapse_708,2024-07-27T23:00:00Z,2024-07-31T11:00:00Z,media,animal,,Sorex spp.,,,,,,,,,,,,,machine,Small_mammal_classification_model_version_2025,,,,
re_m_sn_1_2023-09-01_0002_1,re_m_sn_1,re_m_sn_1_2023-09-01_0002.JPG,time_lapse_43,2023-08-30T11:00:00Z,2023-09-02T23:00:00Z,media,animal,,Sorex spp.,,,,,,,,,,,,,machine,Small_mammal_classification_model_version_2025,,,,
re_m_sn_1_2023-09-11_0001_1,re_m_sn_1,re_m_sn_1_2023-09-11_0001.JPG,time_lapse_62,2023-09-08T23:00:00Z,2023-09-12T11:00:00Z,media,unknown,,,,,,,,,,,,,,,machine,Small_mammal_classification_model_version_2025,,,,
re_m_sn_1_2023-09-13_0001_1,re_m_sn_1,re_m_sn_1_2023-09-13_0001.JPG,time_lapse_66,2023-09-10T23:00:00Z,2023-09-14T11:00:00Z,media,unknown,,,,,,,,,,,,,,,machine,Small_mammal_classification_model_version_2025,,,,
re_m_sn_1_2024-01-27_0002_1,re_m_sn_1,re_m_sn_1_2024-01-27_0002.JPG,time_lapse_339,2024-01-25T11:00:00Z,2024-01-28T23:00:00Z,media,blank,,,,,,,,,,,,,,,machine,Small_mammal_classification_model_version_2025,,0.999998807907104,,
re_m_sn_1_2024-03-02_0002_1,re_m_sn_1,re_m_sn_1_2024-03-02_0002.JPG,time_lapse_409,2024-02-29T11:00:00Z,2024-03-03T23:00:00Z,media,animal,,,,,,,,,,,,,,,machine,Small_mammal_classification_model_version_2025,,,,
re_m_sn_1_2024-04-21_0002_1,re_m_sn_1,re_m_sn_1_2024-04-21_0002.JPG,time_lapse_509,2024-04-19T11:00:00Z,2024-04-22T23:00:00Z,media,animal,,Sorex spp.,,,,,,,,,,,,,machine,Small_mammal_classification_model_version_2025,,,,
re_m_sn_1_2024-05-13_0001_1,re_m_sn_1,re_m_sn_1_2024-05-13_0001.JPG,time_lapse_552,2024-05-10T23:00:00Z,2024-05-14T11:00:00Z,media,animal,,Sorex spp.,,,,,,,,,,,,,machine,Small_mammal_classification_model_version_2025,,,,
re_m_sn_1_2024-05-13_0002_1,re_m_sn_1,re_m_sn_1_2024-05-13_0002.JPG,time_lapse_553,2024-05-11T11:00:00Z,2024-05-14T23:00:00Z,media,animal,,Cricetidae,,,,,,,,,,,,,machine,Small_mammal_classification_model_version_2025,,,,
re_m_sn_1_2024-05-14_0001_1,re_m_sn_1,re_m_sn_1_2024-05-14_0001.JPG,time_lapse_554,2024-05-11T23:00:00Z,2024-05-15T11:00:00Z,media,animal,,,,,,,,,,,,,,,machine,Small_mammal_classification_model_version_2025,,,,
re_m_sn_1_2024-05-30_0002_1,re_m_sn_1,re_m_sn_1_2024-05-30_0002.JPG,time_lapse_587,2024-05-28T11:00:00Z,2024-05-31T23:00:00Z,media,animal,,Aves,,,,,,,,,,,,,machine,Small_mammal_classification_model_version_2025,,,,
re_m_sn_1_2024-06-09_0002_1,re_m_sn_1,re_m_sn_1_2024-06-09_0002.JPG,time_lapse_607,2024-06-07T11:00:00Z,2024-06-10T23:00:00Z,media,unknown,,,,,,,,,,,,,,,machine,Small_mammal_classification_model_version_2025,,,,
re_m_sn_1_2024-08-15_0005_1,re_m_sn_1,re_m_sn_1_2024-08-15_0005.JPG,motion_sensor_74,2023-08-12T23:13:25Z,2024-08-15T00:51:31Z,media,animal,,Mustela nivalis,,,,,,,,,,,,,machine,Small_mammal_classification_model_version_2025,,,,
re_m_sn_2_2023-12-01_0002_1,re_m_sn_2,re_m_sn_2_2023-12-01_0002.JPG,time_lapse_224,2023-11-28T23:00:00Z,2023-12-02T11:00:00Z,media,animal,,Mustela erminea,,,,,,,,,,,,,machine,Small_mammal_classification_model_version_2025,,,,
re_m_sn_2_2023-12-30_0002_1,re_m_sn_2,re_m_sn_2_2023-12-30_0002.JPG,time_lapse_282,2023-12-27T23:00:00Z,2023-12-31T11:00:00Z,media,blank,,,,,,,,,,,,,,,machine,Small_mammal_classification_model_version_2025,,0.999996066093445,,
re_m_sn_2_2024-01-03_0001_1,re_m_sn_2,re_m_sn_2_2024-01-03_0001.JPG,time_lapse_289,2023-12-31T11:00:00Z,2024-01-03T23:00:00Z,media,animal,,Aves,,,,,,,,,,,,,machine,Small_mammal_classification_model_version_2025,,,,
re_m_sn_2_2024-02-14_0001_1,re_m_sn_2,re_m_sn_2_2024-02-14_0001.JPG,time_lapse_373,2024-02-11T11:00:00Z,2024-02-14T23:00:00Z,media,animal,,Mustela erminea,,,,,,,,,,,,,machine,Small_mammal_classification_model_version_2025,,,,
re_m_sn_2_2024-02-16_0002_1,re_m_sn_2,re_m_sn_2_2024-02-16_0002.JPG,time_lapse_378,2024-02-13T23:00:00Z,2024-02-17T11:00:00Z,media,unknown,,,,,,,,,,,,,,,machine,Small_mammal_classification_model_version_2025,,,,
re_m_sn_2_2024-03-20_0002_1,re_m_sn_2,re_m_sn_2_2024-03-20_0002.JPG,time_lapse_444,2024-03-17T23:00:00Z,2024-03-21T11:00:00Z,media,blank,,,,,,,,,,,,,,,machine,Small_mammal_classification_model_version_2025,,0.999998211860657,,
re_m_sn_2_2024-03-24_0001_1,re_m_sn_2,re_m_sn_2_2024-03-24_0001.JPG,time_lapse_451,2024-03-21T11:00:00Z,2024-03-24T23:00:00Z,media,animal,,Mustela nivalis,,,,,,,,,,,,,machine,Small_mammal_classification_model_version_2025,,,,
re_m_sn_2_2024-04-28_0001_1,re_m_sn_2,re_m_sn_2_2024-04-28_0001.JPG,time_lapse_521,2024-04-25T11:00:00Z,2024-04-28T23:00:00Z,media,animal,,Mustela erminea,,,,,,,,,,,,,machine,Small_mammal_classification_model_version_2025,,,,
re_m_sn_2_2024-06-14_0001_1,re_m_sn_2,re_m_sn_2_2024-06-14_0001.JPG,time_lapse_615,2024-06-11T11:00:00Z,2024-06-14T23:00:00Z,media,animal,,Cricetidae,,,,,,,,,,,,,machine,Small_mammal_classification_model_version_2025,,,,
re_m_sn_2_2024-06-14_0002_1,re_m_sn_2,re_m_sn_2_2024-06-14_0002.JPG,time_lapse_616,2024-06-11T23:00:00Z,2024-06-15T11:00:00Z,media,animal,,Sorex spp.,,,,,,,,,,,,,machine,Small_mammal_classification_model_version_2025,,,,
re_m_sn_2_2024-06-15_0001_1,re_m_sn_2,re_m_sn_2_2024-06-15_0001.JPG,time_lapse_617,2024-06-12T11:00:00Z,2024-06-15T23:00:00Z,media,animal,,,,,,,,,,,,,,,machine,Small_mammal_classification_model_version_2025,,,,
re_m_sn_2_2024-07-06_0001_1,re_m_sn_2,re_m_sn_2_2024-07-06_0001.JPG,time_lapse_659,2024-07-03T11:00:00Z,2024-07-06T23:00:00Z,media,animal,,Cricetidae,,,,,,,,,,,,,machine,Small_mammal_classification_model_version_2025,,,,
re_m_sn_2_2024-07-12_0001_1,re_m_sn_2,re_m_sn_2_2024-07-12_0001.JPG,time_lapse_671,2024-07-09T11:00:00Z,2024-07-12T23:00:00Z,media,unknown,,,,,,,,,,,,,,,machine,Small_mammal_classification_model_version_2025,,,,
re_m_sn_2_2024-07-28_0003_1,re_m_sn_2,re_m_sn_2_2024-07-28_0003.JPG,time_lapse_703,2024-07-25T11:00:00Z,2024-07-28T23:00:00Z,media,animal,,Mustela erminea,,,,,,,,,,,,,machine,Small_mammal_classification_model_version_2025,,,,
re_m_sn_2_2024-08-15_0001_1,re_m_sn_2,re_m_sn_2_2024-08-15_0001.JPG,time_lapse_739,2024-08-12T11:00:00Z,2024-08-15T23:00:00Z,media,animal,,Mustela erminea,,,,,,,,,,,,,machine,Small_mammal_classification_model_version_2025,,,,
re_m_sn_3_2023-08-22_0001_1,re_m_sn_3,re_m_sn_3_2023-08-22_0001.JPG,time_lapse_21,2023-08-19T11:00:00Z,2023-08-22T23:00:00Z,media,animal,,Lemmus lemmus,,,,,,,,,,,,,machine,Small_mammal_classification_model_version_2025,,,,
re_m_sn_3_2023-08-29_0002_1,re_m_sn_3,re_m_sn_3_2023-08-29_0002.JPG,time_lapse_36,2023-08-26T23:00:00Z,2023-08-30T11:00:00Z,media,animal,,Sorex spp.,,,,,,,,,,,,,machine,Small_mammal_classification_model_version_2025,,,,
re_m_sn_3_2023-10-11_0002_1,re_m_sn_3,re_m_sn_3_2023-10-11_0002.JPG,time_lapse_122,2023-10-08T23:00:00Z,2023-10-12T11:00:00Z,media,animal,,Cricetidae,,,,,,,,,,,,,machine,Small_mammal_classification_model_version_2025,,,,
re_m_sn_3_2023-10-25_0002_1,re_m_sn_3,re_m_sn_3_2023-10-25_0002.JPG,time_lapse_150,2023-10-22T23:00:00Z,2023-10-26T11:00:00Z,media,animal,,,,,,,,,,,,,,,machine,Small_mammal_classification_model_version_2025,,,,
re_m_sn_3_2023-11-25_0002_1,re_m_sn_3,re_m_sn_3_2023-11-25_0002.JPG,time_lapse_212,2023-11-22T23:00:00Z,2023-11-26T11:00:00Z,media,animal,,Aves,,,,,,,,,,,,,machine,Small_mammal_classification_model_version_2025,,,,
re_m_sn_3_2024-01-28_0001_1,re_m_sn_3,re_m_sn_3_2024-01-28_0001.JPG,time_lapse_339,2024-01-25T11:00:00Z,2024-01-28T23:00:00Z,media,unknown,,,,,,,,,,,,,,,machine,Small_mammal_classification_model_version_2025,,,,
re_m_sn_3_2024-02-11_0001_1,re_m_sn_3,re_m_sn_3_2024-02-11_0001.JPG,time_lapse_367,2024-02-08T11:00:00Z,2024-02-11T23:00:00Z,media,animal,,Mustela erminea,,,,,,,,,,,,,machine,Small_mammal_classification_model_version_2025,,,,
re_m_sn_3_2024-02-17_0014_1,re_m_sn_3,re_m_sn_3_2024-02-17_0014.JPG,motion_sensor_38,2023-08-12T11:16:00Z,2024-08-15T10:16:04Z,media,animal,,Aves,,,,,,,,,,,,,machine,Small_mammal_classification_model_version_2025,,,,
re_m_sn_3_2024-02-28_0002_1,re_m_sn_3,re_m_sn_3_2024-02-28_0002.JPG,time_lapse_402,2024-02-25T23:00:00Z,2024-02-29T11:00:00Z,media,animal,,Sorex spp.,,,,,,,,,,,,,machine,Small_mammal_classification_model_version_2025,,,,
re_m_sn_3_2024-03-23_0001_1,re_m_sn_3,re_m_sn_3_2024-03-23_0001.JPG,time_lapse_449,2024-03-20T11:00:00Z,2024-03-23T23:00:00Z,media,animal,,Mustela nivalis,,,,,,,,,,,,,machine,Small_mammal_classification_model_version_2025,,,,
re_m_sn_3_2024-04-10_0002_1,re_m_sn_3,re_m_sn_3_2024-04-10_0002.JPG,time_lapse_486,2024-04-07T23:00:00Z,2024-04-11T11:00:00Z,media,animal,,Sorex spp.,,,,,,,,,,,,,machine,Small_mammal_classification_model_version_2025,,,,
re_m_sn_3_2024-04-11_0006_1,re_m_sn_3,re_m_sn_3_2024-04-11_0006.JPG,time_lapse_488,2024-04-08T23:00:00Z,2024-04-12T11:00:00Z,media,animal,,,,,,,,,,,,,,,machine,Small_mammal_classification_model_version_2025,,,,
re_m_sn_3_2024-04-12_0006_1,re_m_sn_3,re_m_sn_3_2024-04-12_0006.JPG,motion_sensor_75,2023-08-12T23:16:16Z,2024-08-15T02:09:53Z,media,animal,,Aves,,,,,,,,,,,,,machine,Small_mammal_classification_model_version_2025,,,,
re_m_sn_3_2024-04-14_0002_1,re_m_sn_3,re_m_sn_3_2024-04-14_0002.JPG,time_lapse_494,2024-04-11T23:00:00Z,2024-04-15T11:00:00Z,media,animal,,Mustela erminea,,,,,,,,,,,,,machine,Small_mammal_classification_model_version_2025,,,,
re_m_sn_3_2024-04-20_0005_1,re_m_sn_3,re_m_sn_3_2024-04-20_0005.JPG,motion_sensor_78,2023-08-13T01:48:29Z,2024-08-16T12:03:44Z,media,animal,,Aves,,,,,,,,,,,,,machine,Small_mammal_classification_model_version_2025,,,,
re_m_sn_3_2024-06-11_0014_1,re_m_sn_3,re_m_sn_3_2024-06-11_0014.JPG,motion_sensor_87,2023-08-13T04:50:46Z,2024-07-20T08:01:29Z,media,animal,,,,,,,,,,,,,,,machine,Small_mammal_classification_model_version_2025,,,,
re_m_sn_3_2024-06-11_0017_1,re_m_sn_3,re_m_sn_3_2024-06-11_0017.JPG,motion_sensor_88,2023-08-13T04:57:58Z,2024-07-21T20:45:53Z,media,animal,,Aves,,,,,,,,,,,,,machine,Small_mammal_classification_model_version_2025,,,,
re_m_sn_3_2024-06-15_0004_1,re_m_sn_3,re_m_sn_3_2024-06-15_0004.JPG,motion_sensor_113,2023-08-13T15:33:12Z,2024-07-26T04:42:30Z,media,blank,,,,,,,,,,,,,,,machine,Small_mammal_classification_model_version_2025,,,,
re_m_sn_3_2024-06-23_0007_1,re_m_sn_3,re_m_sn_3_2024-06-23_0007.JPG,motion_sensor_121,2023-08-13T17:28:06Z,2024-07-28T21:04:49Z,media,animal,,Cricetidae,,,,,,,,,,,,,machine,Small_mammal_classification_model_version_2025,,,,
re_m_sn_3_2024-08-16_0026_1,re_m_sn_3,re_m_sn_3_2024-08-16_0026.JPG,motion_sensor_173,2023-08-19T16:55:01Z,2024-08-16T08:16:52Z,media,blank,,,,,,,,,,,,,,,machine,Small_mammal_classification_model_version_2025,,,,
re_m_sn_4_2023-08-16_0005_1,re_m_sn_4,re_m_sn_4_2023-08-16_0005.JPG,motion_sensor_6,2023-08-10T17:57:06Z,2024-07-19T23:57:05Z,media,animal,,Aves,,,,,,,,,,,,,machine,Small_mammal_classification_model_version_2025,,,,
re_m_sn_4_2023-08-18_0025_1,re_m_sn_4,re_m_sn_4_2023-08-18_0025.JPG,motion_sensor_34,2023-08-12T05:57:49Z,2024-08-09T00:52:54Z,media,animal,,,,,,,,,,,,,,,machine,Small_mammal_classification_model_version_2025,,,,
re_m_sn_4_2023-08-19_0007_1,re_m_sn_4,re_m_sn_4_2023-08-19_0007.JPG,motion_sensor_38,2023-08-12T11:16:00Z,2024-08-15T10:16:04Z,media,animal,,Sorex spp.,,,,,,,,,,,,,machine,Small_mammal_classification_model_version_2025,,,,
re_m_sn_4_2023-08-22_0008_1,re_m_sn_4,re_m_sn_4_2023-08-22_0008.JPG,motion_sensor_66,2023-08-12T19:18:18Z,2024-08-13T10:24:22Z,media,animal,,Aves,,,,,,,,,,,,,machine,Small_mammal_classification_model_version_2025,,,,
re_m_sn_4_2023-09-09_0003_1,re_m_sn_4,re_m_sn_4_2023-09-09_0003.JPG,motion_sensor_124,2023-08-13T19:51:48Z,2024-07-30T05:17:46Z,media,animal,,Cricetidae,,,,,,,,,,,,,human,hb,,,,mustelid
re_m_sn_4_2023-09-14_0002_1,re_m_sn_4,re_m_sn_4_2023-09-14_0002.JPG,time_lapse_68,2023-09-11T23:00:00Z,2023-09-15T11:00:00Z,media,animal,,,,,,,,,,,,,,,machine,Small_mammal_classification_model_version_2025,,,,
re_m_sn_4_2023-10-01_0011_1,re_m_sn_4,re_m_sn_4_2023-10-01_0011.JPG,motion_sensor_147,2023-08-14T15:57:49Z,2024-08-01T00:37:13Z,media,animal,,Aves,,,,,,,,,,,,,machine,Small_mammal_classification_model_version_2025,,,,
re_m_sn_4_2023-10-20_0007_1,re_m_sn_4,re_m_sn_4_2023-10-20_0007.JPG,motion_sensor_178,2023-08-20T05:42:13Z,2024-08-16T18:11:02Z,media,animal,,Mustela nivalis,,,,,,,,,,,,,machine,Small_mammal_classification_model_version_2025,,,,
re_m_sn_4_2023-10-23_0005_1,re_m_sn_4,re_m_sn_4_2023-10-23_0005.JPG,time_lapse_145,2023-10-20T11:00:00Z,2023-10-23T23:00:00Z,media,animal,,Mustela erminea,,,,,,,,,,,,,machine,Small_mammal_classification_model_version_2025,,,,
re_m_sn_4_2023-11-08_0003_1,re_m_sn_4,re_m_sn_4_2023-11-08_0003.JPG,motion_sensor_220,2023-08-23T15:25:59Z,2024-08-06T00:00:46Z,media,animal,,Sorex spp.,,,,,,,,,,,,,machine,Small_mammal_classification_model_version_2025,,,,
re_m_sn_4_2023-11-11_0005_1,re_m_sn_4,re_m_sn_4_2023-11-11_0005.JPG,motion_sensor_234,2023-08-24T19:21:41Z,2024-08-12T00:07:15Z,media,animal,,Sorex spp.,,,,,,,,,,,,,machine,Small_mammal_classification_model_version_2025,,,,
re_m_sn_4_2023-11-12_0003_1,re_m_sn_4,re_m_sn_4_2023-11-12_0003.JPG,motion_sensor_242,2023-08-25T08:39:14Z,2024-08-13T00:53:20Z,media,animal,,Mustela nivalis,,,,,,,,,,,,,machine,Small_mammal_classification_model_version_2025,,,,
re_m_sn_4_2023-11-15_0010_1,re_m_sn_4,re_m_sn_4_2023-11-15_0010.JPG,motion_sensor_265,2023-08-26T20:42:58Z,2024-08-06T09:24:25Z,media,animal,,Mustela nivalis,,,,,,,,,,,,,machine,Small_mammal_classification_model_version_2025,,,,
re_m_sn_4_2023-12-18_0004_1,re_m_sn_4,re_m_sn_4_2023-12-18_0004.JPG,motion_sensor_293,2023-08-29T23:20:17Z,2024-08-13T18:44:16Z,media,animal,,Aves,,,,,,,,,,,,,human,efk,,,,confidence_below_09
re_m_sn_4_2023-12-24_0003_1,re_m_sn_4,re_m_sn_4_2023-12-24_0003.JPG,motion_sensor_297,2023-08-30T09:08:04Z,2024-08-13T19:01:52Z,media,animal,,Cricetidae,,,,,,,,,,,,,machine,Small_mammal_classification_model_version_2025,,0.999997973442078,,
re_m_sn_4_2024-01-03_0005_1,re_m_sn_4,re_m_sn_4_2024-01-03_0005.JPG,motion_sensor_310,2023-08-31T18:47:14Z,2024-08-04T14:19:46Z,media,animal,,,,,,,,,,,,,,,machine,Small_mammal_classification_model_version_2025,,,,
re_m_sn_4_2024-01-07_0003_1,re_m_sn_4,re_m_sn_4_2024-01-07_0003.JPG,motion_sensor_315,2023-09-01T08:40:02Z,2024-08-04T20:56:47Z,media,animal,,Lemmus lemmus,,,,,,,,,,,,,machine,Small_mammal_classification_model_version_2025,,,,
re_m_sn_4_2024-02-09_0001_1,re_m_sn_4,re_m_sn_4_2024-02-09_0001.JPG,time_lapse_363,2024-02-06T11:00:00Z,2024-02-09T23:00:00Z,media,animal,,Sorex spp.,,,,,,,,,,,,,machine,Small_mammal_classification_model_version_2025,,,,
re_m_sn_4_2024-03-08_0002_1,re_m_sn_4,re_m_sn_4_2024-03-08_0002.JPG,time_lapse_420,2024-03-05T23:00:00Z,2024-03-09T11:00:00Z,media,animal,,Cricetidae,,,,,,,,,,,,,machine,Small_mammal_classification_model_version_2025,,,,
re_m_sn_4_2024-04-09_0001_1,re_m_sn_4,re_m_sn_4_2024-04-09_0001.JPG,time_lapse_483,2024-04-06T11:00:00Z,2024-04-09T23:00:00Z,media,animal,,Cricetidae,,,,,,,,,,,,,machine,Small_mammal_classification_model_version_2025,,,,
re_m_sn_4_2024-04-13_0005_1,re_m_sn_4,re_m_sn_4_2024-04-13_0005.JPG,motion_sensor_393,2023-09-07T06:27:53Z,2024-08-09T23:41:19Z,media,animal,,Cricetidae,,,,,,,,,,,,,machine,Small_mammal_classification_model_version_2025,,,,
re_m_sn_4_2024-06-04_0005_1,re_m_sn_4,re_m_sn_4_2024-06-04_0005.JPG,motion_sensor_420,2023-09-08T20:52:10Z,2024-08-15T07:26:50Z,media,animal,,Aves,,,,,,,,,,,,,machine,Small_mammal_classification_model_version_2025,,,,
re_m_sn_4_2024-06-17_0009_1,re_m_sn_4,re_m_sn_4_2024-06-17_0009.JPG,motion_sensor_488,2023-09-12T19:06:26Z,2024-08-13T16:29:33Z,media,animal,,Lemmus lemmus,,,,,,,,,,,,,machine,Small_mammal_classification_model_version_2025,,1,,
re_m_sn_4_2024-06-21_0012_1,re_m_sn_4,re_m_sn_4_2024-06-21_0012.JPG,motion_sensor_524,2023-09-16T08:38:40Z,2024-08-16T06:24:41Z,media,animal,,Cricetidae,,,,,,,,,,,,,machine,Small_mammal_classification_model_version_2025,,0.999829292297363,,
re_m_sn_4_2024-06-21_0015_1,re_m_sn_4,re_m_sn_4_2024-06-21_0015.JPG,motion_sensor_525,2023-09-16T09:30:03Z,2024-08-16T06:26:33Z,media,animal,,Mustela erminea,,,,,,,,,,,,,machine,Small_mammal_classification_model_version_2025,,,,
re_m_sn_4_2024-06-23_0016_1,re_m_sn_4,re_m_sn_4_2024-06-23_0016.JPG,motion_sensor_551,2023-09-18T14:20:08Z,2024-08-13T13:15:04Z,media,animal,,Mustela nivalis,,,,,,,,,,,,,machine,Small_mammal_classification_model_version_2025,,,,
re_m_sn_4_2024-06-24_0018_1,re_m_sn_4,re_m_sn_4_2024-06-24_0018.JPG,time_lapse_636,2024-06-21T23:00:00Z,2024-06-25T11:00:00Z,media,animal,,Mustela erminea,,,,,,,,,,,,,machine,Small_mammal_classification_model_version_2025,,,,
re_m_sn_4_2024-06-25_0006_1,re_m_sn_4,re_m_sn_4_2024-06-25_0006.JPG,motion_sensor_576,2023-09-20T12:30:49Z,2024-08-13T23:43:02Z,media,animal,,Cricetidae,,,,,,,,,,,,,machine,Small_mammal_classification_model_version_2025,,,,
re_m_sn_4_2024-06-25_0017_1,re_m_sn_4,re_m_sn_4_2024-06-25_0017.JPG,motion_sensor_581,2023-09-20T15:02:51Z,2024-08-14T03:06:33Z,media,animal,,Sorex spp.,,,,,,,,,,,,,machine,Small_mammal_classification_model_version_2025,,,,
re_m_sn_4_2024-06-29_0001_1,re_m_sn_4,re_m_sn_4_2024-06-29_0001.JPG,time_lapse_645,2024-06-26T11:00:00Z,2024-06-29T23:00:00Z,media,animal,,Lemmus lemmus,,,,,,,,,,,,,machine,Small_mammal_classification_model_version_2025,,,,
re_m_sn_4_2024-06-29_0010_1,re_m_sn_4,re_m_sn_4_2024-06-29_0010.JPG,motion_sensor_649,2023-09-23T04:09:20Z,2024-07-27T17:35:43Z,media,animal,,Aves,,,,,,,,,,,,,machine,Small_mammal_classification_model_version_2025,,,,
re_m_sn_4_2024-06-30_0011_1,re_m_sn_4,re_m_sn_4_2024-06-30_0011.JPG,motion_sensor_662,2023-09-24T01:57:58Z,2024-07-28T02:37:24Z,media,unknown,,,,,,,,,,,,,,,machine,Small_mammal_classification_model_version_2025,,,,
re_m_sn_4_2024-07-01_0011_1,re_m_sn_4,re_m_sn_4_2024-07-01_0011.JPG,motion_sensor_681,2023-09-25T19:44:52Z,2024-07-28T13:26:46Z,media,animal,,Sorex spp.,,,,,,,,,,,,,machine,Small_mammal_classification_model_version_2025,,,,
re_m_sn_4_2024-07-01_0021_1,re_m_sn_4,re_m_sn_4_2024-07-01_0021.JPG,motion_sensor_686,2023-09-26T00:55:44Z,2024-07-28T15:48:45Z,media,animal,,Mustela erminea,,,,,,,,,,,,,machine,Small_mammal_classification_model_version_2025,,,,
re_m_sn_4_2024-07-04_0028_1,re_m_sn_4,re_m_sn_4_2024-07-04_0028.JPG,motion_sensor_789,2023-10-10T23:22:20Z,2024-08-07T00:35:27Z,media,animal,,Sorex spp.,,,,,,,,,,,,,machine,Small_mammal_classification_model_version_2025,,,,
re_m_sn_4_2024-07-04_0044_1,re_m_sn_4,re_m_sn_4_2024-07-04_0044.JPG,motion_sensor_797,2023-10-12T17:42:09Z,2024-08-07T09:29:50Z,media,animal,,,,,,,,,,,,,,,machine,Small_mammal_classification_model_version_2025,,,,
re_m_sn_4_2024-07-08_0012_1,re_m_sn_4,re_m_sn_4_2024-07-08_0012.JPG,motion_sensor_870,2023-10-22T03:16:35Z,2024-08-09T21:19:01Z,media,animal,,Lemmus lemmus,,,,,,,,,,,,,machine,Small_mammal_classification_model_version_2025,,0.999998927116394,,
re_m_sn_4_2024-07-09_0003_1,re_m_sn_4,re_m_sn_4_2024-07-09_0003.JPG,motion_sensor_899,2023-10-26T18:52:56Z,2024-08-10T16:39:06Z,media,animal,,Lemmus lemmus,,,,,,,,,,,,,human,efk,,0.505328834056854,,confidence_below_09
re_m_sn_4_2024-07-13_0006_1,re_m_sn_4,re_m_sn_4_2024-07-13_0006.JPG,motion_sensor_973,2023-11-06T06:54:21Z,2024-08-15T00:58:07Z,media,animal,,Mustela erminea,,,,,,,,,,,,,machine,Small_mammal_classification_model_version_2025,,,,
re_m_sn_4_2024-07-14_0015_1,re_m_sn_4,re_m_sn_4_2024-07-14_0015.JPG,motion_sensor_988,2023-11-08T05:28:04Z,2024-08-15T14:45:50Z,media,animal,,Mustela nivalis,,,,,,,,,,,,,machine,Small_mammal_classification_model_version_2025,,,,
re_m_sn_4_2024-07-17_0023_1,re_m_sn_4,re_m_sn_4_2024-07-17_0023.JPG,motion_sensor_1032,2023-11-18T17:57:33Z,2024-08-11T02:07:07Z,media,animal,,Mustela nivalis,,,,,,,,,,,,,machine,Small_mammal_classification_model_version_2025,,,,
re_m_sn_4_2024-07-18_0002_1,re_m_sn_4,re_m_sn_4_2024-07-18_0002.JPG,motion_sensor_1037,2023-11-19T10:17:13Z,2024-08-11T08:50:44Z,media,animal,,Lemmus lemmus,,,,,,,,,,,,,machine,Small_mammal_classification_model_version_2025,,,,
re_m_sn_4_2024-07-20_0032_1,re_m_sn_4,re_m_sn_4_2024-07-20_0032.JPG,motion_sensor_1080,2023-11-27T10:17:48Z,2024-08-14T13:44:22Z,media,animal,,Mustela erminea,,,,,,,,,,,,,machine,Small_mammal_classification_model_version_2025,,,,
re_m_sn_4_2024-07-21_0051_1,re_m_sn_4,re_m_sn_4_2024-07-21_0051.JPG,motion_sensor_1108,2023-12-02T10:09:06Z,2024-08-14T17:11:43Z,media,animal,,,,,,,,,,,,,,,machine,Small_mammal_classification_model_version_2025,,,,
re_m_sn_4_2024-08-09_0013_1,re_m_sn_4,re_m_sn_4_2024-08-09_0013.JPG,motion_sensor_1223,2023-12-20T08:11:35Z,2024-08-09T15:02:51Z,media,animal,,Sorex spp.,,,,,,,,,,,,,machine,Small_mammal_classification_model_version_2025,,,,
re_m_sn_4_2024-08-13_0012_1,re_m_sn_4,re_m_sn_4_2024-08-13_0012.JPG,motion_sensor_1248,2023-12-23T16:50:47Z,2024-08-13T01:00:00Z,media,animal,,Aves,,,,,,,,,,,,,machine,Small_mammal_classification_model_version_2025,,,,
re_m_sn_4_2024-08-14_0002_1,re_m_sn_4,re_m_sn_4_2024-08-14_0002.JPG,motion_sensor_1255,2023-12-25T10:03:26Z,2024-08-13T23:57:01Z,media,animal,,,,,,,,,,,,,,,machine,Small_mammal_classification_model_version_2025,,,,
re_m_sn_5_2023-08-27_0001_1,re_m_sn_5,re_m_sn_5_2023-08-27_0001.JPG,time_lapse_31,2023-08-24T11:00:00Z,2023-08-27T23:00:00Z,media,animal,,Sorex spp.,,,,,,,,,,,,,machine,Small_mammal_classification_model_version_2025,,,,
re_m_sn_5_2023-09-01_0001_1,re_m_sn_5,re_m_sn_5_2023-09-01_0001.JPG,time_lapse_41,2023-08-29T11:00:00Z,2023-09-01T23:00:00Z,media,animal,,Lemmus lemmus,,,,,,,,,,,,,machine,Small_mammal_classification_model_version_2025,,,,
re_m_sn_5_2023-09-28_0001_1,re_m_sn_5,re_m_sn_5_2023-09-28_0001.JPG,time_lapse_95,2023-09-25T11:00:00Z,2023-09-28T23:00:00Z,media,animal,,Mustela nivalis,,,,,,,,,,,,,machine,Small_mammal_classification_model_version_2025,,,,
re_m_sn_5_2023-11-21_0001_1,re_m_sn_5,re_m_sn_5_2023-11-21_0001.JPG,time_lapse_203,2023-11-18T11:00:00Z,2023-11-21T23:00:00Z,media,unknown,,,,,,,,,,,,,,,machine,Small_mammal_classification_model_version_2025,,,,
re_m_sn_5_2024-01-04_0001_1,re_m_sn_5,re_m_sn_5_2024-01-04_0001.JPG,time_lapse_291,2024-01-01T11:00:00Z,2024-01-04T23:00:00Z,media,animal,,Aves,,,,,,,,,,,,,machine,Small_mammal_classification_model_version_2025,,,,
re_m_sn_5_2024-03-12_0001_1,re_m_sn_5,re_m_sn_5_2024-03-12_0001.JPG,motion_sensor_119,2023-08-13T16:07:25Z,2024-07-27T20:25:58Z,media,animal,,Sorex spp.,,,,,,,,,,,,,machine,Small_mammal_classification_model_version_2025,,,,
re_m_sn_5_2024-03-12_0002_1,re_m_sn_5,re_m_sn_5_2024-03-12_0002.JPG,motion_sensor_119,2023-08-13T16:07:25Z,2024-07-27T20:25:58Z,media,animal,,,,,,,,,,,,,,,human,hb,,,,quality_check_confidence_level
re_m_sn_5_2024-03-14_0005_1,re_m_sn_5,re_m_sn_5_2024-03-14_0005.JPG,motion_sensor_121,2023-08-13T17:28:06Z,2024-07-28T21:04:49Z,media,animal,,Sorex spp.,,,,,,,,,,,,,machine,Small_mammal_classification_model_version_2025,,,,
re_m_sn_5_2024-04-07_0006_1,re_m_sn_5,re_m_sn_5_2024-04-07_0006.JPG,motion_sensor_145,2023-08-14T13:55:40Z,2024-08-01T00:17:07Z,media,animal,,Lemmus lemmus,,,,,,,,,,,,,machine,Small_mammal_classification_model_version_2025,,,,
re_m_sn_5_2024-05-09_0007_1,re_m_sn_5,re_m_sn_5_2024-05-09_0007.JPG,motion_sensor_171,2023-08-19T11:00:01Z,2024-08-16T04:56:19Z,media,animal,,Mustela erminea,,,,,,,,,,,,,machine,Small_mammal_classification_model_version_2025,,,,
re_m_sn_5_2024-06-14_0004_1,re_m_sn_5,re_m_sn_5_2024-06-14_0004.JPG,motion_sensor_225,2023-08-24T02:36:09Z,2024-08-10T05:23:08Z,media,animal,,Aves,,,,,,,,,,,,,machine,Small_mammal_classification_model_version_2025,,,,
re_m_sn_5_2024-06-17_0004_1,re_m_sn_5,re_m_sn_5_2024-06-17_0004.JPG,time_lapse_622,2024-06-14T23:00:00Z,2024-06-18T11:00:00Z,media,blank,,,,,,,,,,,,,,,machine,Small_mammal_classification_model_version_2025,,0.999995946884155,,
re_m_sn_5_2024-06-20_0001_1,re_m_sn_5,re_m_sn_5_2024-06-20_0001.JPG,time_lapse_627,2024-06-17T11:00:00Z,2024-06-20T23:00:00Z,media,animal,,,,,,,,,,,,,,,machine,Small_mammal_classification_model_version_2025,,,,
re_m_sn_5_2024-06-23_0004_1,re_m_sn_5,re_m_sn_5_2024-06-23_0004.JPG,motion_sensor_234,2023-08-24T19:21:41Z,2024-08-12T00:07:15Z,media,animal,,,,,,,,,,,,,,,machine,Small_mammal_classification_model_version_2025,,,,
re_m_sn_5_2024-06-29_0032_1,re_m_sn_5,re_m_sn_5_2024-06-29_0032.JPG,motion_sensor_264,2023-08-26T19:37:50Z,2024-08-06T09:16:45Z,media,animal,,Aves,,,,,,,,,,,,,machine,Small_mammal_classification_model_version_2025,,,,
re_m_sn_5_2024-06-30_0059_1,re_m_sn_5,re_m_sn_5_2024-06-30_0059.JPG,motion_sensor_294,2023-08-30T01:23:22Z,2024-08-13T18:45:17Z,media,animal,,Aves,,,,,,,,,,,,,machine,Small_mammal_classification_model_version_2025,,,,
re_m_sn_5_2024-07-01_0003_1,re_m_sn_5,re_m_sn_5_2024-07-01_0003.JPG,motion_sensor_296,2023-08-30T08:36:46Z,2024-08-13T19:00:51Z,media,blank,,,,,,,,,,,,,,,machine,Small_mammal_classification_model_version_2025,,,,
re_m_sn_5_2024-07-01_0072_1,re_m_sn_5,re_m_sn_5_2024-07-01_0072.JPG,motion_sensor_329,2023-09-03T15:13:00Z,2024-08-05T09:01:44Z,media,animal,,Mustela erminea,,,,,,,,,,,,,machine,Small_mammal_classification_model_version_2025,,,,
re_m_sn_5_2024-07-20_0001_1,re_m_sn_5,re_m_sn_5_2024-07-20_0001.JPG,time_lapse_687,2024-07-17T11:00:00Z,2024-07-20T23:00:00Z,media,unknown,,,,,,,,,,,,,,,machine,Small_mammal_classification_model_version_2025,,,,
re_m_sn_5_2024-07-21_0002_1,re_m_sn_5,re_m_sn_5_2024-07-21_0002.JPG,time_lapse_690,2024-07-18T23:00:00Z,2024-07-22T11:00:00Z,media,animal,,,,,,,,,,,,,,,machine,Small_mammal_classification_model_version_2025,,,,
re_m_sn_5_2024-08-15_0016_1,re_m_sn_5,re_m_sn_5_2024-08-15_0016.JPG,time_lapse_740,2024-08-12T23:00:00Z,2024-08-16T11:00:00Z,media,unknown,,,,,,,,,,,,,,,machine,Small_mammal_classification_model_version_2025,,,,
re_m_sn_6_2023-09-15_0002_1,re_m_sn_6,re_m_sn_6_2023-09-15_0002.JPG,time_lapse_68,2023-09-11T23:00:00Z,2023-09-15T11:00:00Z,media,animal,,Cricetidae,,,,,,,,,,,,,machine,Small_mammal_classification_model_version_2025,,,,
re_m_sn_6_2023-10-18_0002_1,re_m_sn_6,re_m_sn_6_2023-10-18_0002.JPG,time_lapse_134,2023-10-14T23:00:00Z,2023-10-18T11:00:00Z,media,animal,,Sorex spp.,,,,,,,,,,,,,machine,Small_mammal_classification_model_version_2025,,,,
re_m_sn_6_2023-11-15_0001_1,re_m_sn_6,re_m_sn_6_2023-11-15_0001.JPG,time_lapse_189,2023-11-11T11:00:00Z,2023-11-14T23:00:00Z,media,blank,,,,,,,,,,,,,,,machine,Small_mammal_classification_model_version_2025,,0.999999761581421,,
re_m_sn_6_2023-11-17_0002_1,re_m_sn_6,re_m_sn_6_2023-11-17_0002.JPG,time_lapse_194,2023-11-13T23:00:00Z,2023-11-17T11:00:00Z,media,unknown,,,,,,,,,,,,,,,machine,Small_mammal_classification_model_version_2025,,,,
re_m_sn_6_2024-03-04_0001_1,re_m_sn_6,re_m_sn_6_2024-03-04_0001.JPG,time_lapse_409,2024-02-29T11:00:00Z,2024-03-03T23:00:00Z,media,animal,,Aves,,,,,,,,,,,,,machine,Small_mammal_classification_model_version_2025,,,,
re_m_sn_6_2024-03-23_0001_1,re_m_sn_6,re_m_sn_6_2024-03-23_0001.JPG,time_lapse_447,2024-03-19T11:00:00Z,2024-03-22T23:00:00Z,media,animal,,,,,,,,,,,,,,,machine,Small_mammal_classification_model_version_2025,,,,
re_m_sn_6_2024-06-24_0001_1,re_m_sn_6,re_m_sn_6_2024-06-24_0001.JPG,time_lapse_633,2024-06-20T11:00:00Z,2024-06-23T23:00:00Z,media,animal,,Cricetidae,,,,,,,,,,,,,machine,Small_mammal_classification_model_version_2025,,,,
re_m_sn_6_2024-07-14_0001_1,re_m_sn_6,re_m_sn_6_2024-07-14_0001.JPG,time_lapse_673,2024-07-10T11:00:00Z,2024-07-13T23:00:00Z,media,animal,,Mustela erminea,,,,,,,,,,,,,machine,Small_mammal_classification_model_version_2025,,,,
re_m_sn_6_2024-07-22_0006_1,re_m_sn_6,re_m_sn_6_2024-07-22_0006.JPG,motion_sensor_10,2023-08-10T18:04:42Z,2024-07-26T08:27:07Z,media,animal,,Aves,,,,,,,,,,,,,machine,Small_mammal_classification_model_version_2025,,,,
